Order_ID,Order_Date,Customer_ID,Customer_Name,Product_ID,Product_Name,Category,Sub_Category,Region,State,City,Sales,Quantity,Discount,Cost,Profit,Payment_Method
ORD0006080,2025-02-07,CUST00705,Aarav Iyer,PROD0008,Laptop Item 8,Electronics,Laptops,East,Odisha,Cuttack,235873.8,5,0.2,232409.35,3464.45,Credit Card
ORD0004772,2025-02-03,CUST00768,Nikhil Sharma,PROD0018,Camera Item 18,Electronics,Cameras,South,Tamil Nadu,Coimbatore,149384.48,4,0.2,112356.44,37028.04,Credit Card
ORD0004588,2025-02-12,CUST00065,Pooja Das,PROD0036,Sofa Item 36,Furniture,Sofas,East,Bihar,Patna,66212.37,7,0.0,36914.29,29298.08,UPI
ORD0006097,2025-02-12,CUST00118,Priya Mehta,PROD0062,Beverage Item 62,Grocery,Beverages,South,Telangana,Warangal,2381.16,2,0.0,1625.98,755.18,UPI
ORD0005251,2025-02-21,CUST00289,Sneha Singh,PROD0045,Women's Wear Item 45,Clothing,Women's Wear,West,Rajasthan,Udaipur,8461.21,6,0.1,7038.0,1423.21,Cash on Delivery
ORD0006486,2025-02-19,CUST00480,Pallavi Reddy,PROD0037,Storage Unit Item 37,Furniture,Storage Units,West,Rajasthan,Udaipur,20689.85,5,0.15,18966.8,1723.05,Credit Card
ORD0005121,2025-02-24,CUST00445,Aarav Iyer,PROD0086,Binder Item 86,Office Supplies,Binders,North,Haryana,Faridabad,8421.01,2,0.2,7395.3,1025.71,Credit Card
ORD0004546,2025-02-17,CUST00193,Aarav Verma,PROD0016,Headphone Item 16,Electronics,Headphones,East,West Bengal,Howrah,45163.01,3,0.2,36289.23,8873.78,Net Banking
ORD0006630,2025-02-25,CUST00178,Pallavi Malhotra,PROD0030,Bookcase Item 30,Furniture,Bookcases,North,Haryana,Faridabad,79104.56,5,0.1,59982.05,19122.51,Debit Card
ORD0004787,2025-02-28,CUST00389,Neha Verma,PROD0067,Snack Item 67,Grocery,Snacks,North,Haryana,Faridabad,1524.65,3,0.2,1480.38,44.27,Credit Card
ORD0006386,2025-02-26,CUST00652,Aryan Rao,PROD0056,Footwear Item 56,Clothing,Footwear,South,Tamil Nadu,Chennai,2330.55,1,0.15,1919.07,411.48,Debit Card
ORD0005940,2025-02-12,CUST00830,Divya Iyer,PROD0044,Men's Wear Item 44,Clothing,Men's Wear,West,Maharashtra,Mumbai,7424.87,5,0.05,4396.5,3028.37,Credit Card
ORD0005888,2025-02-12,CUST00829,Divya Chatterjee,PROD0074,Staple Item 74,grocery,Staples,West,Maharashtra,Pune,1387.4,5,0.0,1032.95,354.45,UPI
ORD0005778,2025-02-11,CUST00781,Saanvi Iyer,PROD0029,Bookcase Item 29,Furniture,Bookcases,West,Maharashtra,Nagpur,109542.68,5,0.2,93031.25,16511.43,UPI
ORD0006233,2025-02-08,CUST00200,Saanvi Iyer,PROD0050,Kids Wear Item 50,Clothing,Kids Wear,West,Rajasthan,Jaipur,194135.77,3,0.15,7397.04,2740.38,UPI
ORD0005916,02-15-2025,CUST00380,Diya Mehta,PROD0063,Beverage Item 63,Grocery,Beverages,West,Gujarat,Surat,1294.4,2,0.2,1012.26,282.14,UPI
ORD0005451,2025-02-25,CUST00214,Divya Joshi,PROD0098,Appliance Item 98,Office Supplies,Appliances,West,Rajasthan,Jaipur,3557.17,1,0.0,2321.04,1236.13,UPI
ORD0004345,2025-02-09,CUST00075,Nikhil Sharma,PROD0055,Footwear Item 55,Clothing,Footwear,West,Maharashtra,Pune,5973.74,2,0.0,3974.18,1999.56,Net Banking
ORD0006484,2025-02-26,CUST00736,Amit Mehta,PROD0024,Chair Item 24,Furniture,Chairs,North,Delhi,Dwarka,125451.95,5,0.0,95698.95,29753.0,UPI
ORD0006143,2025-02-23,CUST00697,Pallavi Mehta,PROD0011,Television Item 11,Electronics,Televisions,North,Delhi,Rohini,32279.44,6,0.25,32772.24,-492.8,Net Banking
ORD0005452,2025-02-26,CUST00338,Karan Mehta,PROD0067,Snack Item 67,Grocery,Snacks,North,Punjab,Ludhiana,2541.08,4,0.0,1973.84,567.24,UPI
ORD0006103,2025-02-14,CUST00532,Ishaan Mehta,PROD0076,Staple Item 76,Grocery,Staples,East,West Bengal,Kolkata,4090.15,5,0.0,2381.85,1708.3,Debit Card
ORD0006787,2025-02-17,CUST00469,Ishaan Patel,PROD0018,Camera Item 18,Electronics ,Cameras,West,Maharashtra,Nagpur,198401.26,5,0.15,140445.55,57955.71,UPI
ORD0003923,2025-02-24,CUST00645,Diya Kumar,PROD0025,Table Item 25,Furniture,Tables,West,Maharashtra,Pune,138197.12,6,0.25,116975.64,21221.48,Net Banking
ORD0005769,2025-02-23,CUST00002,Riya Khan,PROD0091,Art Supplie Item 91,OfficeSupplies,Art Supplies,West,Maharashtra,Mumbai,2927.54,2,0.05,2398.02,529.52,UPI
ORD0003969,2025-02-07,CUST00376,Rajesh Patel,PROD0078,Personal Care Item 78,GROCERY,Personal Care,South,Telangana,Hyderabad,2632.35,7,0.0,1891.82,740.53,UPI
ORD0006084,2025-02-19,CUST00745,Diya Singh,PROD0054,Footwear Item 54,Clothing,Footwear,East,West Bengal,Kolkata,7050.62,2,0.05,4674.1,2376.52,Credit Card
ORD0006234,2025-02-18,CUST00667,Neha Joshi,PROD0077,Personal Care Item 77,Grocery,Personal Care,East,Bihar,Patna,1465.72,4,0.0,856.96,608.76,UPI
ORD0005558,2025-02-04,CUST00355,Priya Khan,PROD0065,Snack Item 65,Grocery,Snacks,North,Delhi,New Delhi,3597.16,5,0.2,2926.2,1957.97,Debit Card
ORD0004727,2025-02-27,CUST00281,Vikram Sharma,PROD0048,Women's Wear Item 48,Clothing,Women's Wear,West,Gujarat,Surat,26026.0,7,0.0,17164.07,8861.93,UPI
ORD0006467,2025-02-09,CUST00204,Rahul Patel,PROD0061,Beverage Item 61,Grocery,Beverages,West,Gujarat,Surat,5650.89,7,0.25,5555.97,94.92,Credit Card
ORD0005079,2025-02-15,CUST00454,Neha Patel,PROD0095,Storage Item 95,Office Supplies,Storage,South,Tamil Nadu,Coimbatore,14971.51,6,0.15,11697.36,3274.15,Debit Card
ORD0006535,2025-02-17,CUST00158,Rohan Das,PROD0013,Headphone Item 13,Electronics,Headphones,North,Delhi,Dwarka,18990.21,2,0.15,13702.3,5287.91,UPI
ORD0005075,2025-02-26,CUST00513,Nikhil Sharma,PROD0090,Art Supplie Item 90,Office Supplies,Art Supplies,South,Tamil Nadu,Chennai,22788.44,7,0.15,16984.87,5803.57,Credit Card
ORD0004155,2025-02-10,CUST00723,Ishaan Sharma,PROD0084,Paper Item 84,Office Supplies,Paper,North,Punjab,Ludhiana,2458.09,1,0.0,1773.16,684.93,UPI
ORD0004822,2025-02-26,CUST00581,Pooja Khan,PROD0023,Chair Item 23,Furniture,Chairs,West,Maharashtra,Nagpur,97111.14,6,0.0,59365.5,37745.64,Net Banking
ORD0006285,2025-02-12,CUST00428,Saanvi Chatterjee,PROD0070,Dairy Item 70,Grocery,Dairy,South,Telangana,Hyderabad,1501.36,3,0.1,969.96,531.4,Credit Card
ORD0006492,2025-02-05,CUST00631,Rohan Rao,PROD0010,Television Item 10,Electronics,Televisions,South,Karnataka,Bengaluru,82072.98,5,0.15,66452.5,15620.48,UPI
ORD0006718,02-27-2025,CUST00848,Ishaan Das,PROD0051,Kids Wear Item 51,Clothing,Kids Wear,North,Haryana,Gurugram,3177.78,6,0.0,2111.82,1065.96,UPI
ORD0006779,2025-02-08,CUST00308,Aryan Das,PROD0046,Women's Wear Item 46,Clothing,Women's Wear,West,Gujarat,Surat,2604.02,1,0.0,1921.01,683.01,Credit Card
ORD0006090,2025-02-25,CUST00815,Kavya Patel,PROD0057,Accessorie Item 57,Clothing,Accessories,West,Maharashtra,Nagpur,10246.5,5,0.0,8069.3,2177.2,Credit Card
ORD0006377,2025-02-23,CUST00406,Vivaan Rao,PROD0099,Appliance Item 99,OFFICE SUPPLIES,Appliances,South,Karnataka,Mysuru,4173.75,4,0.25,4196.08,-22.33,Net Banking
ORD0005278,2025-02-13,CUST00814,Pooja Kumar,PROD0069,Dairy Item 69,Grocery ,Dairy,East,Bihar,Patna,1774.88,4,0.0,1157.28,617.6,UPI
ORD0006542,2025-02-02,CUST00654,Rohan Gupta,PROD0024,Chair Item 24,Furniture,Chairs,West,Gujarat,Ahmedabad,25090.39,1,0.0,19139.79,5950.6,Credit Card
ORD0006483,2025-02-07,CUST00849,Priya Patel,PROD0009,Television Item 9,electronics,Televisions,North,Delhi,Rohini,15394.32,3,0.1,9996.87,5397.45,Debit Card
ORD0006122,2025-02-12,CUST00607,Rahul Chatterjee,PROD0051,Kids Wear Item 51,Clothing,Kids Wear,West,Gujarat,Ahmedabad,2515.74,5,0.05,1759.85,755.89,Debit Card
ORD0004826,2025-02-15,CUST00610,Nikhil Khan,PROD0072,Dairy Item 72,Grocery,Dairy,South,Telangana,Hyderabad,2411.55,3,0.0,1726.02,685.53,Credit Card
ORD0005586,2025-02-12,CUST00082,Neha Reddy,PROD0081,Paper Item 81,Office Supplies,Paper,North,Delhi,Rohini,40055.68,7,0.0,28139.72,11915.96,Debit Card
ORD0004799,2025-02-20,CUST00782,Rohan Rao,PROD0067,Snack Item 67,Groceries,Snacks,East,Bihar,Gaya,635.27,1,0.0,493.46,141.81,Cash on Delivery
ORD0004556,2025-02-23,CUST00310,Vivaan Patel,PROD0089,Art Supplie Item 89,Office Supplies,Art Supplies,East,West Bengal,Kolkata,23189.88,7,0.0,15594.18,7595.7,UPI
ORD0006392,2025-02-01,CUST00785,Sneha Malhotra,PROD0044,Men's Wear Item 44,Clothing,Men's Wear,East,West Bengal,Kolkata,7034.09,6,0.25,5275.8,1758.29,Net Banking
ORD0004985,2025-02-27,CUST00549,Divya Joshi,PROD0061,Beverage Item 61,grocery,Beverages,East,Bihar,Patna,1722.18,2,0.2,1587.42,134.76,UPI
ORD0005585,2025-02-10,CUST00698,Meera Kumar,PROD0031,Bookcase Item 31,Furniture,Bookcases,North,Punjab,Ludhiana,68942.27,4,0.1,50453.56,18488.71,Credit Card
ORD0005877,2025-02-02,CUST00214,Divya Joshi,PROD0069,Dairy Item 69,GROCERY,Dairy,North,Punjab,Ludhiana,2107.67,5,,1446.6,661.07,UPI
ORD0006786,2025-02-22,CUST00329,Manish Das,PROD0027,Table Item 27,FURNITURE,Tables,South,Tamil Nadu,Coimbatore,45860.2,5,0.0,27071.9,18788.3,Debit Card
ORD0006177,2025-02-17,CUST00439,Vikram Mehta,PROD0093,Storage Item 93,Office Supplies,Storage,North,Punjab,Amritsar,23485.64,4,0.0,17291.24,6194.4,Cash on Delivery
ORD0006534,2025-02-10,CUST00752,Meera Nair,PROD0042,Men's Wear Item 42,Clothing,Men's Wear,South,Tamil Nadu,Coimbatore,8675.31,3,0.05,6092.73,2582.58,Credit Card
ORD0006576,2025-02-24,CUST00738,Pallavi Iyer,PROD0030,Bookcase Item 30,Furniture,Bookcases,South,Telangana,Warangal,70315.16,4,,47985.64,22329.52,Debit Card
ORD0004180,2025-02-06,CUST00547,Divya Reddy,PROD0064,Beverage Item 64,Grocery,Beverages,West,Rajasthan,Jaipur,3419.01,3,0.0,2193.57,1225.44,UPI
ORD0006217,2025-02-20,CUST00777,Sanya Kumar,PROD0061,Beverage Item 61,Grocery,Beverages,South,Tamil Nadu,Coimbatore,3444.35,4,0.2,3174.84,269.51,UPI
ORD0004174,02-17-2025,CUST00088,Aryan Khan,PROD0100,Appliance Item 100,Office Supplies,Appliances,West,Maharashtra,Nagpur,15532.08,3,0.0,9193.83,6338.25,Cash on Delivery
ORD0006656,2025-02-02,CUST00409,Vivaan Verma,PROD0026,Table Item 26,Furniture,Tables,West,Rajasthan,Udaipur,56865.24,3,0.0,34807.29,22057.95,UPI
ORD0004609,2025-02-25,CUST00337,Riya Verma,PROD0061,Beverage Item 61,Grocery,Beverages,West,Maharashtra,Mumbai,1937.45,2,0.1,1587.42,350.03,Debit Card
ORD0004330,2025-02-17,CUST00619,Aarav Verma,PROD0008,Laptop Item 8,Electronics,Laptops,West,Rajasthan,Jaipur,353810.7,6,0.0,278891.22,74919.48,Credit Card
ORD0003830,2025-02-02,CUST00776,Saanvi Chatterjee,PROD0031,Bookcase Item 31,Furniture,Bookcases,West,Maharashtra,Mumbai,120648.97,7,0.1,88293.73,32355.24,Debit Card
ORD0006081,2025-02-17,CUST00875,Nikhil Mehta,PROD0079,Personal Care Item 79,Grocery,Personal Care,North,Haryana,Gurugram,3290.64,3,,1976.46,1314.18,UPI
ORD0005847,2025-02-04,CUST00050,Riya Patel,PROD0070,Dairy Item 70,Grocery,Dairy,West,Rajasthan,Udaipur,1334.54,3,0.2,969.96,364.58,Debit Card
ORD0004434,02-08-2025,CUST00500,Rajesh Singh,PROD0031,Bookcase Item 31,Furniture,Bookcases,South,Tamil Nadu,Chennai,30641.01,2,0.2,25226.78,5414.23,UPI
ORD0004621,2025-02-03,CUST00477,Karan Reddy,PROD0090,Art Supplie Item 90,Office Supplies,Art Supplies,East,Bihar,Gaya,3829.99,1,0.0,2426.41,1403.58,Debit Card
ORD0005563,2025-02-28,CUST00441,Aditi Chatterjee,PROD0044,Men's Wear Item 44,Clothing,Men's Wear,North,Punjab,Amritsar,7034.09,5,0.1,4396.5,2637.59,UPI
ORD0006303,2025-02-10,CUST00514,Aditi Iyer,PROD0092,Art Supplie Item 92,Office Supplies,Art Supplies,West,Rajasthan,Jaipur,34970.42,7,0.1,29562.82,5407.6,Cash on Delivery
ORD0006517,2025-02-02,CUST00603,Riya Rao,PROD0049,Kids Wear Item 49,Clothing,Kids Wear,North,Delhi,New Delhi,15986.1,6,0.0,8801.58,7184.52,Debit Card
ORD0003933,2025-02-11,CUST00231,Tanvi Patel,PROD0021,Chair Item 21,Furniture,Chairs,East,Bihar,Gaya,31511.23,five,0.2,29999.48,1511.75,Cash on Delivery
ORD0004043,17-Feb-2025,CUST00537,Manish Singh,PROD0092,Art Supplie Item 92,Office Supplies,Art Supplies,West,Maharashtra,Pune,9991.55,2,0.1,8446.52,1545.03,Net Banking
ORD0005204,2025-02-05,CUST00078,Rahul Das,PROD0094,Storage Item 94,Office Supplies,Storage,South,Telangana,Hyderabad,3689.23,1,0.2,3415.53,273.7,Cash on Delivery
ORD0005829,2025-02-28,CUST00469,Ishaan Patel,PROD0054,Footwear Item 54,Clothing,Footwear,East,Odisha,Bhubaneswar,19481.96,-7,0.25,16359.35,3122.61,UPI
ORD0006627,2025-02-17,CUST00172,Karan Singh,PROD0099,Appliance Item 99,Office Supplies,Appliances,South,Telangana,Warangal,5565.0,4,0.0,4196.08,1368.92,UPI
ORD0003737,2025-02-02,CUST00373,Shreya Nair,PROD0067,Snack Item 67,Grocery,Snacks,South,Telangana,Hyderabad,2699.9,5,0.15,2467.3,232.6,UPI
ORD0006052,2025-02-04,CUST00278,Pallavi Singh,PROD0069,Dairy Item 69,Grocery,Dairy,West,Gujarat,Surat,2950.74,7,0.05,2025.24,925.5,Debit Card
ORD0004538,2025-02-09,CUST00122,Aditi Das,PROD0023,Chair Item 23,Furniture,Chairs,South,Tamil Nadu,Chennai,82544.47,6,0.15,59365.5,23178.97,Credit Card
ORD0006291,2025-02-25,CUST00117,Aarav Joshi,PROD0004,Mobile Phone Item 4,Electronics,Mobile Phones,North,Delhi,Rohini,181398.42,7,0.15,123281.13,58117.29,Credit Card
ORD0006564,2025-02-11,CUST00600,Nikhil Kumar,PROD0060,Accessorie Item 60,Clothing,Accessories,South,Tamil Nadu,Coimbatore,1683.52,5,0.25,1486.9,196.62,Net Banking
ORD0004700,2025-02-07,CUST00423,Aarav Sharma,PROD0015,Headphone Item 15,Electronics,Headphones,North,Delhi,Rohini,96328.79,3,0.1,78538.2,17790.59,Cash on Delivery
ORD0004674,2025-02-03,CUST00271,Tanvi Sharma,PROD0002,Mobile Phone Item 2,Electronics,Mobile Phones,North,Delhi,Rohini,19884.62,6,0.2,16662.66,3221.96,Debit Card
ORD0004185,2025-02-26,CUST00512,Amit Chatterjee,PROD0062,Beverage Item 62,Grocery,Beverages,South,Karnataka,Mysuru,6071.96,6,0.15,4877.94,1194.02,UPI
ORD0006431,2025-02-06,CUST00619,Aarav Verma,PROD0017,Camera Item 17,Electronics,Cameras,South,Karnataka,Bengaluru,50368.04,2,0.0,37272.54,13095.5,Credit Card
ORD0005403,2025-02-27,CUST00575,Aryan Chatterjee,PROD0019,Camera Item 19,Electronics,Cameras,South,Tamil Nadu,Coimbatore,45264.02,1,0.2,32825.68,12438.34,Debit Card
ORD0005960,2025-02-09,CUST00426,Pallavi Joshi,PROD0088,Binder Item 88,Office Supplies,Binders,North,Punjab,Ludhiana,20554.04,4,0.0,12960.44,7593.6,UPI
ORD0005349,2025-02-02,CUST00608,Aditi Verma,PROD0010,Television Item 10,Electronics,Televisions,North,Punjab,Ludhiana,52140.48,3,0.1,39871.5,12268.98,Credit Card
ORD0005099,02-08-2025,CUST00219,Pooja Rao,PROD0011,Television Item 11,Electronics,Televisions,North,Haryana,Gurugram,20443.65,3,0.05,16386.12,4057.53,Debit Card
ORD0006041,14-Feb-2025,CUST00516,Priya Patel,PROD0012,Television Item 12,electronics,Televisions,North,Delhi,New Delhi,75160.48,2,0.0,51529.36,23631.12,Cash on Delivery
ORD0005538,2025-02-12,CUST00060,Rohan Verma,PROD0084,Paper Item 84,Office Supplies,Paper,West,Gujarat,Surat,4916.18,2,0.0,3546.32,1369.86,Credit Card
ORD0004784,02-17-2025,CUST00262,Kabir Chatterjee,PROD0100,Appliance Item 100,Office Supplies,Appliances,South,Karnataka,Mysuru,14755.48,3,0.05,9193.83,5561.65,Cash on Delivery
ORD0005330,2025-02-23,CUST00276,Nikhil Reddy,PROD0020,Camera Item 20,Electronics,Cameras,South,Tamil Nadu,Coimbatore,153680.95,3,0.05,93033.42,60647.53,Debit Card
ORD0006301,2025-02-07,CUST00413,Karan Verma,PROD0001,Mobile Phone Item 1,Electronics,Mobile Phones,North,Haryana,Faridabad,65030.33,3,0.25,53312.73,11717.6,Credit Card
ORD0006689,2025-02-18,CUST00747,Aarav Nair,PROD0093,Storage Item 93,Office Supplies,Storage,East,West Bengal,Kolkata,11155.68,2,0.05,8645.62,2510.06,Credit Card
ORD0006591,02-26-2025,CUST00175,Kabir Patel,PROD0001,Mobile Phone Item 1,Electronic,Mobile Phones,West,Gujarat,Ahmedabad,86707.11,3,0.0,53312.73,33394.38,Net Banking
ORD0006606,28-Feb-2025,CUST00508,Sanya Chatterjee,PROD0084,Paper Item 84,Office Supplies,Paper,North,Haryana,Faridabad,14011.11,6,0.05,10638.96,3372.15,Credit Card
ORD0004382,2025-02-03,CUST00317,Rahul Reddy,PROD0024,Chair Item 24,Furniture,Chairs,West,Gujarat,Surat,25090.39,1,0.0,19139.79,5950.6,Cash on Delivery
ORD0004193,2025-02-05,CUST00685,Rajesh Das,PROD0029,Bookcase Item 29,Furniture,Bookcases,East,Bihar,Gaya,136928.35,5,0.0,93031.25,43897.1,UPI
ORD0005933,2025-02-01,CUST00671,Vikram Patel,PROD0001,Mobile Phone Item 1,Electronics,Mobile Phones,North,Haryana,Faridabad,115609.48,4,0.0,71083.64,44525.84,Debit Card
ORD0005030,2025-02-20,CUST00027,Arjun Khan,PROD0009,Television Item 9,Electronics,Televisions,East,Bihar,Patna,22806.4,4,0.0,13329.16,17628.9,UPI
ORD0004346,2025-02-27,CUST00763,Karan Sharma,PROD0023,Chair Item 23,Furnitures,Chairs,West,Gujarat,Ahmedabad,38844.46,3,0.2,29682.75,9161.71,UPI
ORD0004393,2025-02-18,CUST00428,Saanvi Chatterjee,PROD0019,Camera Item 19,Electronics,Cameras,South,Karnataka,Bengaluru,48093.02,1,0.15,32825.68,15267.34,Net Banking
ORD0006704,17 February 2025,CUST00656,Sanya Nair,PROD0009,Television Item 9,Electronics,Televisions,West,Rajasthan,Udaipur,25657.2,5,0.1,16661.45,8995.75,UPI
ORD0006314,2025-02-13,CUST00178,Pallavi Malhotra,PROD0082,Paper Item 82,OFFICE SUPPLIES,Paper,East,Bihar,Patna,3210.26,2,0.0,2267.62,942.64,Credit Card
ORD0005706,2025-02-03,CUST00538,Priya Patel,PROD0091,Art Supplie Item 91,Office Supplies,Art Supplies,North,Haryana,Faridabad,1463.77,1,0.05,1199.01,264.76,UPI
ORD0005623,2025-02-28,CUST00647,Rahul Sharma,PROD0022,Chair Item 22,Furnitures,Chairs,South,Tamil Nadu,Chennai,16652.71,3,0.2,13600.95,3051.76,Net Banking
ORD0005048,2025-02-17,CUST00812,Sneha Sharma,PROD0035,Sofa Item 35,Furniture,Sofas,North,Delhi,Rohini,112637.98,6,0.05,71368.56,41269.42,Debit Card
ORD0005434,2025-02-20,CUST00304,Ananya Singh,PROD0082,Paper Item 82,Office Supplies,Paper,East,West Bengal,Kolkata,9630.78,6,0.0,6802.86,2827.92,Credit Card
ORD0004364,2025-02-15,CUST00213,Neha Gupta,PROD0098,Appliance Item 98,Office Supplies,Appliances,East,Bihar,Patna,17074.42,6,0.2,13926.24,3148.18,Credit Card
ORD0005024,2025-02-18,CUST00058,Sanya Kumar,PROD0093,Storage Item 93,Office Supplies,Storage,South,Karnataka,Mysuru,14091.38,3,0.2,12968.43,1122.95,Credit Card
ORD0006573,2025-02-02,CUST00100,Arjun Malhotra,PROD0055,Footwear Item 55,Apparel,Footwear,North,Delhi,New Delhi,17921.22,6,0.0,11922.54,5998.68,UPI
ORD0005291,2025-02-05,CUST00202,Ananya Malhotra,PROD0097,Appliance Item 97,Office Supplies,Appliances,East,West Bengal,Kolkata,1535.94,1,0.15,1110.31,425.63,Debit Card
ORD0004188,2025-02-20,CUST00241,Saanvi Chatterjee,PROD0064,Beverage Item 64,Grocery,Beverages,East,West Bengal,Howrah,4558.68,4,0.0,2924.76,1633.92,Debit Card
ORD0005307,2025-02-17,CUST00107,Shreya Khan,PROD0009,Television Item 9,Electronics,Televisions,East,Bihar,Patna,17104.8,3,0.0,9996.87,7107.93,Cash on Delivery
ORD0006279,2025-02-11,CUST00710,Divya Khan,PROD0081,Paper Item 81,Office Supplies,Paper,West,Maharashtra,Pune,27180.64,5,0.05,20099.8,7080.84,Credit Card
ORD0003759,07 February 2025,CUST00823,Diya Iyer,PROD0063,Beverage Item 63,Grocery,Beverages,East,Bihar,Gaya,3640.5,5,0.1,2530.65,1109.85,Debit Card
ORD0004641,05 February 2025,CUST00001,Aditi Joshi,PROD0022,Chair Item 22,Furniture,Chairs,North,Haryana,Gurugram,5203.97,1,0.25,4533.65,670.32,UPI
ORD0004441,2025-02-09,CUST00264,Sneha Patel,PROD0007,Laptop Item 7,Electronics,Laptops,East,Odisha,Cuttack,108492.1,2,0.0,86375.14,22116.96,Cash on Delivery
ORD0006102,2025-02-15,CUST00372,Riya Iyer,PROD0065,Snack Item 65,Grocery,Snacks,South,Telangana,Warangal,4721.27,7,0.25,4096.68,624.59,Credit Card
ORD0004080,2025-02-18,CUST00843,Arjun Singh,PROD0034,Sofa Item 34,Furniture,Sofas,West,Gujarat,Surat,126918.59,4,0.05,78942.6,47975.99,UPI
ORD0006663,2025-02-27,CUST00793,Riya Nair,PROD0097,Appliance Item 97,Office Supplies,Appliances,South,Telangana,Warangal,5149.92,3,0.05,3330.93,1818.99,Credit Card
ORD0004639,2025-02-19,CUST00279,Manish Rao,PROD0070,Dairy Item 70,Grocery,Dairy,North,Haryana,Faridabad,3169.54,6,0.05,1939.92,1229.62,UPI
ORD0006323,2025-02-09,CUST00032,Arjun Malhotra,PROD0048,Women's Wear Item 48,Clothing,Women's Wear,West,Maharashtra,Pune,22308.0,6,0.0,14712.06,7595.94,Net Banking
ORD0004447,2025-02-05,CUST00303,Nikhil Singh,PROD0051,Kids Wear Item 51,Clothing,Kids Wear,North,Punjab,Amritsar,2701.11,6,0.15,2111.82,589.29,Net Banking
ORD0006563,2025-02-28,CUST00293,Neha Rao,PROD0093,Storage Item 93,Office Supplies,Storage,West,Rajasthan,Jaipur,14091.38,3,,12968.43,1122.95,Net Banking
ORD0005312,2025-02-02,CUST00430,Aryan Joshi,PROD0051,Kids Wear Item 51,Clothing,Kids Wear,East,Odisha,Cuttack,2118.52,4,0.0,1407.88,1949.5,Credit Card
ORD0005737,2025-02-11,CUST00316,Manish Nair,PROD0054,Footwear Item 54,Clothing,Footwear,East,Odisha,Cuttack,5566.28,2,0.25,4674.1,1422.41,Debit Card
ORD0004481,2025-02-03,CUST00648,Rajesh Singh,PROD0097,Appliance Item 97,Office-Supplies,Appliances,East,West Bengal,Kolkata,1806.99,1,0.0,1110.31,696.68,Credit Card
ORD0004440,2025-02-21,CUST00116,Rahul Chatterjee,PROD0022,Chair Item 22,Furniture,Chairs,East,West Bengal,Howrah,6591.7,1,0.05,4533.65,2058.05,Credit Card
ORD0005037,2025-02-22,CUST00650,Sanya Sharma,PROD0009,Television Item 9,Electronics,Televisions,South,Telangana,Warangal,31928.96,7,0.2,23326.03,8602.93,Debit Card
ORD0003899,2025-02-28,CUST00831,Karan Kumar,PROD0055,Footwear Item 55,Clothing,Footwear,North,Haryana,Gurugram,20908.09,7,0.0,13909.63,6998.46,Net Banking
ORD0005097,2025-02-02,CUST00879,Arjun Kumar,PROD0024,Chair Item 24,Furniture,Chairs,West,Gujarat,Ahmedabad,25090.39,1,0.0,19139.79,5950.6,UPI
ORD0005115,2025-02-08,CUST00863,Vikram Joshi,PROD0015,Headphone Item 15,Electronics,Headphones,West,Maharashtra,Nagpur,142709.32,4,0.0,104717.6,37991.72,UPI
ORD0003841,2025-02-04,CUST00271,Tanvi Sharma,PROD0073,Staple Item 73,Grocery,Staples,South,Tamil Nadu,Coimbatore,414.56,6,0.05,275.64,138.92,Credit Card
ORD0004925,2025-02-17,CUST00375,Ananya Patel,PROD0044,Men's Wear Item 44,Clothing,Men's Wear,North,Delhi,Dwarka,7971.96,6,0.15,5275.8,2696.16,UPI
ORD0004152,02-06-2025,CUST00398,Neha Iyer,PROD0096,Storage Item 96,Office Supplies,Storage,West,Maharashtra,Mumbai,10090.31,7,0.05,7553.98,2536.33,Debit Card
ORD0004262,2025-02-15,CUST00789,Vikram Joshi,PROD0060,Accessorie Item 60,Clothing,Accessories,South,Telangana,Warangal,2132.46,5,0.05,1486.9,645.56,Net Banking
ORD0005192,2025-02-24,CUST00225,Sanya Iyer,PROD0016,Headphone Item 16,Electronics,Headphones,East,Odisha,Cuttack,131725.44,7,0.0,84674.87,47050.57,Debit Card
ORD0004594,2025-02-24,CUST00629,Meera Singh,PROD0023,Chair Item 23,Furniture,Chairs,East,Bihar,Gaya,48555.57,4,0.25,39577.0,8978.57,Credit Card
ORD0005391,2025-02-02,CUST00789,Vikram Joshi,PROD0005,Laptop Item 5,Electronics,Laptops,East,Bihar,Patna,46362.43,3,0.05,30437.85,15924.58,UPI
ORD0006282,04/02/2025,CUST00278,Pallavi Singh,PROD0016,Headphone Item 16,Electronics,Headphones,West,Rajasthan,Jaipur,30108.67,2,0.2,24192.82,5915.85,UPI
ORD0005559,2025-02-03,CUST00653,Karan Das,PROD0095,Storage Item 95,Office Supplies,Storage,West,Gujarat,Ahmedabad,11742.36,4,0.0,7798.24,3944.12,Credit Card
ORD0005327,2025-02-10,CUST00107,Shreya Khan,PROD0081,Paper Item 81,OFFICE SUPPLIES,Paper,East,Bihar,Patna,14591.71,3,0.15,12059.88,2531.83,UPI
ORD0004595,2025-02-02,CUST00708,Pooja Joshi,PROD0099,Appliance Item 99,Office Supplies,Appliances,East,Bihar,Patna,3130.31,3,0.25,3147.06,-16.75,UPI
ORD0004398,12-Feb-2025,CUST00004,Aditi Mehta,PROD0042,Men's Wear Item 42,Clothing,Men's Wear,North,Delhi,New Delhi,21307.79,7,0.0,14216.37,7091.42,Credit Card
ORD0004521,2025-02-01,CUST00809,Shreya Singh,PROD0024,Chair Item 24,Furniture,Chairs,West,Rajasthan,Jaipur,25090.39,1,0.0,19139.79,5950.6,Debit Card
ORD0003844,2025-02-09,CUST00850,Arjun Malhotra,PROD0091,Art Supplie Item 91,Office Supplies,Art Supplies,East,West Bengal,Howrah,4622.43,3,0.0,3597.03,1025.4,Credit Card
ORD0005310,2025-02-10,CUST00025,Aryan Joshi,PROD0030,Bookcase Item 30,Furniture,Bookcases,East,Bihar,Patna,110746.38,7,0.1,83974.87,26771.51,UPI
ORD0006083,2025-02-14,CUST00682,Arjun Gupta,PROD0074,Staple Item 74,Grocery,Staples,East,Odisha,Cuttack,527.21,2,0.05,413.18,114.03,Debit Card
ORD0004054,2025-02-19,CUST00855,Rohan Gupta,PROD0084,Paper Item 84,Office Supplies,Paper,West,Maharashtra,Nagpur,4916.18,2,0.0,3546.32,1369.86,Credit Card
ORD0005229,2025-02-09,CUST00444,Vivaan Gupta,PROD0069,Dairy Item 69,Grocery,Dairy,South,Karnataka,Bengaluru,709.95,2,0.2,578.64,131.31,UPI
ORD0006469,2025-02-02,CUST00399,Pallavi Khan,PROD0048,Women's Wear Item 48,Clothing,Women's Wear,East,Bihar,Patna,11897.6,4,0.2,9808.04,2089.56,Credit Card
ORD0004023,2025-02-23,CUST00355,Priya Khan,PROD0001,Mobile Phone Item 1,Electronics,Mobile Phones,North,Haryana,Faridabad,138731.38,6,0.2,106625.46,32105.92,Credit Card
ORD0005551,2025-02-09,CUST00442,Rahul Patel,PROD0054,Footwear Item 54,Clothing,Footwear,North,Delhi,New Delhi,21151.84,6,0.05,14022.3,7129.54,Credit Card
ORD0004725,2025-02-26,CUST00411,Aarav Das,PROD0048,Women's Wear Item 48,Clothing,Women's Wear,North,Haryana,Gurugram,18590.0,5,0.0,12260.05,6329.95,Cash on Delivery
ORD0006369,2025-02-09,CUST00533,Manish Reddy,PROD0044,Men's Wear Item 44,Cloths,Men's Wear,South,Telangana,Warangal,2344.7,2,0.25,1758.6,586.1,UPI
ORD0006371,2025-02-21,CUST00454,Neha Patel,PROD0099,Appliance Item 99,office supplies,Appliances,North,Punjab,Amritsar,9738.75,7,0.0,7343.14,2395.61,Debit Card
ORD0004702,2025-02-25,CUST00690,Sanya Singh,PROD0086,Binder Item 86,OFFICE SUPPLIES,Binders,West,Gujarat,Ahmedabad,9473.63,2,0.1,7395.3,2078.33,Net Banking
ORD0006094,2025-02-24,CUST00730,Rohan Singh,PROD0063,Beverage Item 63,Grocery,Beverages,South,Tamil Nadu,Coimbatore,2427.0,3,0.0,1518.39,908.61,Net Banking
ORD0006616,2025-02-21,CUST00195,Amit Patel,PROD0036,Sofa Item 36,Furniture,Sofas,North,Punjab,Amritsar,28376.73,3,,15820.41,12556.32,Credit Card
ORD0006559,06/02/2025,CUST00827,Vivaan Kumar,PROD0055,Footwear Item 55,Clothing,Footwear,East,West Bengal,Kolkata,8960.61,3,0.0,5961.27,2999.34,Debit Card
ORD0004571,2025-02-02,CUST00256,Pallavi Mehta,PROD0023,Chair Item 23,Furniture,Chairs,South,Karnataka,Mysuru,87400.03,6,0.1,59365.5,28034.53,Debit Card
ORD0006129,2025-02-10,CUST00671,Vikram Patel,PROD0010,Television Item 10,Electronics,Televisions,East,West Bengal,Kolkata,43450.4,3,0.25,39871.5,3578.9,Credit Card
ORD0005110,2025-02-27,CUST00489,Aditi Kumar,PROD0043,Men's Wear Item 43,Clothing,Men's Wear,West,Rajasthan,Jaipur,3895.42,5,0.1,3376.75,518.67,Credit Card
ORD0004426,09-Feb-2025,CUST00079,Diya Singh,PROD0058,Accessorie Item 58,Clothing,Accessories,West,Gujarat,Ahmedabad,unknown,4,0.05,3727.6,2230.95,Debit Card
ORD0005727,2025-02-22,CUST00082,Neha Reddy,PROD0015,Headphone Item 15,Electronics,Headphones,East,Bihar,Gaya,26758.0,1,0.25,26179.4,578.6,UPI
ORD0005152,2025-02-05,CUST00493,Pooja Das,PROD0064,Beverage Item 64,Grocery,Beverages,West,Maharashtra,Nagpur,4558.68,4,0.0,2924.76,1633.92,Debit Card
ORD0005396,2025-02-08,CUST00829,Divya Chatterjee,PROD0085,Binder Item 85,Office-Supplies,Binders,West,Gujarat,Ahmedabad,604.45,3,0.15,462.24,142.21,Credit Card
ORD0006228,2025-02-16,CUST00444,Vivaan Gupta,PROD0015,Headphone Item 15,Electronics,Headphones,West,Rajasthan,Jaipur,-90977.19,3,0.15,78538.2,12438.99,UPI
ORD0004184,2025-02-02,CUST00219,Pooja Rao,PROD0085,Binder Item 85,Office Supplies,Binders,South,Telangana,Hyderabad,888.9,5,0.25,770.4,118.5,Credit Card
ORD0003919,2025-02-17,CUST00341,Tanvi Patel,PROD0078,Personal Care Item 78,Grocery,Personal Care,South,Karnataka,Bengaluru,1692.22,6,0.25,1621.56,70.66,Credit Card
ORD0006618,2025-02-04,CUST00649,Rohan Das,PROD0065,Snack Item 65,Grocery,Snacks,South,Telangana,Warangal,2697.87,3,,1755.72,942.15,UPI
ORD0005869,2025-02-01,CUST00229,Ishaan Das,PROD0057,Accessorie Item 57,Clothing,Accessories,West,Gujarat,Ahmedabad,8197.2,4,0.0,6455.44,1741.76,Credit Card
ORD0004448,2025-02-21,CUST00755,Divya Das,PROD0061,Beverage Item 61,Grocery,Beverages,East,Odisha,Cuttack,3229.08,3,0.0,2381.13,847.95,Debit Card
ORD0003972,2025-02-20,CUST00707,Rohan Joshi,PROD0030,Bookcase Item 30,Furniture,Bookcases,West,Maharashtra,Nagpur,83499.25,5,0.05,59982.05,23517.2,Credit Card
ORD0006318,2025-02-05,CUST00020,Saanvi Das,PROD0096,Storage Item 96,Office Supplies,Storage,South,Karnataka,Mysuru,9104.04,6,0.0,6474.84,2629.2,Debit Card
ORD0005375,2025-02-13,CUST00698,Meera Kumar,PROD0027,Table Item 27,Furniture,Tables,East,Bihar,Patna,6879.03,1,0.25,5414.38,1464.65,UPI
ORD0004875,2025-02-09,CUST00765,Aarav Rao,PROD0091,Art Supplie Item 91,Office Supplies,Art Supplies,East,Bihar,Gaya,2311.22,2,0.25,2398.02,-86.8,Credit Card
ORD0005701,2025-02-12,CUST00428,Saanvi Chatterjee,PROD0074,Staple Item 74,Grocery,Staples,North,Delhi,Dwarka,1109.92,4,0.0,826.36,283.56,Cash on Delivery
ORD0003742,2025-02-08,CUST00486,Saanvi Reddy,PROD0001,Mobile Phone Item 1,Electronics,Mobile Phones,North,Punjab,Amritsar,98268.06,4,0.15,71083.64,27184.42,Net Banking
ORD0004818,2025-02-17,CUST00416,Rohan Gupta,PROD0033,Sofa Item 33,Furniture,Sofas,South,Tamil Nadu,Coimbatore,233568.58,7,0.0,156609.53,76959.05,Credit Card
ORD0006505,2025-02-26,CUST00653,Karan Das,PROD0049,Kids Wear Item 49,Clothing,Kids Wear,South,Telangana,Warangal,11323.49,5,0.15,7334.65,3988.84,Credit Card
ORD0005193,2025-02-13,CUST00306,Divya Khan,PROD0028,Table Item 28,Furniture,Tables,South,Karnataka,Mysuru,62602.44,2,0.05,50872.54,11729.9,Credit Card
ORD0005931,2025-02-25,CUST00506,Saanvi Joshi,PROD0055,Footwear Item 55,Clothing,Footwear,West,Rajasthan,Udaipur,11947.48,4,0.0,7948.36,3999.12,UPI
ORD0005361,2025-02-07,CUST00627,Aditi Joshi,PROD0081,Paper Item 81,Office Supplies,Paper,North,Delhi,New Delhi,4577.79,1,0.2,4019.96,557.83,Credit Card
ORD0005103,02-20-2025,CUST00832,Kabir Singh,PROD0027,Table Item 27,Furniture,Tables,North,Punjab,Ludhiana,14675.26,2,0.2,10828.76,3846.5,Credit Card
ORD0005326,22 February 2025,CUST00791,Saanvi Gupta,PROD0047,Women's Wear Item 47,Clothing,Women's Wear,North,Punjab,Amritsar,19418.7,6,0.0,11709.24,7709.46,Debit Card
ORD0004241,2025-02-07,CUST00866,Shreya Rao,PROD0064,Beverage Item 64,Grocery,Beverages,West,Rajasthan,Udaipur,1082.69,1,0.05,731.19,351.5,Debit Card
ORD0006152,2025-02-27,CUST00026,Manish Gupta,PROD0095,Storage Item 95,Office Supplies,Storage,North,Punjab,Ludhiana,5871.18,2,0.0,3899.12,1972.06,Credit Card
ORD0004605,2025-02-11,CUST00443,Nikhil Mehta,PROD0035,Sofa Item 35,Furniture,Sofas,West,Gujarat,Ahmedabad,33593.78,2,,23789.52,9804.26,Cash on Delivery
ORD0006379,2025-02-25,CUST00098,Rajesh Verma,PROD0050,Kids Wear Item 50,Clothing,Kids Wear,West,Gujarat,Ahmedabad,15901.84,4,0.0,9862.72,6039.12,Net Banking
ORD0004866,2025-02-14,CUST00715,Saanvi Joshi,PROD0015,Headphone Item 15,Electronics,Headphones,South,Karnataka,Bengaluru,67786.93,2,0.05,52358.8,15428.13,Credit Card
ORD0005066,2025-02-13,CUST00500,Rajesh Singh,PROD0023,Chair Item 23,Furniture,Chairs,West,Maharashtra,Pune,68787.06,5,0.15,49471.25,19315.81,Cash on Delivery
ORD0006387,2025-02-10,CUST00089,Tanvi Patel,PROD0060,Accessorie Item 60,Clothing,Accessories,South,Karnataka,Mysuru,448.94,1,0.0,297.38,151.56,Debit Card
ORD0005811,2025-02-13,CUST00752,Meera Nair,PROD0068,Snack Item 68,Grocery,Snacks,South,Karnataka,Bengaluru,2980.32,7,0.2,2651.6,328.72,Cash on Delivery
ORD0005599,03-Feb-2025,CUST00247,Manish Kumar,PROD0053,Footwear Item 53,Clothing,Footwear,South,Karnataka,Bengaluru,10029.91,4,0.05,6843.92,3185.99,Debit Card
ORD0004558,2025-02-22,CUST00800,Divya Mehta,PROD0002,Mobile Phone Item 2,Electronics,Mobile Phones,South,Telangana,Warangal,19677.49,5,0.05,13885.55,5791.94,UPI
ORD0006367,2025-02-13,CUST00022,Tanvi Nair,PROD0082,Paper Item 82,Office Supplies,Paper,East,West Bengal,Howrah,3611.54,3,0.25,3401.43,210.11,Credit Card
ORD0004535,2025-02-28,CUST00766,Aditi Sharma,PROD0002,Mobile Phone Item 2,Electronics,Mobile Phones,South,Tamil Nadu,Coimbatore,9942.31,3,0.2,8331.33,1610.98,Credit Card
ORD0006046,2025-02-23,CUST00423,Aarav Sharma,PROD0043,Men's Wear Item 43,Clothing,Men's Wear,West,Rajasthan,Jaipur,5193.9,6,0.0,4052.1,1141.8,Credit Card
ORD0005889,05 February 2025,CUST00227,Priya Sharma,PROD0035,Sofa Item 35,Furniture,Sofas,North,Haryana,Faridabad,88924.72,5,0.1,59473.8,29450.92,UPI
ORD0004777,2025-02-12,CUST00524,Rohan Kumar,PROD0018,,Electronics,Cameras,West,Maharashtra,Pune,140047.95,3,0.0,84267.33,55780.62,Credit Card
ORD0004953,2025-02-14,CUST00025,Aryan Joshi,PROD0083,Paper Item 83,Office Supplies,Paper,South,Karnataka,Bengaluru,6769.06,4,0.15,6323.36,445.7,Credit Card
ORD0004954,2025-02-22,CUST00339,Pooja Verma,PROD0042,Men's Wear Item 42,Clothing,Men's Wear,North,Punjab,Ludhiana,17350.63,6,0.05,12185.46,5165.17,Credit Card
ORD0004136,2025-02-12,CUST00864,Rajesh Kumar,PROD0045,Women's Wear Item 45,Clothing,Women's Wear,West,Gujarat,Ahmedabad,5875.84,5,0.25,5865.0,10.84,UPI
ORD0004248,2025-02-10,CUST00701,Divya Gupta,PROD0050,Kids Wear Item 50,clothing,Kids Wear,South,Tamil Nadu,Chennai,11926.38,4,0.25,9862.72,2063.66,Credit Card
ORD0003702,2025-02-23,CUST00857,Amit Mehta,PROD0088,Binder Item 88,Office Supplies,Binders,South,Karnataka,Bengaluru,20554.04,5,0.2,16200.55,4353.49,UPI
ORD0004205,2025-02-01,CUST00302,Manish Patel,PROD0044,Men's Wear Item 44,Clothing,Men's Wear,North,Punjab,Amritsar,5861.74,5,0.25,4396.5,1465.24,Net Banking
ORD0005775,2025-02-18,CUST00564,Divya Das,PROD0064,Beverage Item 64,Grocery,Beverages,West,Rajasthan,Udaipur,4843.6,5,0.15,3655.95,1187.65,UPI
ORD0005607,2025-02-22,CUST00315,Sanya Nair,PROD0013,Headphone Item 13,Electronics,Headphones,South,Karnataka,Bengaluru,63673.05,6,0.05,41106.9,22566.15,Debit Card
ORD0004240,2025-02-18,CUST00274,Neha Kumar,PROD0011,Television Item 11,Electronics,Televisions,South,Karnataka,Bengaluru,24388.91,4,0.15,21848.16,2540.75,Credit Card
ORD0006099,2025-02-19,CUST00733,Divya Verma,PROD0053,Footwear Item 53,Clothing,Footwear,West,Gujarat,Surat,10557.8,5,0.2,8554.9,2002.9,Net Banking
ORD0004988,2025-02-13,CUST00071,Pallavi Gupta,PROD0026,Table Item 26,Furniture,Tables,South,Tamil Nadu,Coimbatore,106148.45,7,0.2,81217.01,24931.44,Cash on Delivery
ORD0006768,2025-02-13,CUST00135,Karan Kumar,PROD0088,Binder Item 88,Office Supplies,Binders,West,Rajasthan,Jaipur,17470.93,4,0.15,12960.44,4510.49,Debit Card
ORD0003762,2025-02-02,CUST00562,Saanvi Gupta,PROD0074,Staple Item 74,Grocery,Staples,South,Karnataka,Mysuru,1456.77,7,0.25,1446.13,10.64,Credit Card
ORD0005713,2025-02-22,CUST00667,Neha Joshi,PROD0061,Beverage Item 61,Grocery,Beverages,North,Haryana,Faridabad,4843.62,6,0.25,4762.26,81.36,UPI
ORD0005423,2025-02-07,CUST00774,Aryan Chatterjee,PROD0004,Mobile Phone Item 4,Electronics ,Mobile Phones,North,Delhi,Rohini,-213409.91,7,0.0,123281.13,90128.78,Credit Card
ORD0006413,2025-02-24,CUST00823,Diya Iyer,PROD0087,Binder Item 87,Office Supplies,Binders,South,Telangana,Warangal,5438.52,2,0.0,4263.72,1174.8,UPI
ORD0005460,2025-02-11,CUST00565,Vikram Das,PROD0058,Accessorie Item 58,Clothing,Accessories,North,Haryana,Faridabad,9878.65,7,0.1,6523.3,3355.35,Credit Card
ORD0003760,2025-02-16,CUST00890,Ananya Das,PROD0090,Art Supplie Item 90,Office Supplies,Art Supplies,West,Maharashtra,Mumbai,18383.95,6,0.2,14558.46,3825.49,Net Banking
ORD0003738,2025-02-20,CUST00272,Kabir Patel,PROD0016,Headphone Item 16,Electronics,Headphones,North,Delhi,Rohini,15054.34,1,0.2,12096.41,2957.93,UPI
ORD0005331,2025-02-05,CUST00098,Rajesh Verma,PROD0069,Dairy Item 69,Grocery,Dairy,North,Haryana,Gurugram,709.95,2,0.2,578.64,131.31,UPI
ORD0004570,2025-02-04,CUST00404,Vikram Verma,PROD0045,Women's Wear Item 45,Clothing,Women's Wear,South,Karnataka,Bengaluru,2507.02,2,0.2,2346.0,161.02,UPI
ORD0006501,2025-02-21,CUST00530,Neha Iyer,PROD0040,Storage Unit Item 40,Furniture,Storage Units,North,Haryana,Faridabad,71214.38,5,0.25,56668.6,14545.78,UPI
ORD0005499,2025-02-20,,Nikhil Joshi,PROD0028,Table Item 28,Furnitures,Tables,West,Maharashtra,Mumbai,24711.49,1,0.25,25436.27,-724.78,Net Banking
ORD0006617,2025-02-15,CUST00243,Rahul Gupta,PROD0066,Snack Item 66,Grocery,Snacks,West,Rajasthan,Udaipur,2505.92,4,0.1,2032.44,473.48,Debit Card
ORD0003756,2025-02-10,CUST00299,Pooja Joshi,PROD0074,Staple Item 74,Grocery,Staples,South,Telangana,Warangal,665.95,3,0.2,619.77,46.18,UPI
ORD0004182,2025-02-27,CUST00653,Karan Das,PROD0030,Bookcase Item 30,Furniture,Bookcases,West,Maharashtra,Pune,35157.58,2,0.0,23992.82,11164.76,UPI
ORD0006418,2025-02-13,CUST00306,Divya Khan,PROD0013,Headphone Item 13,Electronics,Headphones,North,Delhi,New Delhi,40214.56,4,0.1,27404.6,12809.96,Net Banking
ORD0006350,2025-02-19,CUST00804,Ishaan Kumar,PROD0030,Bookcase Item 30,Furniture,Bookcases,East,Bihar,Patna,92288.65,7,0.25,83974.87,8313.78,Cash on Delivery
ORD0005910,2025-02-17,CUST00641,Manish Mehta,PROD0066,Snack Item 66,Grocery,Snacks,South,Karnataka,Mysuru,1392.18,2,0.0,1016.22,375.96,Debit Card
ORD0005897,2025-02-02,CUST00370,Manish Rao,PROD0009,Television Item 9,Electronics,Televisions,East,Odisha,Bhubaneswar,30788.64,6,0.1,19993.74,10794.9,Cash on Delivery
ORD0005523,02-08-2025,CUST00347,Sneha Malhotra,PROD0096,Storage Item 96,Office-Supplies,Storage,North,Delhi,Rohini,6069.36,5,0.2,5395.7,673.66,UPI
ORD0006738,2025-02-14,CUST00635,Rajesh Sharma,PROD0036,Sofa Item 36,Furniture,Sofas,West,Rajasthan,Jaipur,48240.44,6,0.15,31640.82,16599.62,Credit Card
ORD0005615,2025-02-12,CUST00695,Amit Rao,PROD0063,Beverage Item 63,Grocery,Beverages,North,Delhi,Dwarka,809.0,1,0.0,506.13,302.87,Credit Card
ORD0005398,22-Feb-2025,CUST00283,Amit Gupta,PROD0074,Staple Item 74,Grocery,Staples,East,Bihar,Patna,1942.36,7,0.0,1446.13,496.23,UPI
ORD0004487,2025-02-14,CUST00406,Vivaan Rao,PROD0015,Headphone Item 15,Electronics,Headphones,North,Delhi,Dwarka,192657.58,6,0.1,157076.4,35581.18,UPI
ORD0005986,2025-02-12,CUST00404,Vikram Verma,PROD0099,Appliance Item 99,Office Supplies,Appliances,East,West Bengal,Kolkata,2782.5,2,0.0,2098.04,684.46,Net Banking
ORD0004066,2025-02-01,CUST00239,Divya Sharma,PROD0014,Headphone Item 14,Electronics,Headphones,East,Odisha,Bhubaneswar,34810.4,4,0.2,33199.68,1610.72,UPI
ORD0004476,2025-02-24,CUST00784,Pallavi Kumar,PROD0029,Bookcase Item 29,Furniture,Bookcases,East,Odisha,Bhubaneswar,24647.1,1,0.1,18606.25,17685.37,Cash on Delivery
ORD0004004,2025-02-22,CUST00035,Aditi Khan,PROD0036,Sofa Item 36,Furniture,Sofas,East,Odisha,Bhubaneswar,7567.13,1,0.2,5273.47,2293.66,Credit Card
ORD0004442,04 February 2025,CUST00819,Ishaan Kumar,PROD0017,Camera Item 17,Electronics,Cameras,North,Delhi,Rohini,80588.86,4,0.2,74545.08,6043.78,Debit Card
ORD0006637,2025-02-19,CUST00014,Neha Chatterjee,PROD0036,Sofa Item 36,Furniture,Sofas,West,Maharashtra,Nagpur,14188.36,2,0.25,10546.94,3641.42,Cash on Delivery
ORD0004278,19 February 2025,CUST00086,Diya Verma,PROD0011,Television Item 11,Electronics,Televisions,North,Delhi,Dwarka,26899.54,5,0.25,27310.2,-705.78,Credit Card
ORD0005087,2025-02-19,CUST00530,Neha Iyer,PROD0023,Chair Item 23,Furniture,Chairs,South,Karnataka,Mysuru,29133.34,2,0.1,19788.5,9344.84,UPI
ORD0006670,2025-02-24,CUST00899,Pallavi Patel,PROD0039,Storage Unit Item 39,Furniture,Storage Units,North,Delhi,Rohini,25055.22,2,0.25,21718.3,3336.92,UPI
ORD0005518,2025-02-07,CUST00257,Divya Chatterjee,PROD0069,Dairy Item 69,Grocery,Dairy,West,Gujarat,Surat,1331.16,3,0.0,867.96,463.2,Credit Card
ORD0005012,2025-02-28,CUST00817,Aditi Rao,PROD0017,Camera Item 17,Electronic,Cameras,North,Punjab,Amritsar,151104.12,6,0.0,111817.62,39286.5,UPI
ORD0005242,03-Feb-2025,CUST00749,Vikram Joshi,PROD0096,Storage Item 96,Office Supplies,Storage,West,Gujarat,Surat,4552.02,3,0.0,3237.42,1314.6,Net Banking
ORD0005050,2025-02-19,CUST00102,Priya Mehta,PROD0008,Laptop Item 8,Electronics,Laptops,West,Maharashtra,Mumbai,159214.81,3,0.1,139445.61,19769.2,UPI
ORD0004789,2025-02-26,CUST00845,Rajesh Verma,PROD0070,Dairy Item 70,Grocery,Dairy,North,Delhi,Dwarka,444.85,1,0.2,323.32,121.53,Net Banking
ORD0004142,2025-02-13,CUST00291,Aditi Chatterjee,PROD0055,Footwear Item 55,Clothing,Footwear,North,Haryana,Gurugram,7168.49,3,0.2,5961.27,1207.22,Credit Card
ORD0006671,2025-02-25,CUST00201,Pallavi Joshi,PROD0041,Men's Wear Item 41,CLOTHING,Men's Wear,North,Delhi,Rohini,13456.62,4,0.15,11945.96,1510.66,UPI
ORD0005736,2025-02-24,CUST00149,Divya Khan,PROD0056,Footwear Item 56,Clothing,Footwear,West,Gujarat,Ahmedabad,13983.28,6,0.15,11514.42,2468.86,UPI
ORD0004243,2025-02-14,CUST00892,Aarav Malhotra,PROD0017,Camera Item 17,Electronics,Cameras,North,Punjab,Ludhiana,85625.67,4,0.15,74545.08,11080.59,Debit Card
ORD0004752,2025-02-11,CUST00065,Pooja Das,PROD0059,Accessorie Item 59,Clothing,Accessories,East,West Bengal,Kolkata,4775.21,-2,0.15,4278.04,497.17,Credit Card
ORD0004755,2025-02-22,CUST00238,Riya Joshi,PROD0042,Men's Wear Item 42,Clothing,Men's Wear,North,Delhi,Rohini,12175.88,4,0.0,8123.64,4052.24,Debit Card
ORD0005808,2025-02-10,CUST00131,Shreya Patel,PROD0051,Kids Wear Item 51,Clothing,Kids Wear,South,Tamil Nadu,Chennai,2118.52,5,0.2,1759.85,358.67,Debit Card
ORD0004662,10 February 2025,CUST00113,Tanvi Iyer,PROD0004,Mobile Phone Item 4,Electronics,Mobile Phones,South,Telangana,Hyderabad,27438.42,1,0.1,17611.59,9826.83,Credit Card
ORD0004313,2025-02-25,CUST00539,Tanvi Patel,PROD0049,Kids Wear Item 49,Clothing,Kids Wear,West,Gujarat,Surat,7593.4,3,0.05,4400.79,3192.61,UPI
ORD0004444,01 February 2025,CUST00215,Aarav Mehta,PROD0093,Storage Item 93,Office Supplies,Storage,East,Bihar,Gaya,9981.4,2,0.15,8645.62,1335.78,UPI
ORD0006766,2025-02-11,CUST00268,Pooja Patel,PROD0016,Headphone Item 16,Electronics,Headphones,North,Delhi,Dwarka,15054.34,1,0.2,12096.41,2957.93,Net Banking
ORD0005954,2025-02-04,CUST00714,Aryan Rao,PROD0068,Snack Item 68,Grocery,Snacks,East,Odisha,Cuttack,2661.0,5,0.0,1894.0,767.0,UPI
ORD0004307,2025-02-24,CUST00188,Amit Verma,PROD0065,Snack Item 65,Grocery,Snacks,East,Bihar,Patna,899.29,1,0.0,585.24,314.05,Credit Card
ORD0005733,2025-02-17,CUST00522,Neha Nair,PROD0058,Accessorie Item 58,Cloths,Accessories,East,West Bengal,Howrah,3998.5,3,0.15,2795.7,1202.8,UPI
ORD0005445,2025-02-11,CUST00246,Sneha Chatterjee,PROD0060,Accessorie Item 60,Clothing,Accessories,South,Karnataka,Bengaluru,2671.19,7,0.15,2081.66,589.53,Debit Card
ORD0004722,2025-02-26,CUST00254,Sanya Gupta,PROD0075,Staple Item 75,Grocery,Staples,East,West Bengal,Howrah,1559.58,2,0.25,1271.94,287.64,UPI
ORD0003886,02-17-2025,CUST00422,Sneha Sharma,PROD0093,Storage Item 93,Office Supplies,Storage,West,Rajasthan,Jaipur,8807.12,2,0.25,8645.62,161.5,UPI
ORD0005387,2025-02-14,CUST00841,Rajesh Sharma,PROD0038,Storage Unit Item 38,Furniture,Storage Units,East,Odisha,Cuttack,47185.72,5,0.2,41407.35,5778.37,Debit Card
ORD0004798,2025-02-03,CUST00858,Riya Rao,PROD0053,Footwear Item 53,Clothing,Footwear,North,Delhi,Dwarka,7918.35,3,,5132.94,2785.41,Credit Card
ORD0004114,09-Feb-2025,CUST00391,Amit Das,PROD0077,Personal Care Item 77,Grocery,Personal Care,West,Maharashtra,Pune,1099.29,3,0.0,642.72,456.57,Credit Card
ORD0005573,2025-02-08,CUST00528,Aditi Malhotra,PROD0062,Beverage Item 62,Grocery,Beverages,South,Telangana,Hyderabad,3393.15,3,0.05,2438.97,954.18,Credit Card
ORD0004110,2025-02-16,CUST00138,Neha Khan,PROD0031,Bookcase Item 31,Furniture,Bookcases,North,Haryana,Gurugram,76602.52,5,0.2,63066.95,13535.57,Net Banking
ORD0004212,2025-02-01,CUST00483,Rajesh Kumar,PROD0037,Storage Unit Item 37,Furniture,Storage Units,North,Haryana,Faridabad,13144.14,3,0.1,11380.08,1764.06,Debit Card
ORD0003883,2025-02-22,CUST00384,Karan Khan,PROD0081,Paper Item 81,Office Supplies,Paper,North,Punjab,Amritsar,25750.08,6,0.25,24119.76,1630.32,Credit Card
ORD0006410,2025-02-02,CUST00410,Riya Malhotra,PROD0025,Table Item 25,Furniture,Tables,West,Gujarat,Ahmedabad,24568.38,1,0.2,19495.94,5072.44,Debit Card
ORD0006438,2025-02-13,CUST00153,Vikram Patel,PROD0070,Dairy Item 70,Grocery,Dairy,West,Gujarat,Ahmedabad,1668.18,3,0.0,969.96,698.22,Cash on Delivery
ORD0006547,2025-02-23,CUST00243,Rahul Gupta,PROD0012,Television Item 12,Electronics,Televisions,West,Maharashtra,Pune,150320.96,4,0.0,103058.72,47262.24,Debit Card
ORD0005196,2025-02-18,CUST00512,Amit Chatterjee,PROD0005,Laptop Item 5,electronics,Laptops,South,Tamil Nadu,Coimbatore,73203.84,5,0.1,50729.75,22474.09,Credit Card
ORD0004465,2025-02-21,CUST00529,Rahul Joshi,PROD0069,Dairy Item 69,Grocery,Dairy,South,Tamil Nadu,Coimbatore,443.72,1,0.0,289.32,154.4,Debit Card
ORD0005005,2025-02-19,CUST00423,Aarav Sharma,PROD0051,Kids Wear Item 51,Clothing,Kids Wear,East,Odisha,Cuttack,476.67,1,0.1,351.97,124.7,Credit Card
ORD0005537,2025-02-08,CUST00323,Shreya Nair,PROD0033,Sofa Item 33,Furniture,Sofas,North,Punjab,Ludhiana,75075.62,3,0.25,67118.37,7957.25,UPI
ORD0006343,2025-02-02,CUST00234,Ishaan Kumar,PROD0007,Laptop Item 7,Electronics,Laptops,South,Karnataka,Mysuru,325476.3,6,0.0,259125.42,66350.88,UPI
ORD0003845,2025-02-22,CUST00896,Pooja Rao,PROD0086,Binder Item 86,Office Supplies,Binders,East,Bihar,Gaya,36841.91,7,0.0,25883.55,10958.36,Credit Card
ORD0003914,2025-02-20,CUST00125,Shreya Sharma,PROD0042,Men's Wear Item 42,Clothing,Men's Wear,West,Rajasthan,Udaipur,15524.25,6,0.15,12185.46,3338.79,UPI
ORD0004766,2025-02-10,CUST00168,Rahul Joshi,PROD0024,Chair Item 24,FURNITURE,Chairs,South,Tamil Nadu,Chennai,120433.87,6,0.2,114838.74,5595.13,UPI
ORD0004209,20-Feb-2025,CUST00428,Saanvi Chatterjee,PROD0099,Appliance Item 99,Office Supplies,Appliances,East,West Bengal,Howrah,6956.25,5,0.0,5245.1,1711.15,Credit Card
ORD0003885,03 February 2025,CUST00373,Shreya Nair,PROD0065,Snack Item 65,Grocery,Snacks,West,Gujarat,Ahmedabad,4316.59,6,0.2,3511.44,805.15,UPI
ORD0006463,2025-02-24,CUST00108,Manish Iyer,PROD0003,Mobile Phone Item 3,Electronic,Mobile Phones,East,Odisha,Cuttack,259294.23,6,0.25,246547.26,12746.97,UPI
ORD0005647,10 February 2025,CUST00124,Manish Reddy,PROD0006,Laptop Item 6,Electronics,Laptops,North,Punjab,Amritsar,92482.02,2,0.0,71135.1,21346.92,Net Banking
ORD0005974,2025-02-28,CUST00176,Sanya Sharma,PROD0057,Accessorie Item 57,Clothing,Accessories,South,Karnataka,Mysuru,5225.72,3,0.15,4841.58,384.14,UPI
ORD0004338,2025-02-07,CUST00051,Nikhil Gupta,PROD0055,Footwear Item 55,Clothing,Footwear,South,Karnataka,Bengaluru,2986.87,1,0.0,1987.09,999.78,Debit Card
ORD0006163,2025-02-24,CUST00658,Sneha Iyer,PROD0100,Appliance Item 100,Office Supplies,Appliances,East,West Bengal,Kolkata,27957.74,6,0.1,18387.66,9570.08,Debit Card
ORD0006594,2025-02-06,CUST00468,Rahul Malhotra,PROD0090,Art Supplie Item 90,Office Supplies,Art Supplies,West,Maharashtra,Pune,7659.98,2,0.0,4852.82,2807.16,UPI
ORD0005091,2025-02-28,CUST00463,Rohan Malhotra,PROD0063,Beverage Item 63,Grocery,Beverages,South,Telangana,Hyderabad,809.0,1,0.0,506.13,302.87,Net Banking
ORD0005738,2025-02-07,CUST00063,Divya Kumar,PROD0041,Men's Wear Item 41,Clothing,Men's Wear,North,Punjab,Amritsar,20778.61,7,0.25,20905.43,-126.82,Debit Card
ORD0004446,2025-02-23,CUST00730,Rohan Singh,PROD0066,Snack Item 66,Grocery,Snacks,South,Karnataka,Mysuru,1183.35,2,0.15,1016.22,167.13,UPI
ORD0005372,2025-02-07,CUST00757,Manish Nair,PROD0013,Headphone Item 13,Electronics,Headphones,East,Bihar,Patna,62555.98,7,0.2,47958.05,14597.93,UPI
ORD0005572,2025-02-27,CUST00888,Shreya Patel,PROD0047,Women's Wear Item 47,Clothing,Women's Wear,West,Maharashtra,Pune,12945.8,-5,0.2,9757.7,3188.1,Debit Card
ORD0004563,2025-02-22,CUST00445,Aarav Iyer,PROD0058,Accessorie Item 58,Clothing,Accessories,East,Odisha,Cuttack,9408.24,6,0.0,5591.4,3816.84,Credit Card
ORD0006225,2025-02-28,CUST00759,Priya Sharma,PROD0020,Camera Item 20,Electronics,Cameras,West,Rajasthan,Udaipur,153680.95,3,0.05,93033.42,60647.53,UPI
ORD0006250,2025-02-09,CUST00233,Aarav Malhotra,PROD0051,Kids Wear Item 51,Cloths,Kids Wear,West,Maharashtra,Pune,3177.78,6,0.0,2111.82,1065.96,Net Banking
ORD0004735,2025-02-16,CUST00058,Sanya Kumar,PROD0082,Paper Item 82,Office Supplies,Paper,South,Tamil Nadu,Coimbatore,1444.62,1,0.1,1133.81,310.81,UPI
ORD0005664,2025-02-10,CUST00656,Sanya Nair,PROD0017,Camera Item 17,Electronics,Cameras,North,Delhi,Rohini,125920.1,5,0.0,93181.35,32738.75,UPI
ORD0005882,2025-02-15,CUST00080,Sanya Joshi,PROD0050,Kids Wear Item 50,Clothing,Kids Wear,North,Haryana,Gurugram,27828.22,7,0.0,17259.76,10568.46,UPI
ORD0004108,2025-02-08,CUST00781,Saanvi Iyer,PROD0059,Accessorie Item 59,Clothing,Accessories,East,West Bengal,Howrah,11235.8,4,0.0,8556.08,2679.72,Debit Card
ORD0004633,2025-02-24,CUST00252,Rajesh Chatterjee,PROD0074,Staple Item 74,Grocery,Staples,North,Haryana,Faridabad,249.73,1,0.1,206.59,43.14,Debit Card
ORD0004759,2025-02-28,CUST00214,Divya Joshi,PROD0026,Table Item 26,Furniture,Tables,East,West Bengal,Howrah,51178.72,3,0.1,34807.29,16371.43,UPI
ORD0005835,2025-02-28,CUST00368,Meera Das,PROD0022,Chair Item 22,Furniture,Chairs,West,Maharashtra,Mumbai,18734.3,3,0.1,13600.95,5133.35,Credit Card
ORD0005456,2025-02-28,CUST00491,Pooja Mehta,PROD0010,Television Item 10,ELECTRONICS,Televisions,South,Tamil Nadu,Chennai,36691.45,2,0.05,26581.0,10110.45,Credit Card
ORD0006729,2025-02-02,CUST00156,Riya Das,PROD0038,Storage Unit Item 38,Furniture,Storage Units,North,Delhi,New Delhi,35389.29,3,0.0,24844.41,10544.88,Net Banking
ORD0004420,2025-02-23,CUST00506,Saanvi Joshi,PROD0054,Footwear Item 54,Clothing,Footwear,West,Maharashtra,Nagpur,3710.85,1,0.0,2337.05,1373.8,UPI
ORD0005392,2025-02-18,CUST00290,Amit Verma,PROD0048,Women's Wear Item 48,Clothing,Women's Wear,East,West Bengal,Howrah,16731.0,5,0.1,12260.05,4470.95,UPI
ORD0004845,2025-02-05,CUST00736,Amit Mehta,PROD0099,Appliance Item 99,Office Supplies,Appliances,North,Delhi,Dwarka,7095.38,6,0.15,6294.12,801.26,UPI
ORD0005816,2025-02-13,CUST00540,Neha Chatterjee,PROD0065,Snack Item 65,Grocery,Snacks,South,Telangana,Hyderabad,1708.65,2,0.05,1170.48,538.17,UPI
ORD0006292,2025-02-11,CUST00116,Rahul Chatterjee,PROD0004,Mobile Phone Item 4,Electronics,Mobile Phones,South,Telangana,Hyderabad,115851.09,4,0.05,70446.36,45404.73,Net Banking
ORD0005809,2025-02-16,CUST00399,Pallavi Khan,PROD0019,Camera Item 19,Electronics,Cameras,West,Maharashtra,Pune,152766.05,3,0.1,98477.04,54289.01,Credit Card
ORD0005358,2025-02-02,CUST00815,Kavya Patel,PROD0003,Mobile Phone Item 3,Electronics,Mobile Phones,East,Odisha,Cuttack,172862.82,3,0.0,123273.63,49589.19,Credit Card
ORD0004891,2025-02-15,CUST00546,Sanya Khan,PROD0059,Accessorie Item 59,Clothing,Accessories,West,Maharashtra,Pune,6741.48,3,0.2,6417.06,324.42,Credit Card
ORD0005905,2025-02-19,CUST00433,Divya Mehta,PROD0025,Table Item 25,Furniture,Tables,East,Bihar,Patna,92131.41,3,0.0,58487.82,33643.59,Debit Card
ORD0006055,2025-02-15,CUST00460,Rohan Das,PROD0081,Paper Item 81,Office Supplies,Paper,West,Rajasthan,Udaipur,5150.02,1,0.1,4019.96,1130.06,UPI
ORD0004911,2025-02-07,CUST00638,Manish Mehta,PROD0095,Storage Item 95,Office Supplies,Storage,East,Bihar,Patna,8366.43,3,0.05,5848.68,2517.75,Credit Card
ORD0004997,2025-02-18,CUST00885,Aditi Gupta,PROD0051,Kids Wear Item 51,CLOTHING,Kids Wear,North,Delhi,Dwarka,953.33,2,0.1,703.94,249.39,UPI
ORD0005790,2025-02-09,CUST00378,Vikram Khan,PROD0096,Storage Item 96,Office-Supplies,Storage,South,Tamil Nadu,Chennai,2731.21,2,0.1,2158.28,572.93,UPI
ORD0006602,2025-02-02,CUST00069,Karan Sharma,PROD0033,Sofa Item 33,Furniture,Sofas,West,Gujarat,Ahmedabad,33366.94,1,0.0,22372.79,10994.15,Credit Card
ORD0006280,2025-02-26,CUST00757,Manish Nair,PROD0021,Chair Item 21,Furniture,Chairs,West,Maharashtra,Pune,9847.26,1,0.0,7499.87,2347.39,Debit Card
ORD0005534,2025-02-12,CUST00447,,PROD0017,Camera Item 17,Electronics,Cameras,North,Punjab,Ludhiana,100736.08,4,,74545.08,26191.0,Credit Card
ORD0005013,2025-02-19,CUST00900,Priya Singh,PROD0049,Kids Wear Item 49,Clothing,Kids Wear,West,Maharashtra,Pune,7993.05,4,0.25,5867.72,2125.33,UPI
ORD0004746,2025-02-14,CUST00335,Sneha Patel,PROD0002,Mobile Phone Item 2,Electronics,Mobile Phones,South,Karnataka,Bengaluru,23198.73,7,0.2,19439.77,3758.96,Credit Card
ORD0006207,2025-02-11,CUST00484,Karan Nair,PROD0078,Personal Care Item 78,Grocery,Personal Care,South,Telangana,Hyderabad,2500.73,7,0.05,1891.82,608.91,Credit Card
ORD0006121,2025-02-19,CUST00820,Kabir Iyer,PROD0010,Television Item 10,Electronic,Televisions,North,Delhi,Dwarka,72417.34,5,0.25,66452.5,5964.84,Cash on Delivery
ORD0004052,2025-02-12,CUST00872,Rahul Sharma,PROD0028,Table Item 28,Furniture,Tables,West,Gujarat,Surat,98845.95,3,0.0,76308.81,22537.14,Cash on Delivery
ORD0005424,2025-02-12,CUST00894,Kabir Verma,PROD0099,Appliance Item 99,Office Supplies,Appliances,East,Odisha,Cuttack,5912.81,5,0.15,5245.1,667.71,UPI
ORD0004443,2025-02-22,CUST00061,Rahul Das,PROD0017,Camera Item 17,Electronics,Cameras,South,Karnataka,Bengaluru,120883.3,6,0.2,111817.62,9065.68,UPI
ORD0004955,02-21-2025,CUST00099,Arjun Verma,PROD0053,Footwear Item 53,Clothing,Footwear,East,Bihar,Gaya,18476.15,7,0.0,11976.86,6499.29,Credit Card
ORD0006243,2025-02-02,CUST00813,Vikram Malhotra,PROD0027,Table Item 27,Furniture,Tables,East,West Bengal,Howrah,52280.63,6,0.05,32486.28,19794.35,UPI
ORD0003855,2025-02-25,CUST00043,Karan Mehta,PROD0095,Storage Item 95,Office Supplies,Storage,North,Delhi,New Delhi,8806.77,3,0.0,5848.68,2958.09,UPI
ORD0004112,2025-02-20,CUST00713,Rohan Chatterjee,PROD0056,Footwear Item 56,Clothing,Footwear,East,West Bengal,Kolkata,14394.56,7,0.25,13433.49,961.07,Credit Card
ORD0006229,26 February 2025,CUST00294,Aryan Verma,PROD0082,Paper Item 82,Office Supplies,Paper,South,Karnataka,Bengaluru,4815.39,3,0.0,3401.43,1413.96,UPI
ORD0006378,2025-02-05,CUST00817,Aditi Rao,PROD0033,Sofa Item 33, Furniture,Sofas,East,Odisha,Cuttack,158492.96,5,0.05,111863.95,46629.01,UPI
ORD0005131,2025-02-15,CUST00489,Aditi Kumar,PROD0027,Table Item 27,Furniture,Tables,North,Haryana,Faridabad,24764.51,3,0.1,16243.14,8521.37,Net Banking
ORD0004270,2025-02-13,CUST00479,Neha Das,PROD0098,Appliance Item 98,Office Supplies,Appliances,West,Maharashtra,Mumbai,17785.85,5,0.0,11605.2,6180.65,Cash on Delivery
ORD0005861,2025-02-03,CUST00708,Pooja Joshi,PROD0052,Kids Wear Item 52,Clothing,Kids Wear,North,Haryana,Gurugram,4664.46,6,0.0,2743.08,1921.38,UPI
ORD0006197,2025-02-01,CUST00211,Sneha Mehta,PROD0097,Appliance Item 97,Office Supplies,Appliances,East,Odisha,Bhubaneswar,3613.98,2,0.0,2220.62,1393.36,Debit Card
ORD0005076,2025-02-23,CUST00146,Nikhil Iyer,PROD0094,Storage Item 94,Office Supplies,Storage,North,Punjab,Amritsar,23518.85,6,,20493.18,3025.67,Net Banking
ORD0006531,2025-02-15,CUST00719,Neha Das,PROD0015,Headphone Item 15,Electronics,Headphones,South,Telangana,Warangal,60651.46,2,0.15,52358.8,8292.66,Debit Card
ORD0004173,2025-02-09,CUST00830,Divya Iyer,PROD0083,Paper Item 83,Office Supplies,Paper,West,Maharashtra,Mumbai,7167.24,4,0.1,6323.36,843.88,UPI
ORD0006731,2025-02-14,CUST00326,Priya Das,PROD0090,Art Supplie Item 90,Office Supplies,Art Supplies,West,Gujarat,Surat,7276.98,2,0.05,4852.82,2424.16,Credit Card
ORD0005029,2025-02-28,CUST00195,Amit Patel,PROD0074,Staple Item 74,Grocery,Staples,South,Telangana,Warangal,1942.36,7,0.0,1446.13,496.23,UPI
ORD0006680,02-09-2025,CUST00122,Aditi Das,PROD0004,Mobile Phone Item 4,Electronics ,Mobile Phones,South,Karnataka,Bengaluru,45730.7,2,0.25,35223.18,10507.52,UPI
ORD0005329,2025-02-20,CUST00734,Riya Reddy,PROD0004,Mobile Phone Item 4,Electronics,Mobile Phones,East,Bihar,Gaya,91461.39,3,0.0,52834.77,38626.62,Net Banking
ORD0004956,2025-02-25,CUST00534,Sneha Das,PROD0099,Appliance Item 99,Office Supplies,Appliances,North,Delhi,Dwarka,6956.25,5,0.0,5245.1,1711.15,Debit Card
ORD0005104,2025-02-17,CUST00734,Riya Reddy,PROD0019,Camera Item 19,Electronics,Cameras,East,Odisha,Bhubaneswar,113160.04,2,0.0,65651.36,47508.68,UPI
ORD0005186,2025-02-21,CUST00568,Karan Sharma,PROD0029,Bookcase Item 29,Furniture,Bookcases,West,Maharashtra,Mumbai,82157.01,4,0.25,74425.0,7732.01,Cash on Delivery
ORD0006539,2025-02-11,CUST00889,Ananya Patel,PROD0040,Storage Unit Item 40,Furniture,Storage Units,South,Telangana,Hyderabad,68365.8,4,0.1,45334.88,23030.92,Debit Card
ORD0004395,2025-02-19,CUST00540,Neha Chatterjee,PROD0042,Men's Wear Item 42,Clothing,Men's Wear,West,Maharashtra,Mumbai,15219.85,5,0.0,10154.55,5065.3,UPI
ORD0005890,2025-02-09,CUST00144,Ishaan Kumar,PROD0096,Storage Item 96,Office Supplies,Storage,South,Karnataka,Mysuru,2579.48,2,0.15,2158.28,421.2,Credit Card
ORD0006770,2025-02-13,CUST00900,Priya Singh,PROD0088,Binder Item 88,Office Supplies,Binders,South,Tamil Nadu,Coimbatore,15415.53,4,0.25,12960.44,2455.09,UPI
ORD0006514,2025-02-09,CUST00437,Diya Verma,PROD0098,Appliance Item 98,Office Supplies,Appliances,North,Haryana,Faridabad,9070.78,3,0.15,6963.12,2107.66,Debit Card
ORD0004265,13-Feb-2025,CUST00764,Ananya Patel,PROD0014,Headphone Item 14,Electronics,Headphones,East,West Bengal,Howrah,24476.06,3,0.25,24899.76,-423.7,Credit Card
ORD0004704,2025-02-22,CUST00263,Ananya Iyer,PROD0005,Laptop Item 5,Electronics,Laptops,North,Haryana,Gurugram,46362.43,3,0.05,30437.85,15924.58,Credit Card
ORD0004933,2025-02-04,CUST00752,Meera Nair,PROD0084,Paper Item 84,Office Supplies,Paper,West,Gujarat,Surat,8357.51,4,0.15,7092.64,1264.87,Credit Card
ORD0004325,2025-02-24,CUST00357,Tanvi Joshi,PROD0020,Camera Item 20,Electronics,Cameras,West,Maharashtra,Mumbai,229173.34,5,0.15,155055.7,74117.64,Credit Card
ORD0005471,2025-02-05,CUST00238,Riya Joshi,PROD0028,Table Item 28,Furniture,Tables,North,Haryana,Gurugram,230640.55,7,0.0,178053.89,52586.66,Net Banking
ORD0006390,2025-02-14,CUST00069,Karan Sharma,PROD0020,Camera Item 20,Electronics,Cameras,West,Maharashtra,Pune,51226.98,1,0.05,31011.14,20215.84,Credit Card
ORD0004810,2025-02-01,CUST00221,Pallavi Iyer,PROD0080,Personal Care Item 80,Grocery,Personal Care,East,Odisha,Bhubaneswar,2558.88,4,0.05,1953.76,605.12,UPI
ORD0005730,2025-02-22,CUST00340,Sanya Rao,PROD0043,Men's Wear Item 43,Clothing,Men's Wear,East,Bihar,Patna,4328.25,5,0.0,3376.75,951.5,Cash on Delivery
ORD0004118,2025-02-17,CUST00063,Divya Kumar,PROD0070,Dairy Item 70,Grocery,Dairy,East,Bihar,Gaya,500.45,1,0.1,323.32,177.13,Debit Card
ORD0004462,2025-02-09,CUST00618,Riya Nair,PROD0052,Kids Wear Item 52,Clothing,Kids Wear,South,Tamil Nadu,Coimbatore,2915.29,5,0.25,2285.9,629.39,UPI
ORD0005552,2025-02-09,CUST00365,Priya Das,PROD0084,Paper Item 84,Office Supplies,Paper,East,Odisha,Cuttack,7374.27,3,0.0,5319.48,2054.79,Net Banking
ORD0006488,2025-02-10,CUST00205,Rajesh Sharma,PROD0017,Camera Item 17,Electronics,Cameras,West,Maharashtra,Nagpur,389729.56,1,0.0,18636.27,6547.75,Net Banking
ORD0004197,2025-02-13,CUST00122,Aditi Das,PROD0090,Art Supplie Item 90,Office Supplies,Art Supplies,South,Tamil Nadu,Chennai,21830.94,6,0.05,14558.46,7272.48,Credit Card
ORD0005226,14-Feb-2025,CUST00649,Rohan Das,PROD0072,Dairy Item 72,Grocery,Dairy,North,Haryana,Gurugram,2290.97,3,0.05,1726.02,564.95,Debit Card
ORD0005792,2025-02-02,CUST00476,Aditi Iyer,PROD0026,Table Item 26,Furniture,Tables,East,Odisha,Cuttack,112782.73,7,0.15,81217.01,31565.72,Debit Card
ORD0006193,2025-02-04,CUST00347,Sneha Malhotra,PROD0077,Personal Care Item 77,Grocery,Personal Care,East,West Bengal,Kolkata,732.86,2,0.0,428.48,304.38,Debit Card
ORD0006415,2025-02-24,CUST00240,Riya Verma,PROD0011,Television Item 11,Electronics,Televisions,South,Telangana,Warangal,38735.33,6,0.1,32772.24,5963.09,UPI
ORD0003752,2025-02-15,CUST00003,Neha Chatterjee,PROD0091,Art Supplie Item 91,OFFICE SUPPLIES,Art Supplies,East,Bihar,Patna,9244.86,6,0.0,7194.06,2050.8,Debit Card
ORD0006051,02-11-2025,CUST00812,Sneha Sharma,PROD0033,Sofa Item 33,Furniture,Sofas,West,Maharashtra,Nagpur,133467.76,4,0.0,89491.16,43976.6,UPI
ORD0004923,2025-02-03,CUST00625,Ananya Malhotra,PROD0086,Binder Item 86,Office Supplies,Binders,West,Gujarat,Surat,8421.01,2,0.2,7395.3,1025.71,UPI
ORD0005335,2025-02-05,CUST00562,Saanvi Gupta,PROD0100,Appliance Item 100,office supplies,Appliances,North,Punjab,Amritsar,4141.89,1,0.2,3064.61,1077.28,UPI
ORD0004771,2025-02-07,CUST00572,Sneha Chatterjee,PROD0030,Bookcase Item 30, Furniture,Bookcases,East,Bihar,Gaya,59767.89,4,0.15,47985.64,11782.25,UPI
ORD0006251,2025-02-02,CUST00282,Priya Patel,PROD0002,Mobile Phone Item 2,Electronics,Mobile Phones,West,Rajasthan,Udaipur,16570.52,4,0.0,11108.44,5462.08,UPI
ORD0006615,2025-02-10,CUST00551,Priya Khan,PROD0025,Table Item 25,Furniture,Tables,South,Karnataka,Bengaluru,30710.47,1,0.0,19495.94,11214.53,Credit Card
ORD0006784,2025-02-17,CUST00143,Rahul Malhotra,PROD0081,Paper Item 81,Office Supplies,Paper,East,Bihar,Gaya,21744.51,4,0.05,16079.84,5664.67,UPI
ORD0004342,2025-02-07,CUST00008,Tanvi Joshi,PROD0021,Chair Item 21,Furniture,Chairs,North,Punjab,Amritsar,9847.26,1,0.0,7499.87,2347.39,Cash on Delivery
ORD0004858,2025-02-06,CUST00636,Kavya Verma,PROD0061,Beverage Item 61,Grocery,Beverages,South,Tamil Nadu,Coimbatore,1076.36,1,0.0,793.71,282.65,UPI
ORD0005232,2025-02-21,CUST00448,Manish Kumar,PROD0019,Camera Item 19,Electronics,Cameras,West,Maharashtra,Nagpur,90528.03,2,0.2,65651.36,24876.67,UPI
ORD0006364,2025-02-01,CUST00845,Rajesh Verma,PROD0067,Snack Item 67,Grocery,Snacks,East,Bihar,Gaya,1905.81,3,0.0,1480.38,425.43,Debit Card
ORD0004645,2025-02-12,CUST00780,Pallavi Chatterjee,PROD0063,Beverage Item 63,Grocery,Beverages,East,Odisha,Cuttack,1537.1,2,0.05,1012.26,524.84,UPI
ORD0004329,2025-02-24,CUST00890,Ananya Das,PROD0076,Staple Item 76,Grocery,Staples,West,Gujarat,Surat,4417.36,6,0.1,2858.22,1559.14,Cash on Delivery
ORD0004423,2025-02-23,CUST00838,Tanvi Malhotra,PROD0097,Appliance Item 97,Office Supplies,Appliances,West,Maharashtra,Mumbai,7227.96,4,0.0,4441.24,2786.72,Net Banking
ORD0004992,2025-02-24,CUST00259,Amit Verma,PROD0047,Women's Wear Item 47,Clothing,Women's Wear,West,Maharashtra,Nagpur,15534.96,6,0.2,11709.24,3825.72,Credit Card
ORD0006481,2025-02-19,CUST00890,Ananya Das,PROD0051,Kids Wear Item 51,Clothing,Kids Wear,South,Karnataka,Bengaluru,2701.11,6,,2111.82,589.29,Debit Card
ORD0006204,2025-02-24,CUST00791,Saanvi Gupta,PROD0067,Snack Item 67,Grocery,Snacks,East,Bihar,Gaya,635.27,1,0.0,493.46,141.81,UPI
ORD0005144,2025-02-08,CUST00255,Saanvi Gupta,PROD0097,Appliance Item 97,Office Supplies,Appliances,West,Gujarat,Ahmedabad,7227.96,4,0.0,4441.24,2786.72,Net Banking
ORD0006629,2025-02-14,CUST00578,Ananya Kumar,PROD0005,Laptop Item 5,Electronics,Laptops,North,Haryana,Gurugram,96791.74,7,0.15,71021.65,25770.09,Debit Card
ORD0003712,2025-02-19,CUST00366,Tanvi Reddy,PROD0016,Headphone Item 16,Electronics,Headphones,East,West Bengal,Kolkata,94089.6,5,0.0,60482.05,33607.55,UPI
ORD0005766,2025-02-06,CUST00397,Tanvi Chatterjee,PROD0081,Paper Item 81,Office Supplies,Paper,South,Tamil Nadu,Chennai,40055.68,7,0.0,28139.72,11915.96,Credit Card
ORD0005521,2025-02-28,CUST00603,Riya Rao,PROD0045,Women's Wear Item 45,Clothing,Women's Wear,West,Maharashtra,Nagpur,7051.01,5,0.1,5865.0,1186.01,Debit Card
ORD0004494,11 February 2025,CUST00055,Priya Mehta,PROD0071,Dairy Item 71,GROCERY,Dairy,West,Maharashtra,Mumbai,621.92,4,0.0,445.84,176.08,Debit Card
ORD0005181,2025-02-05,CUST00523,Tanvi Patel,PROD0045,Women's Wear Item 45,Clothing,Women's Wear,North,Punjab,Amritsar,4700.67,4,0.25,4692.0,8.67,Credit Card
ORD0005892,2025-02-08,CUST00860,Neha Singh,PROD0017,,Electronics,Cameras,West,Gujarat,Surat,75552.06,3,0.0,55908.81,19643.25,UPI
ORD0006202,2025-02-05,CUST00227,Priya Sharma,PROD0019,Camera Item 19,Electronics,Cameras,North,Punjab,Ludhiana,90528.03,2,0.2,65651.36,24876.67,Debit Card
ORD0006241,2025-02-18,CUST00470,Rahul Singh,PROD0092,Art Supplie Item 92,Office Supplies,Art Supplies,West,Maharashtra,Pune,8881.38,2,0.2,8446.52,434.86,Debit Card
ORD0005513,2025-02-06,CUST00466,Vikram Mehta,PROD0019,Camera Item 19,ELECTRONICS,Cameras,North,Punjab,Amritsar,376257.13,7,0.05,229779.76,146477.37,UPI
ORD0005834,2025-02-04,CUST00823,Diya Iyer,PROD0050,Kids Wear Item 50,Cloths,Kids Wear,South,Karnataka,Mysuru,15901.84,4,0.0,9862.72,6039.12,UPI
ORD0004425,2025-02-03,CUST00420,Aarav Rao,PROD0045,Women's Wear Item 45,Clothing,Women's Wear,West,Maharashtra,Pune,1488.55,1,,1173.0,315.55,Credit Card
ORD0004906,2025-02-20,CUST00028,Priya Sharma,PROD0087,Binder Item 87,Office Supplies,Binders,South,Tamil Nadu,Chennai,4894.67,2,0.1,4263.72,630.95,UPI
ORD0005344,2025-02-03,CUST00286,Rajesh Reddy,PROD0085,Binder Item 85,Office Supplies,Binders,East,West Bengal,Kolkata,1327.42,7,0.2,1078.56,248.86,Cash on Delivery
ORD0004012,2025-02-02,CUST00843,Arjun Singh,PROD0082,Paper Item 82,Office Supplies,Paper,West,Maharashtra,Nagpur,1444.62,1,0.1,1133.81,310.81,Net Banking
ORD0003832,2025-02-27,CUST00878,Karan Nair,PROD0004,Mobile Phone Item 4,Electronics,Mobile Phones,North,Punjab,Amritsar,213409.91,7,0.0,123281.13,90128.78,Cash on Delivery
ORD0006079,2025-02-13,CUST00459,Vikram Joshi,PROD0069,Dairy Item 69,Grocery,Dairy,South,Karnataka,Mysuru,2662.32,6,0.0,1735.92,926.4,UPI
ORD0006571,2025-02-08,CUST00631,Rohan Rao,PROD0013,Headphone Item 13,Electronics,Headphones,West,Rajasthan,Udaipur,55853.55,5,0.0,34255.75,21597.8,UPI
ORD0003930,2025-02-25,CUST00197,Kavya Kumar,PROD0023,Chair Item 23,Furniture,Chairs,West,Rajasthan,Udaipur,36416.68,3,0.25,29682.75,6733.93,UPI
ORD0006613,2025-02-25,CUST00290,Amit Verma,PROD0028,Table Item 28,Furniture,Tables,East,Bihar,Gaya,28006.35,1,0.15,25436.27,2570.08,UPI
ORD0005106,17/02/2025,CUST00768,Nikhil Sharma,PROD0011,Television Item 11,Electronics,Televisions,South,Telangana,Warangal,N/A,4,0.2,21848.16,1106.11,Net Banking
ORD0004909,2025-02-03,CUST00484,Karan Nair,PROD0060,Accessorie Item 60,Clothing,Accessories,North,Haryana,Faridabad,808.09,2,,594.76,213.33,Credit Card
ORD0005685,2025-02-23,CUST00347,Sneha Malhotra,PROD0069,Dairy Item 69,Grocery,Dairy,West,Rajasthan,Jaipur,709.95,2,0.2,578.64,131.31,UPI
ORD0004547,2025-02-05,CUST00356,Aryan Singh,PROD0036,Sofa Item 36,Furniture,Sofas,West,Rajasthan,Jaipur,56753.46,6,0.0,31640.82,25112.64,UPI
ORD0004358,2025-02-04,CUST00368,Meera Das,PROD0016,Headphone Item 16,Electronics,Headphones,North,Delhi,Dwarka,75271.68,4,0.0,48385.64,26886.04,Net Banking
ORD0004665,2025-02-16,CUST00858,Riya Rao,PROD0006,Laptop Item 6,Electronics,Laptops,South,Telangana,Warangal,138723.03,3,0.0,106702.65,32020.38,Net Banking
ORD0005170,2025-02-01,CUST00703,Kabir Patel,PROD0073,Staple Item 73,Grocery,Staples,West,Maharashtra,Mumbai,116.37,2,0.2,91.88,24.49,Credit Card
ORD0005432,2025-02-23,CUST00004,Aditi Mehta,PROD0070,Dairy Item 70,Grocery,Dairy,West,Maharashtra,Pune,2001.82,4,0.1,1293.28,1268.57,Cash on Delivery
ORD0005948,2025-02-25,CUST00746,Saanvi Khan,PROD0008,Laptop Item 8,Electronics,Laptops,North,Punjab,Ludhiana,294842.25,5,0.0,232409.35,62432.9,Cash on Delivery
ORD0005004,2025-02-20,CUST00707,Rohan Joshi,PROD0015,Headphone Item 15,Electronics,Headphones,East,Bihar,Patna,64219.19,2,0.1,52358.8,11860.39,Cash on Delivery
ORD0004238,2025-02-11,CUST00607,Rahul Chatterjee,PROD0084,Paper Item 84,Office Supplies,Paper,South,Telangana,Warangal,2212.28,1,0.1,1773.16,439.12,Credit Card
ORD0004728,2025-02-18,CUST00151,Arjun Chatterjee,PROD0070,Dairy Item 70,Grocery,Dairy,East,Odisha,Bhubaneswar,2001.82,4,0.1,1293.28,708.54,UPI
ORD0005413,2025-02-22,CUST00674,Divya Mehta,PROD0073,Staple Item 73,Grocery,Staples,West,Gujarat,Ahmedabad,509.11,7,0.0,321.58,187.53,Credit Card
ORD0004280,2025-02-09,CUST00003,Neha Chatterjee,PROD0068,Snack Item 68,Grocery,Snacks,South,Tamil Nadu,Chennai,1011.18,2,0.05,757.6,253.58,Net Banking
ORD0005880,09/02/2025,CUST00168,Rahul Joshi,PROD0013,Headphone Item 13,electronics,Headphones,North,Haryana,Gurugram,42448.7,4,0.05,27404.6,15044.1,Debit Card
ORD0006160,2025-02-09,CUST00658,Sneha Iyer,PROD0015,Headphone Item 15,Electronics,Headphones,East,Odisha,Bhubaneswar,101680.39,3,0.05,78538.2,23142.19,Net Banking
ORD0004034,2025-02-25,CUST00392,Diya Verma,PROD0014,Headphone Item 14,Electronics,Headphones,North,Punjab,Ludhiana,43513.0,4,0.0,33199.68,10313.32,UPI
ORD0003825,2025-02-13,CUST00333,Pooja Mehta,PROD0071,Dairy Item 71,Grocery,Dairy,South,Tamil Nadu,Chennai,116.61,1,0.25,111.46,5.15,Credit Card
ORD0006456,2025-02-26,CUST00127,Kabir Nair,PROD0024,Chair Item 24,Furniture,Chairs,North,Punjab,Ludhiana,112906.76,6,0.25,114838.74,-1931.98,UPI
ORD0004583,2025-02-02,CUST00438,Aryan Singh,PROD0055,Footwear Item 55,Clothing,Footwear,South,Telangana,Warangal,2837.53,1,0.05,1987.09,850.44,Credit Card
ORD0003720,2025-02-12,CUST00004,Aditi Mehta,PROD0048,Women's Wear Item 48,Apparel,Women's Wear,West,Gujarat,Ahmedabad,3718.0,1,0.0,2452.01,1265.99,UPI
ORD0005688,2025-02-19,CUST00001,Aditi Joshi,PROD0075,Staple Item 75,Grocery,Staples,South,Tamil Nadu,Chennai,4158.88,4,0.0,2543.88,1615.0,Debit Card
ORD0005928,2025-02-08,CUST00486,Saanvi Reddy,PROD0062,Beverage Item 62,Grocery,Beverages,East,West Bengal,Howrah,7083.95,7,0.15,5690.93,1393.02,Net Banking
ORD0005950,2025-02-23,CUST00757,Manish Nair,PROD0003,Mobile Phone Item 3,Electronics,Mobile Phones,East,Bihar,Patna,288104.7,5,0.0,205456.05,82648.65,UPI
ORD0004543,2025-02-09,CUST00614,Diya Malhotra,PROD0097,Appliance Item 97,Office Supplies,Appliances,North,Punjab,Ludhiana,4336.78,3,0.2,3330.93,1005.85,Credit Card
ORD0004823,2025-02-10,CUST00034,Sneha Nair,PROD0061,Beverage Item 61,Grocery,Beverages,West,Gujarat,Surat,3229.08,4,0.25,3174.84,54.24,UPI
ORD0004283,2025-02-14,CUST00850,Arjun Malhotra,PROD0098,Appliance Item 98,Office Supplies,Appliances,West,Rajasthan,Jaipur,3557.17,1,0.0,2321.04,1236.13,UPI
ORD0006342,2025-02-13,CUST00863,Vikram Joshi,PROD0064,Beverage Item 64,GROCERY,Beverages,West,Maharashtra,Nagpur,4843.6,5,0.15,3655.95,1187.65,Debit Card
ORD0006385,2025-02-07,CUST00545,Riya Patel,PROD0001,Mobile Phone Item 1,Electronics,Mobile Phones,North,Punjab,Amritsar,104048.53,4,0.1,71083.64,32964.89,UPI
ORD0004770,2025-02-01,CUST00477,Karan Reddy,PROD0014,Headphone Item 14,Electronics,Headphones,West,Rajasthan,Jaipur,65269.5,N/A,0.0,49799.52,15469.98,Net Banking
ORD0004673,2025-02-13,CUST00805,Rohan Patel,PROD0043,Men's Wear Item 43,Clothing,Men's Wear,South,Tamil Nadu,Chennai,2596.95,4,0.25,2701.4,-104.45,UPI
ORD0006057,2025-02-11,CUST00660,Rahul Reddy,PROD0099,Appliance Item 99,Office Supplies,Appliances,South,Tamil Nadu,Coimbatore,9738.75,7,0.0,7343.14,2395.61,Credit Card
ORD0003821,2025-02-07,CUST00299,Pooja Joshi,PROD0015,Headphone Item 15,electronics,Headphones,West,Gujarat,Surat,142709.32,5,0.2,130897.0,11812.32,UPI
ORD0006509,2025-02-01,CUST00898,Priya Gupta,PROD0009,Television Item 9,Electronics,Televisions,West,Gujarat,Surat,22806.4,4,0.0,13329.16,9477.24,Credit Card
ORD0005174,2025-02-17,CUST00084,Ananya Patel,PROD0078,Personal Care Item 78,Grocery,Personal Care,North,Delhi,Rohini,1203.36,4,0.2,1081.04,351.73,Debit Card
ORD0005679,2025-02-07,CUST00754,Sneha Khan,PROD0018,Camera Item 18,Electronics,Cameras,North,Delhi,Rohini,35011.99,1,0.25,28089.11,6922.88,Cash on Delivery
ORD0006153,2025-02-04,CUST00437,Diya Verma,PROD0038,Storage Unit Item 38,Furniture,Storage Units,South,Karnataka,Mysuru,17694.64,2,0.25,16562.94,1131.7,Debit Card
ORD0005378,2025-02-25,CUST00825,Pallavi Chatterjee,PROD0097,Appliance Item 97,Office Supplies,Appliances,South,Karnataka,Mysuru,7227.96,5,0.2,5551.55,1676.41,Credit Card
ORD0006198,12/02/2025,CUST00506,Saanvi Joshi,PROD0023,Chair Item 23,Furniture,Chairs,East,Bihar,Gaya,41272.23,3,0.15,29682.75,11589.48,Credit Card
ORD0006767,2025-02-07,CUST00545,Riya Patel,PROD0026,Table Item 26,Furniture,Tables,West,Gujarat,Surat,16111.82,1,0.15,11602.43,4509.39,Debit Card
ORD0004589,2025-02-26,CUST00266,Pooja Patel,PROD0084,Paper Item 84,Office Supplies,Paper,South,Karnataka,Mysuru,12290.45,5,0.0,8865.8,3424.65,Cash on Delivery
ORD0006778,2025-02-06,CUST00590,Rohan Sharma,PROD0083,Paper Item 83,Office Supplies,Paper,South,Karnataka,Bengaluru,5972.7,4,0.25,6323.36,-350.66,Debit Card
ORD0005772,2025-02-23,CUST00444,Vivaan Gupta,PROD0052,Kids Wear Item 52,Clothing,Kids Wear,South,Karnataka,Mysuru,2215.62,3,0.05,1371.54,844.08,Credit Card
ORD0005788,2025-02-19,CUST00894,Kabir Verma,PROD0059,Accessorie Item 59,Clothing,Accessories,South,Karnataka,Bengaluru,13342.51,5,0.05,10695.1,2647.41,Credit Card
ORD0004898,25/02/2025,CUST00082,Neha Reddy,PROD0095,Storage Item 95,OfficeSupplies,Storage,North,Punjab,Amritsar,8806.77,4,0.25,7798.24,1008.53,Debit Card
ORD0004372,02-20-2025,CUST00166,Vikram Nair,PROD0017,Camera Item 17,Electronics,Cameras,East,West Bengal,Howrah,125920.1,5,,93181.35,32738.75,Net Banking
ORD0006471,2025-02-07,CUST00680,Diya Nair,PROD0010,Television Item 10,Electronics,Televisions,East,Bihar,Patna,57933.87,3,0.0,39871.5,18062.37,Debit Card
ORD0005397,2025-02-17,CUST00495,Rohan Joshi,PROD0059,Accessorie Item 59,Clothing,Accessories,South,Karnataka,Mysuru,10533.56,5,0.25,10695.1,-161.54,Net Banking
ORD0004676,2025-02-14,CUST00870,Aarav Gupta,PROD0016,Headphone Item 16,Electronics,Headphones,East,Bihar,Patna,18817.92,1,0.0,12096.41,13180.87,Debit Card
ORD0004490,2025-02-22,CUST00757,Manish Nair,PROD0029,Bookcase Item 29,Furniture,Bookcases,North,Delhi,Rohini,69833.46,3,0.15,55818.75,14014.71,UPI
ORD0005446,2025-02-01,CUST00044,Aditi Iyer,PROD0086,Binder Item 86,Office Supplies,Binders,West,Gujarat,Ahmedabad,23684.09,5,0.1,18488.25,5195.84,UPI
ORD0006328,2025-02-09,CUST00330,Aditi Iyer,PROD0064,Beverage Item 64,Grocery,Beverages,South,Karnataka,Bengaluru,1139.67,1,0.0,731.19,408.48,Debit Card
ORD0004250,2025-02-17,CUST00381,Kabir Singh,PROD0059,Accessorie Item 59,CLOTHING,Accessories,North,Punjab,Ludhiana,11235.8,4,0.0,8556.08,2679.72,Debit Card
ORD0004850,01 February 2025,CUST00682,Arjun Gupta,PROD0043,Men's Wear Item 43,Clothing,Men's Wear,East,West Bengal,Kolkata,2077.56,3,0.2,2026.05,51.51,Credit Card
ORD0005145,2025-02-10,CUST00487,Priya Khan,PROD0042,Men's Wear Item 42,Clothing,Men's Wear,West,Maharashtra,Nagpur,14458.86,5,0.05,10154.55,4304.31,UPI
ORD0006782,2025-02-28,CUST00339,Pooja Verma,PROD0045,Women's Wear Item 45,Clothing,Women's Wear,East,West Bengal,Kolkata,7991.14,6,0.15,7038.0,953.14,UPI
ORD0006433,2025-02-13,CUST00700,Aarav Iyer,PROD0012,Television Item 12,Electronics,Televisions,West,Gujarat,Ahmedabad,112740.72,4,0.25,103058.72,9682.0,UPI
ORD0004596,2025-02-17,CUST00768,Nikhil Sharma,PROD0098,Appliance Item 98,Office Supplies,Appliances,South,Tamil Nadu,Chennai,3557.17,1,0.0,2321.04,1236.13,Debit Card
ORD0005693,2025-02-20,CUST00711,Rajesh Malhotra,PROD0010,Television Item 10,Electronics ,Televisions,North,Delhi,New Delhi,96556.45,5,0.0,66452.5,30103.95,Net Banking
ORD0003806,2025-02-07,CUST00522,Neha Nair,PROD0094,Storage Item 94,Office Supplies,Storage,North,Delhi,Dwarka,26285.78,6,0.05,20493.18,5792.6,Credit Card
ORD0006026,01-Feb-2025,CUST00141,Saanvi Khan,PROD0058,Accessorie Item 58,Clothing,Accessories,North,Haryana,Faridabad,9408.24,6,0.0,5591.4,3816.84,Credit Card
ORD0003944,2025-02-10,CUST00098,Rajesh Verma,PROD0083,Paper Item 83,Office Supplies,Paper,West,Rajasthan,Udaipur,7565.42,4,0.05,6323.36,1242.06,Debit Card
ORD0005064,2025-02-06,CUST00262,Kabir Chatterjee,PROD0041,Men's Wear Item 41,Clothing,Men's Wear,East,Bihar,Patna,5936.74,2,0.25,5972.98,-36.24,Credit Card
ORD0004399,2025-02-08,CUST00108,Manish Iyer,PROD0037,Storage Unit Item 37,Furniture,Storage Units,East,Odisha,Bhubaneswar,unknown,3,0.1,11380.08,1764.06,Credit Card
ORD0006468,2025-02-12,CUST00265,Sneha Rao,PROD0007,Laptop Item 7,Electronics,Laptops,West,Maharashtra,Pune,203422.69,5,0.25,215937.85,-12515.16,UPI
ORD0004028,2025-02-16,CUST00052,Nikhil Sharma,PROD0094,Storage Item 94,Office Supplies,Storage,East,Bihar,Patna,9223.08,2,0.0,6831.06,2392.02,Debit Card
ORD0005684,2025-02-21,CUST00617,Pallavi Mehta,PROD0098,Appliance Item 98,Office Supplies,Appliances,South,Tamil Nadu,Chennai,12805.81,4,0.1,9284.16,3521.65,Credit Card
ORD0006149,2025-02-10,CUST00081,Pallavi Das,PROD0026,Table Item 26,Furniture,Tables,East,Bihar,Gaya,90036.63,5,0.05,58012.15,32024.48,Credit Card
ORD0004515,02-03-2025,CUST00472,Sneha Khan,PROD0094,Storage Item 94,Office-Supplies,Storage,North,Haryana,Gurugram,20751.93,5,0.1,17077.65,3674.28,UPI
ORD0005300,2025-02-17,CUST00016,Rahul Gupta,PROD0049,Kids Wear Item 49,Clothing,Kids Wear,East,West Bengal,Howrah,2664.35,1,0.0,1466.93,1197.42,UPI
ORD0004410,2025-02-27,CUST00048,Amit Iyer,PROD0084,Paper Item 84,Office Supplies,Paper,North,Haryana,Gurugram,8357.51,4,0.15,7092.64,1264.87,Debit Card
ORD0004897,2025-02-25,CUST00442,Rahul Patel,PROD0032,Bookcase Item 32,Furniture,Bookcases,South,Tamil Nadu,Chennai,37142.14,7,0.0,21595.0,15547.14,Credit Card
ORD0004670,2025-02-26,CUST00487,Priya Khan,PROD0049,Kids Wear Item 49,Clothing,Kids Wear,North,Punjab,Ludhiana,9591.66,4,0.1,5867.72,3723.94,Credit Card
ORD0005152,2025-02-05,CUST00493,Pooja Das,PROD0064,Beverage Item 64,Grocery ,Beverages,West,Maharashtra,Nagpur,4558.68,4,0.0,2924.76,1633.92,Debit Card
ORD0005346,2025-02-25,CUST00014,Neha Chatterjee,PROD0037,Storage Unit Item 37,Furniture,Storage Units,East,West Bengal,Kolkata,8275.94,2,0.15,7586.72,689.22,Net Banking
ORD0005644,2025-02-16,CUST00746,Saanvi Khan,PROD0072,Dairy Item 72,Grocery,Dairy,East,Bihar,Gaya,3215.4,4,0.0,2301.36,914.04,UPI
ORD0005320,2025-02-13,CUST00020,Saanvi Das,PROD0054,Footwear Item 54,Clothing,Footwear,West,Gujarat,Ahmedabad,14843.4,4,0.0,9348.2,5495.2,Debit Card
ORD0005648,2025-02-12,CUST00034,Sneha Nair,PROD0089,Art Supplie Item 89,Office Supplies,Art Supplies,East,Odisha,Cuttack,20870.89,7,0.1,15594.18,5276.71,UPI
ORD0004917,2025-02-24,CUST00791,Saanvi Gupta,PROD0060,Accessorie Item 60,Clothing,Accessories,East,Odisha,Cuttack,336.7,1,0.25,297.38,39.32,Debit Card
ORD0005382,24 February 2025,CUST00649,Rohan Das,PROD0055,Footwear Item 55,Clothing,Footwear,North,Haryana,Gurugram,14934.35,5,0.0,9935.45,4998.9,Debit Card
ORD0006699,2025-02-26,CUST00304,Ananya Singh,PROD0096,Storage Item 96,OfficeSupplies,Storage,South,Karnataka,Bengaluru,4552.02,3,0.0,3237.42,1314.6,UPI
ORD0006009,2025-02-26,CUST00077,Sneha Iyer,PROD0073,Staple Item 73,Grocery,Staples,South,Karnataka,Bengaluru,218.19,3,0.0,137.82,80.37,UPI
ORD0005935,2025-02-02,CUST00884,Sanya Khan,PROD0048,Women's Wear Item 48,Clothing,Women's Wear,South,Tamil Nadu,Chennai,13942.5,5,0.25,12260.05,1682.45,UPI
ORD0005977,2025-02-11,CUST00765,Aarav Rao,PROD0080,Personal Care Item 80,Grocery,Personal Care,East,Bihar,Gaya,3030.26,6,0.25,2930.64,99.62,Credit Card
ORD0005531,2025-02-20,CUST00059,Vivaan Patel,PROD0073,Staple Item 73,Grocery,Staples,West,Maharashtra,Nagpur,145.46,2,0.0,91.88,53.58,UPI
ORD0004491,2025-02-28,CUST00203,Priya Singh,PROD0045,Women's Wear Item 45,Clothing,Women's Wear,South,Telangana,Warangal,2663.71,2,0.15,2346.0,317.71,Net Banking
ORD0005389,2025-02-18,CUST00561,Aarav Verma,PROD0002,Mobile Phone Item 2,Electronics,Mobile Phones,West,Maharashtra,Nagpur,24855.78,6,0.0,16662.66,8193.12,UPI
ORD0006624,2025-02-26,CUST00861,Aditi Mehta,PROD0072,Dairy Item 72,Grocery,Dairy,West,Maharashtra,Mumbai,4823.1,6,,3452.04,1371.06,UPI
ORD0005625,2025-02-17,CUST00309,Rohan Iyer,PROD0085,Binder Item 85,Office Supplies,Binders,North,Haryana,Gurugram,1422.24,6,0.0,924.48,497.76,UPI
ORD0005043,2025-02-10,CUST00588,Aarav Nair,PROD0099,Appliance Item 99,Office Supplies,Appliances,North,Punjab,Amritsar,7304.06,7,0.25,7343.14,-39.08,UPI
ORD0004561,2025-02-24,CUST00528,Aditi Malhotra,PROD0056,Footwear Item 56,Clothing,Footwear,North,Delhi,New Delhi,13983.28,6,0.15,11514.42,2468.86,Credit Card
ORD0004451,2025-02-25,CUST00242,Rohan Joshi,PROD0033,Sofa Item 33,Furniture,Sofas,West,Maharashtra,Nagpur,158492.96,5,0.05,111863.95,46629.01,UPI
ORD0003889,2025-02-03,CUST00303,Nikhil Singh,PROD0072,Dairy Item 72,Grocery,Dairy,West,Maharashtra,Pune,1366.54,2,0.15,1150.68,215.86,Credit Card
ORD0005221,2025-02-16,CUST00047,Divya Reddy,PROD0082,Paper Item 82,Office Supplies,Paper,South,Telangana,Warangal,5136.42,4,0.2,4535.24,601.18,UPI
ORD0004600,2025-02-22,CUST00096,Aryan Das,PROD0080,Personal Care Item 80,Grocery,Personal Care,East,Bihar,Gaya,3198.6,5,0.05,2442.2,756.4,Net Banking
ORD0004312,2025-02-07,CUST00777,Sanya Kumar,PROD0005,Laptop Item 5,Electronics,Laptops,South,Telangana,Hyderabad,16267.52,1,0.0,10145.95,6121.57,Credit Card
ORD0005519,2025-02-11,CUST00478,Shreya Kumar,PROD0049,Kids Wear Item 49,Clothing,Kids Wear,North,Haryana,Faridabad,9991.31,5,0.25,7334.65,2656.66,UPI
ORD0005045,2025-02-19,CUST00693,Kavya Gupta,PROD0063,Beverage Item 63,Grocery,Beverages,West,Gujarat,Ahmedabad,2912.4,4,0.1,2024.52,887.88,UPI
ORD0004458,2025-02-08,CUST00065,Pooja Das,PROD0003,Mobile Phone Item 3,Electronics,Mobile Phones,North,Punjab,Amritsar,115241.88,2,0.0,82182.42,33059.46,Credit Card
ORD0006002,2025-02-04,CUST00130,Kabir Kumar,PROD0017,Camera Item 17,Electronics,Cameras,North,Delhi,Dwarka,176288.14,7,0.0,130453.89,45834.25,Net Banking
ORD0003862,2025-02-27,CUST00453,Rahul Mehta,PROD0052,Kids Wear Item 52,Clothing,Kids Wear,North,Haryana,Gurugram,3109.64,4,,1828.72,1280.92,UPI
ORD0006085,2025-02-16,CUST00197,Kavya Kumar,PROD0035,Sofa Item 35,Furniture,Sofas,South,Tamil Nadu,Chennai,67187.57,4,0.15,47579.04,19608.53,Net Banking
ORD0006560,2025-02-03,CUST00264,Sneha Patel,PROD0100,Appliance Item 100,Office Supplies,Appliances,North,Punjab,Amritsar,31064.16,6,0.0,18387.66,12676.5,Credit Card
ORD0005717,2025-02-12,CUST00646,Rohan Chatterjee,PROD0065,Snack Item 65,Grocery,Snacks,West,Rajasthan,Udaipur,4496.45,5,0.0,2926.2,1570.25,Credit Card
ORD0005546,2025-02-09,CUST00520,Rahul Chatterjee,PROD0077,Personal Care Item 77,Grocery,Personal Care,East,Odisha,Bhubaneswar,293.14,1,0.2,214.24,78.9,Net Banking
ORD0006146,2025-02-13,CUST00856,Arjun Khan,PROD0089,Art Supplie Item 89,Office Supplies,Art Supplies,South,Telangana,Warangal,15901.63,6,0.2,13366.44,2535.19,Credit Card
ORD0004258,2025-02-19,CUST00462,Rahul Patel,PROD0023,Chair Item 23,Furnitures,Chairs,West,Rajasthan,Jaipur,32370.38,2,0.0,19788.5,12581.88,Credit Card
ORD0005896,2025-02-21,CUST00804,Ishaan Kumar,PROD0042,Men's Wear Item 42,Clothing,Men's Wear,North,Punjab,Amritsar,21307.79,7,0.0,14216.37,7091.42,UPI
ORD0004319,2025-02-19,CUST00487,Priya Khan,PROD0094,Storage Item 94,Office Supplies,Storage,North,Delhi,Rohini,17293.28,5,0.25,17077.65,215.63,UPI
ORD0005793,2025-02-01,CUST00438,Aryan Singh,PROD0018,Camera Item 18,Electronics,Cameras,East,Bihar,Gaya,186730.6,4,0.0,112356.44,74374.16,UPI
ORD0006169,2025-02-18,CUST00552,Sneha Patel,PROD0078,Personal Care Item 78,Grocery,Personal Care,North,Delhi,New Delhi,376.05,1,0.0,270.26,105.79,UPI
ORD0005317,2025-02-21,CUST00325,Rajesh Chatterjee,PROD0013,Headphone Item 13,Electronics,Headphones,West,Gujarat,Ahmedabad,10612.17,1,0.05,6851.15,3761.02,Debit Card
ORD0004928,28/02/2025,CUST00670,Shreya Reddy,PROD0094,Storage Item 94,Office Supplies,Storage,West,Rajasthan,Jaipur,3919.81,1,0.15,3415.53,504.28,UPI
ORD0006159,2025-02-01,CUST00502,Vikram Rao,PROD0095,Storage Item 95,Office Supplies,Storage,South,Tamil Nadu,Coimbatore,2201.69,1,0.25,1949.56,252.13,Debit Card
ORD0006393,2025-02-19,CUST00332,Vivaan Gupta,PROD0043,Men's Wear Item 43,Clothing,Men's Wear,West,Maharashtra,Pune,779.08,1,0.1,675.35,103.73,UPI
ORD0006772,2025-02-23,CUST00781,Saanvi Iyer,PROD0050,Kids Wear Item 50,Clothing,Kids Wear,East,West Bengal,Howrah,15901.84,4,0.0,9862.72,6039.12,UPI
ORD0005016,28-Feb-2025,CUST00739,Priya Reddy,PROD0051,Kids Wear Item 51,Clothing,Kids Wear,South,Tamil Nadu,Chennai,2383.34,6,0.25,2111.82,271.52,Debit Card
ORD0004327,2025-02-19,CUST00863,Vikram Joshi,PROD0025,Table Item 25,Furniture,Tables,South,Tamil Nadu,Chennai,29174.95,1,0.05,19495.94,9679.01,Debit Card
ORD0006435,2025-02-14,CUST00030,Manish Das,PROD0092,Art Supplie Item 92,Office Supplies,Art Supplies,East,Odisha,Cuttack,8326.29,2,,8446.52,-120.23,UPI
ORD0003808,2025-02-27,CUST00521,Tanvi Chatterjee,PROD0065,Snack Item 65,Grocery,Snacks,West,Rajasthan,Jaipur,6295.03,7,0.0,4096.68,2198.35,UPI
ORD0006717,2025-02-04,CUST00334,Sanya Chatterjee,PROD0022,Chair Item 22,Furniture,Chairs,East,Odisha,Bhubaneswar,31223.84,-6,0.25,27201.9,4021.94,Debit Card
ORD0005865,24/02/2025,CUST00755,Divya Das,PROD0033,Sofa Item 33,Furniture,Sofas,East,Bihar,Patna,30030.25,1,0.1,22372.79,7657.46,Debit Card
ORD0003775,2025-02-25,CUST00875,Nikhil Mehta,PROD0092,Art Supplie Item 92,Office Supplies,Art Supplies,East,Odisha,Cuttack,11101.72,2,0.0,8446.52,2655.2,Debit Card
ORD0006451,2025-02-03,CUST00880,Pooja Kumar,PROD0006,Laptop Item 6,Electronics,Laptops,South,Karnataka,Mysuru,46241.01,1,0.0,35567.55,10673.46,Debit Card
ORD0003819,2025-02-01,CUST00069,Karan Sharma,PROD0008,Laptop Item 8,Electronics,Laptops,West,Rajasthan,Jaipur,224080.11,4,0.05,185927.48,38152.63,Credit Card
ORD0004935,2025-02-01,CUST00881,Kavya Reddy,PROD0059,Accessorie Item 59,Clothing,Accessories,West,Maharashtra,Pune,9550.43,4,0.15,8556.08,994.35,Credit Card
ORD0005404,2025-02-20,CUST00554,Rohan Rao,PROD0060,Accessorie Item 60,Apparel,Accessories,South,Tamil Nadu,Coimbatore,1346.82,3,0.0,892.14,454.68,Debit Card
ORD0004851,2025-02-14,CUST00160,Rajesh Joshi,PROD0060,Accessorie Item 60,Clothing,Accessories,East,West Bengal,Howrah,1705.97,4,0.05,1189.52,516.45,UPI
ORD0003940,2025-02-27,CUST00056,Saanvi Joshi,PROD0068,Snack Item 68,Grocery,Snacks,South,Telangana,Warangal,957.96,2,0.1,757.6,200.36,Credit Card
ORD0005399,2025-02-18,CUST00553,Ananya Patel,PROD0074,Staple Item 74,Grocery,Staples,East,West Bengal,Kolkata,208.11,1,0.25,206.59,1.52,Credit Card
ORD0003767,2025-02-02,CUST00304,Ananya Singh,PROD0080,Personal Care Item 80,Grocery,Personal Care,West,Rajasthan,Jaipur,4242.36,7,0.1,3419.08,823.28,Credit Card
ORD0005630,2025-02-13,CUST00678,Meera Khan,PROD0029,Bookcase Item 29,Furniture,Bookcases,North,Punjab,Amritsar,54771.34,2,0.0,37212.5,17558.84,Credit Card
ORD0004021,2025-02-11,CUST00094,Ishaan Reddy,PROD0078,Personal Care Item 78,Grocery ,Personal Care,North,Punjab,Amritsar,1071.74,3,0.05,810.78,260.96,UPI
ORD0006389,2025-02-22,CUST00167,Ananya Chatterjee,PROD0092,Art Supplie Item 92,Office-Supplies,Art Supplies,West,Rajasthan,Udaipur,22203.44,4,0.0,16893.04,5310.4,Debit Card
ORD0005302,2025-02-02,CUST00123,Karan Verma,PROD0087,Binder Item 87,Office Supplies,Binders,South,Karnataka,Mysuru,8157.78,3,0.0,6395.58,1762.2,Net Banking
ORD0004208,2025-02-06,CUST00308,Aryan Das,PROD0086,Binder Item 86,OfficeSupplies,Binders,North,Delhi,Dwarka,23684.08,6,0.25,22185.9,1498.18,Credit Card
ORD0004598,2025-02-28,CUST00806,Shreya Patel,PROD0080,Personal Care Item 80,Grocery,Personal Care,East,Bihar,Patna,2154.85,4,0.2,1953.76,201.09,Credit Card
ORD0005336,2025-02-07,CUST00054,Shreya Das,PROD0092,Art Supplie Item 92,Office Supplies,Art Supplies,West,Maharashtra,Pune,31084.82,7,0.2,29562.82,1522.0,UPI
ORD0006798,2025-02-10,CUST00687,Rahul Reddy,PROD0029,Bookcase Item 29,Furniture,Bookcases,North,Delhi,Rohini,136928.35,5,0.0,93031.25,43897.1,Credit Card
ORD0004199,2025-02-06,CUST00578,Ananya Kumar,PROD0071,Dairy Item 71,Grocery,Dairy,North,Delhi,Rohini,621.92,5,0.2,557.3,64.62,Net Banking
ORD0004235,2025-02-19,CUST00016,Rahul Gupta,PROD0007,Laptop Item 7,Electronics,Laptops,West,Maharashtra,Nagpur,360736.23,7,0.05,302312.99,58423.24,UPI
ORD0005956,2025-02-20,CUST00053,Shreya Joshi,PROD0052,Kids Wear Item 52,Clothing,Kids Wear,North,Delhi,New Delhi,3109.64,4,0.0,1828.72,1280.92,UPI
ORD0004390,2025-02-18,CUST00392,Diya Verma,PROD0039,Storage Unit Item 39,Furniture,Storage Units,South,Tamil Nadu,Chennai,70989.79,5,0.15,54295.75,16694.04,Debit Card
ORD0005219,2025-02-11,CUST00478,Shreya Kumar,PROD0070,Dairy Item 70,Grocery,Dairy,West,Maharashtra,Pune,556.06,1,0.0,323.32,232.74,UPI
ORD0006597,2025-02-19,CUST00724,Rajesh Malhotra,PROD0076,Staple Item 76,Grocery,Staples,South,Telangana,Warangal,4090.15,5,0.0,2381.85,1708.3,Debit Card
ORD0005659,2025-02-18,CUST00352,Kabir Patel,PROD0067,Snack Item 67,Grocery,Snacks,South,Tamil Nadu,Chennai,2858.72,6,0.25,2960.76,-102.04,Credit Card
ORD0005853,2025-02-12,CUST00135,Karan Kumar,PROD0095,Storage Item 95,Office Supplies,Storage,North,Punjab,Amritsar,2495.25,1,0.15,1949.56,545.69,Cash on Delivery
ORD0005899,2025-02-17,CUST00107,Shreya Khan,PROD0090,Art Supplie Item 90,Office Supplies,Art Supplies,East,Odisha,Cuttack,3063.99,1,0.2,2426.41,637.58,UPI
ORD0005044,2025-02-25,CUST00236,Manish Joshi,PROD0064,Beverage Item 64,Grocery,Beverages,West,Maharashtra,Pune,6154.22,6,0.1,4387.14,1767.08,Cash on Delivery
ORD0004530,2025-02-26,CUST00529,Rahul Joshi,PROD0077,Personal Care Item 77,Grocery,Personal Care,South,Tamil Nadu,Chennai,2180.26,7,0.15,1499.68,680.58,UPI
ORD0003991,2025-02-28,CUST00175,Kabir Patel,PROD0048,Women's Wear Item 48,Clothing,Women's Wear,West,Gujarat,Ahmedabad,14872.0,5,0.2,12260.05,2611.95,Credit Card
ORD0006427,2025-02-22,CUST00866,Shreya Rao,PROD0082,Paper Item 82,Office Supplies,Paper,North,Haryana,Faridabad,3210.26,2,0.0,2267.62,942.64,UPI
ORD0003847,2025-02-15,CUST00106,Rohan Mehta,PROD0098,Appliance Item 98,Office Supplies,Appliances,South,Tamil Nadu,Chennai,16896.56,5,0.05,11605.2,5291.36,Debit Card
ORD0004557,2025-02-13,CUST00476,Aditi Iyer,PROD0033,Sofa Item 33,Furniture,Sofas,East,Odisha,Bhubaneswar,160161.31,6,0.2,134236.74,25924.57,Debit Card
ORD0006546,02-10-2025,CUST00542,Rajesh Singh,PROD0048,Women's Wear Item 48,Clothing,Women's Wear,South,Karnataka,Bengaluru,3532.1,1,0.05,2452.01,1080.09,Cash on Delivery
ORD0004226,2025-02-28,CUST00417,Rahul Patel,PROD0027,Table Item 27,Furniture,Tables,East,West Bengal,Kolkata,23388.7,3,0.15,16243.14,7145.56,UPI
ORD0005697,2025-02-15,CUST00797,Kavya Sharma,PROD0064,Beverage Item 64,Grocery,Beverages,North,Punjab,Ludhiana,unknown,6,0.05,4387.14,2108.98,UPI
ORD0004295,16/02/2025,CUST00192,Rajesh Gupta,PROD0023,Chair Item 23,FURNITURE,Chairs,East,Bihar,Gaya,38844.46,3,0.2,29682.75,9161.71,Debit Card
ORD0005479,2025-02-18,CUST00615,Ishaan Iyer,PROD0080,,Grocery,Personal Care,East,Bihar,Patna,3838.32,6,0.05,2930.64,907.68,UPI
ORD0005823,2025-02-08,CUST00219,Pooja Rao,PROD0035,Sofa Item 35,Furniture,Sofas,North,Delhi,Dwarka,39522.1,2,,23789.52,15732.58,Debit Card
ORD0004531,2025-02-18,CUST00145,Vikram Khan,PROD0026,Table Item 26,Furniture,Tables,East,Bihar,Patna,1691964.0,4,0.2,46409.72,14246.54,Credit Card
ORD0005164,11 February 2025,CUST00858,Riya Rao,PROD0030,Bookcase Item 30,Furniture,Bookcases,West,Rajasthan,Udaipur,110746.38,7,0.1,83974.87,26771.51,Credit Card
ORD0005987,02-20-2025,CUST00841,Rajesh Sharma,PROD0005,Laptop Item 5,ELECTRONICS,Laptops,South,Tamil Nadu,Coimbatore,65070.08,5,0.2,50729.75,14340.33,UPI
ORD0004053,2025-02-18,CUST00135,Karan Kumar,PROD0100,Appliance Item 100,Office Supplies,Appliances,North,Delhi,Dwarka,13202.27,3,0.15,9193.83,4008.44,Net Banking
ORD0006757,2025-02-09,CUST00433,Divya Mehta,PROD0069,Dairy Item 69,Grocery,Dairy,North,Punjab,Ludhiana,1198.04,3,0.1,867.96,330.08,Credit Card
ORD0005874,2025-02-28,CUST00030,Manish Das,PROD0035,Sofa Item 35,Furniture,Sofas,West,Maharashtra,Mumbai,47426.52,3,0.2,35684.28,11742.24,UPI
ORD0004962,2025-02-12,CUST00787,Manish Chatterjee,PROD0013,Headphone Item 13,Electronics,Headphones,South,Karnataka,Bengaluru,11170.71,1,0.0,6851.15,4319.56,Debit Card
ORD0005217,16-Feb-2025,CUST00119,Riya Reddy,PROD0048,Women's Wear Item 48,Clothing,Women's Wear,West,Maharashtra,Pune,10038.6,3,0.1,7356.03,2682.57,Debit Card
ORD0003851,2025-02-21,CUST00725,Manish Verma,PROD0053,Footwear Item 53,Clothing,Footwear,North,Haryana,Faridabad,13857.11,7,0.25,11976.86,1880.25,UPI
ORD0006693,2025-02-06,CUST00271,Tanvi Sharma,PROD0075,Staple Item 75,Grocery,Staples,North,Haryana,Gurugram,883.76,1,0.15,635.97,247.79,Debit Card
ORD0006190,2025-02-10,CUST00501,Nikhil Mehta,PROD0035,Sofa Item 35,Furniture,Sofas,North,Delhi,Dwarka,79044.2,4,0.0,47579.04,31465.16,Net Banking
ORD0004473,2025-02-17,CUST00549,Divya Joshi,PROD0071,Dairy Item 71,Grocery,Dairy,West,Maharashtra,Nagpur,310.96,2,0.0,222.92,88.04,Debit Card
ORD0005545,12-Feb-2025,CUST00514,Aditi Iyer,PROD0038,Storage Unit Item 38,Furniture,Storage Units,East,Bihar,Patna,44826.43,4,0.05,33125.88,11700.55,Debit Card
ORD0005143,2025-02-04,CUST00796,Manish Nair,PROD0098,Appliance Item 98,Office Supplies,Appliances,East,West Bengal,Kolkata,13517.25,4,0.05,9284.16,4233.09,Net Banking
ORD0005979,2025-02-28,CUST00845,Rajesh Verma,PROD0023,Chair Item 23,Furniture,Chairs,East,Odisha,Bhubaneswar,38844.46,3,0.2,29682.75,9161.71,Debit Card
ORD0005269,2025-02-25,CUST00881,Kavya Reddy,PROD0097,Appliance Item 97,Office Supplies,Appliances,East,Bihar,Gaya,1355.24,1,0.25,1110.31,244.93,UPI
ORD0005314,2025-02-12,CUST00418,Divya Joshi,PROD0095,Storage Item 95,Office Supplies,Storage,North,Delhi,New Delhi,8806.77,3,0.0,5848.68,2958.09,Net Banking
ORD0006504,2025-02-12,CUST00108,Manish Iyer,PROD0081,Paper Item 81,Office Supplies,Paper,South,Tamil Nadu,Chennai,27180.64,5,0.05,20099.8,7080.84,Debit Card
ORD0006441,28-Feb-2025,CUST00629,Meera Singh,PROD0013,Headphone Item 13,Electronics,Headphones,East,Bihar,Patna,33512.13,3,0.0,20553.45,21058.34,UPI
ORD0006396,2025-02-18,CUST00172,Karan Singh,PROD0078,Personal Care Item 78,Grocery,Personal Care,North,Haryana,Gurugram,376.05,1,0.0,270.26,105.79,Credit Card
ORD0003998,2025-02-07,CUST00450,Aditi Kumar,PROD0057,Accessorie Item 57,Clothing,Accessories,North,Haryana,Faridabad,3688.74,-2,0.1,3227.72,1188.67,Debit Card
ORD0004690,2025-02-13,CUST00436,Rahul Gupta,PROD0082,Paper Item 82,Office Supplies,Paper,West,Maharashtra,Pune,3852.31,3,0.2,3401.43,450.88,Credit Card
ORD0004109,2025-02-01,CUST00817,Aditi Rao,PROD0005,Laptop Item 5,Electronics,Laptops,West,Gujarat,Surat,32535.04,2,0.0,20291.9,12243.14,UPI
ORD0004654,2025-02-08,CUST00703,Kabir Patel,PROD0060,Accessorie Item 60,Clothing,Accessories,North,Delhi,New Delhi,2514.06,7,0.2,2081.66,432.4,Debit Card
ORD0004903,02-26-2025,CUST00264,Sneha Patel,PROD0066,Snack Item 66,Grocery,Snacks,West,Gujarat,Surat,556.87,1,0.2,508.11,48.76,UPI
ORD0006797,2025-02-13,CUST00288,Aarav Nair,PROD0100,Appliance Item 100,Office Supplies,Appliances,West,Maharashtra,Nagpur,17603.02,4,0.15,12258.44,5344.58,Debit Card
ORD0004837,26-Feb-2025,CUST00332,Vivaan Gupta,PROD0059,Accessorie Item 59,Clothing,Accessories,South,Tamil Nadu,Chennai,16011.01,6,0.05,12834.12,3176.89,UPI
ORD0006174,04-Feb-2025,CUST00886,Arjun Reddy,PROD0082,Paper Item 82,Office Supplies,Paper,North,Haryana,Faridabad,9550.52,7,0.15,7936.67,1613.85,Credit Card
ORD0004946,2025-02-05,CUST00434,Nikhil Chatterjee,PROD0061,Beverage Item 61,Grocery,Beverages,East,Bihar,Gaya,3229.08,4,0.25,3174.84,54.24,Credit Card
ORD0005490,2025-02-03,CUST00447,Sanya Malhotra,PROD0093,Storage Item 93,Office Supplies,Storage,West,Rajasthan,Jaipur,21137.08,4,0.1,17291.24,3845.84,Credit Card
ORD0005112,02-07-2025,CUST00192,Rajesh Gupta,PROD0096,Storage Item 96,Office Supplies,Storage,North,Haryana,Faridabad,1517.34,1,0.0,1079.14,438.2,UPI
ORD0006626,2025-02-21,CUST00019,Divya Chatterjee,PROD0012,Television Item 12,Electronics,Televisions,West,Rajasthan,Jaipur,263061.68,7,0.0,180352.76,82708.92,Debit Card
ORD0005561,2025-02-07,CUST00329,Manish Das,PROD0062,Beverage Item 62,Grocery,Beverages,East,Bihar,Patna,2678.8,3,0.25,2438.97,239.83,Credit Card
ORD0004830,2025-02-02,CUST00208,Aarav Das,PROD0013,Headphone Item 13,Electronics,Headphones,West,Rajasthan,Udaipur,30160.92,3,0.1,20553.45,9607.47,Cash on Delivery
ORD0005338,2025-02-12,CUST00208,Aarav Das,PROD0044,Men's Wear Item 44,Clothing,Men's Wear,South,Telangana,Hyderabad,5861.74,5,0.25,4396.5,1465.24,Net Banking
ORD0006543,2025-02-10,CUST00621,Sanya Joshi,PROD0051,Kids Wear Item 51,Clothing,Kids Wear,East,West Bengal,Howrah,450.19,1,0.15,351.97,98.22,UPI
ORD0006327,2025-02-18,CUST00600,Nikhil Kumar,PROD0054,Footwear Item 54,Clothing,Footwear,North,Delhi,New Delhi,20038.59,6,0.1,14022.3,6016.29,Net Banking
ORD0005999,2025-02-11,CUST00616,Nikhil Mehta,PROD0013,Headphone Item 13,Electronics,Headphones,North,Delhi,Dwarka,50268.19,6,0.25,41106.9,9161.29,Credit Card
ORD0006025,2025-02-17,CUST00635,Rajesh Sharma,PROD0054,Footwear Item 54,Clothing,Footwear,South,Tamil Nadu,Coimbatore,6308.44,2,0.15,4674.1,1634.34,Debit Card
ORD0005839,2025-02-06,CUST00740,Meera Reddy,PROD0006,Laptop Item 6,Electronics,Laptops,North,Punjab,Amritsar,92482.02,2,0.0,71135.1,21346.92,Credit Card
ORD0006763,2025-02-27,CUST00057,Vikram Khan,PROD0002,Mobile Phone Item 2,Electronics,Mobile Phones,East,West Bengal,Kolkata,28998.41,7,0.0,19439.77,9558.64,Debit Card
ORD0006608,2025-02-19,CUST00812,Sneha Sharma,PROD0075,Staple Item 75,Grocery,Staples,South,Telangana,Warangal,6550.24,7,0.1,4451.79,2098.45,Cash on Delivery
ORD0004196,2025-02-06,CUST00703,Kabir Patel,PROD0053,Footwear Item 53,Clothing,Footwear,East,West Bengal,Howrah,5278.9,2,0.0,3421.96,1856.94,Debit Card
ORD0005253,2025-02-27,CUST00056,Saanvi Joshi,PROD0081,Paper Item 81,Office Supplies,Paper,North,Delhi,New Delhi,21744.51,4,0.05,16079.84,5664.67,UPI
ORD0005675,2025-02-26,CUST00654,Rohan Gupta,PROD0047,Women's Wear Item 47,Clothing,Women's Wear,South,Tamil Nadu,Chennai,15534.96,6,0.2,11709.24,3825.72,Debit Card
ORD0004346,2025-02-27,CUST00763,Karan Sharma,PROD0023,Chair Item 23,Furniture,Chairs,West,Gujarat,Ahmedabad,38844.46,3,0.2,29682.75,9161.71,UPI
ORD0006187,2025-02-15,CUST00418,Divya Joshi,PROD0079,Personal Care Item 79,Grocery,Personal Care,East,Bihar,Patna,7678.16,7,0.0,4611.74,3066.42,Credit Card
ORD0004705,2025-02-17,CUST00248,Saanvi Reddy,PROD0050,Kids Wear Item 50,Clothing,Kids Wear,South,Karnataka,Bengaluru,10733.74,3,0.1,7397.04,3336.7,Credit Card
ORD0005003,2025-02-03,CUST00801,Ananya Mehta,PROD0091,Art Supplie Item 91,Office Supplies,Art Supplies,East,West Bengal,Howrah,6163.24,5,0.2,5995.05,168.19,Debit Card
ORD0006195,2025-02-21,CUST00169,Rajesh Nair,PROD0045,Women's Wear Item 45,Clothing,Women's Wear,North,Delhi,Dwarka,6659.28,5,0.15,5865.0,794.28,Debit Card
ORD0005629,2025-02-01,CUST00213,Neha Gupta,PROD0011,Television Item 11,Electronics,Televisions,East,West Bengal,Howrah,40887.3,6,0.05,32772.24,8115.06,UPI
ORD0005230,2025-02-09,CUST00768,Nikhil Sharma,PROD0054,Footwear Item 54,Clothing,Footwear,North,Delhi,Rohini,5566.28,2,0.25,4674.1,892.18,UPI
ORD0004847,2025-02-07,CUST00360,Rohan Kumar,PROD0028,Table Item 28,furniture,Tables,West,Gujarat,Ahmedabad,131794.6,5,0.2,127181.35,4613.25,UPI
ORD0005964,02-18-2025,CUST00333,Pooja Mehta,PROD0048,Women's Wear Item 48,Clothing,Women's Wear,South,Tamil Nadu,Coimbatore,18590.0,5,0.0,12260.05,6329.95,Credit Card
ORD0005759,2025-02-17,CUST00266,Pooja Patel,PROD0027,Table Item 27,Furniture,Tables,East,Bihar,Gaya,9172.04,1,0.0,5414.38,3757.66,UPI
ORD0006596,2025-02-11,CUST00501,Nikhil Mehta,PROD0051,Kids Wear Item 51,Clothing,Kids Wear,West,Rajasthan,Udaipur,3151.3,7,0.15,2463.79,687.51,Debit Card
ORD0006154,2025-02-04,CUST00191,Aarav Rao,PROD0024,Chair Item 24,Furniture,Chairs,West,Rajasthan,Udaipur,45162.7,2,0.1,38279.58,6883.12,Credit Card
ORD0006252,2025-02-27,CUST00721,Shreya Singh,PROD0096,Storage Item 96,Office Supplies,Storage,North,Haryana,Gurugram,3034.68,2,0.0,2158.28,876.4,UPI
ORD0005406,2025-02-23,CUST00573,Ananya Khan,PROD0094,Storage Item 94,Office Supplies,Storage,North,Delhi,Rohini,14756.93,4,0.2,13662.12,1094.81,Credit Card
ORD0005640,2025-02-05,CUST00527,Sanya Malhotra,PROD0048,Women's Wear Item 48,Clothing,Women's Wear,South,Tamil Nadu,Coimbatore,21192.6,6,,14712.06,6480.54,Cash on Delivery
ORD0003987,2025-02-28,CUST00443,Nikhil Mehta,PROD0098,Appliance Item 98,Office Supplies,Appliances,South,Telangana,Hyderabad,16007.26,5,0.1,11605.2,4402.06,Credit Card
ORD0005290,2025-02-19,CUST00831,Karan Kumar,PROD0018,Camera Item 18,electronics,Cameras,East,West Bengal,Kolkata,280095.9,6,0.0,168534.66,111561.24,Debit Card
ORD0005751,19-Feb-2025,CUST00247,Manish Kumar,PROD0003,Mobile Phone Item 3,Electronics,Mobile Phones,South,Tamil Nadu,Coimbatore,172862.82,4,0.25,164364.84,8497.98,Credit Card
ORD0005495,2025-02-09,CUST00688,Amit Malhotra,PROD0079,Personal Care Item 79,grocery,Personal Care,West,Rajasthan,Jaipur,4935.96,5,0.1,3294.1,1641.86,Debit Card
ORD0005535,2025-02-14,CUST00723,Ishaan Sharma,PROD0011,Television Item 11,ELECTRONICS,Televisions,South,Telangana,Hyderabad,25823.56,4,0.1,21848.16,3975.4,UPI
ORD0005653,2025-02-09,CUST00485,Sneha Sharma,PROD0007,Laptop Item 7,Electronics,Laptops,West,Gujarat,Ahmedabad,325476.3,6,0.0,259125.42,66350.88,Debit Card
ORD0005182,2025-02-24,CUST00509,Kavya Khan,PROD0005,Laptop Item 5,Electronics ,Laptops,West,Gujarat,Surat,48802.56,4,0.25,40583.8,8218.76,Credit Card
ORD0004939,2025-02-22,CUST00617,Pallavi Mehta,PROD0073,Staple Item 73,grocery,Staples,West,Rajasthan,Jaipur,509.11,7,0.0,321.58,449.07,Debit Card
ORD0004513,2025-02-16,CUST00819,Ishaan Kumar,PROD0088,Binder Item 88,Office Supplies,Binders,East,Bihar,Gaya,10277.02,2,0.0,6480.22,3796.8,UPI
ORD0004422,2025-02-15,CUST00838,Tanvi Malhotra,PROD0041,Men's Wear Item 41,Clothing,Men's Wear,East,Odisha,Cuttack,15831.32,N/A,0.2,14932.45,898.87,Net Banking
ORD0004493,2025-02-14,CUST00005,Meera Verma,PROD0044,Men's Wear Item 44,Clothing,Men's Wear,North,Haryana,Gurugram,2657.32,2,0.15,1758.6,898.72,Debit Card
ORD0005133,2025-02-11,CUST00611,Riya Singh,PROD0030,Bookcase Item 30,Furniture,Bookcases,South,Tamil Nadu,Coimbatore,123051.53,7,0.0,83974.87,39076.66,UPI
ORD0004726,02-16-2025,CUST00273,Nikhil Sharma,PROD0068,Snack Item 68,Grocery,Snacks,West,Maharashtra,Mumbai,2661.0,5,0.0,1894.0,767.0,Credit Card
ORD0003783,2025-02-05,CUST00746,Saanvi Khan,PROD0013,Headphone Item 13,Electronics,Headphones,North,Punjab,Amritsar,44682.84,4,0.0,27404.6,17278.24,Credit Card
ORD0004919,2025-02-13,CUST00021,Ishaan Joshi,PROD0014,Headphone Item 14,electronics,Headphones,West,Gujarat,Ahmedabad,43513.0,5,0.2,41499.6,2013.4,Debit Card
ORD0005377,2025-02-13,CUST00201,Pallavi Joshi,PROD0070,Dairy Item 70,Grocery,Dairy,South,Karnataka,Bengaluru,1668.18,3,0.0,969.96,698.22,Credit Card
ORD0006585,2025-02-13,CUST00772,Aditi Kumar,PROD0064,Beverage Item 64,Grocery,Beverages,North,Haryana,Faridabad,2165.37,2,0.05,1462.38,702.99,UPI
ORD0004848,2025-02-05,CUST00747,Aarav Nair,PROD0079,Personal Care Item 79,Grocery,Personal Care,North,Punjab,Ludhiana,877.5,1,0.2,658.82,585.92,Debit Card
ORD0006398,2025-02-02,CUST00332,Vivaan Gupta,PROD0061,Beverage Item 61,Grocery,Beverages,West,Maharashtra,Mumbai,1076.36,1,0.0,793.71,282.65,UPI
ORD0005554,2025-02-28,CUST00020,Saanvi Das,PROD0032,Bookcase Item 32,Furniture,Bookcases,West,Gujarat,Surat,22550.59,5,0.15,15425.0,7125.59,UPI
ORD0005944,2025-02-04,CUST00663,Divya Gupta,PROD0084,Paper Item 84,Office Supplies,Paper,North,Haryana,Faridabad,2335.19,1,0.05,1773.16,562.03,Debit Card
ORD0004577,20 February 2025,CUST00849,Priya Patel,PROD0005,Laptop Item 5,Electronics,Laptops,West,Rajasthan,Jaipur,73203.84,6,,60875.7,12328.14,Credit Card
ORD0005595,2025-02-22,CUST00429,Rohan Sharma,PROD0070,Dairy Item 70,Grocery,Dairy,West,Maharashtra,Nagpur,1112.12,2,0.0,646.64,465.48,Debit Card
ORD0006497,2025-02-27,CUST00729,Pallavi Khan,PROD0069,Dairy Item 69,Grocery,Dairy,East,Odisha,Bhubaneswar,1264.6,3,0.05,867.96,396.64,Credit Card
ORD0005101,2025-02-05,CUST00761,Divya Mehta,PROD0083,Paper Item 83,Office Supplies,Paper,West,Maharashtra,Mumbai,3583.62,2,0.1,3161.68,421.94,Debit Card
ORD0004922,2025-02-19,CUST00427,Rajesh Gupta,PROD0080,Personal Care Item 80,Grocery,Personal Care,North,Delhi,Dwarka,3366.95,5,0.0,2442.2,924.75,Credit Card
ORD0006724,2025-02-01,CUST00600,Nikhil Kumar,PROD0082,Paper Item 82,Office Supplies,Paper,West,Maharashtra,Nagpur,9630.78,6,0.0,6802.86,2827.92,Cash on Delivery
ORD0006329,02-20-2025,CUST00064,Aditi Joshi,PROD0026,Table Item 26,Furniture,Tables,North,Haryana,Faridabad,16111.82,1,0.15,11602.43,7505.56,Debit Card
ORD0005272,2025-02-23,CUST00651,Manish Reddy,PROD0037,Storage Unit Item 37,Furniture,Storage Units,North,Punjab,Ludhiana,18499.16,4,0.05,15173.44,3325.72,Credit Card
ORD0006040,2025-02-27,CUST00076,Divya Iyer,PROD0008,Laptop Item 8,Electronics,Laptops,West,Gujarat,Ahmedabad,141524.28,3,0.2,139445.61,2078.67,Credit Card
ORD0006297,2025-02-21,CUST00791,Saanvi Gupta,PROD0056,Footwear Item 56,Clothing,Footwear,West,Maharashtra,Pune,13709.1,5,0.0,9595.35,4113.75,Debit Card
ORD0003713,2025-02-08,CUST00676,Vivaan Reddy,PROD0085,Binder Item 85,Office Supplies,Binders,West,Rajasthan,Jaipur,1422.24,6,0.0,924.48,497.76,Credit Card
ORD0003709,2025-02-16,CUST00600,Nikhil Kumar,PROD0038,Storage Unit Item 38,Furniture,Storage Units,South,Karnataka,Bengaluru,58982.15,5,0.0,41407.35,17574.8,UPI
ORD0003772,2025-02-27,CUST00235,Kabir Rao,PROD0019,Camera Item 19,Electronics,Cameras,West,Maharashtra,Pune,215004.08,4,0.05,131302.72,83701.36,Cash on Delivery
ORD0006620,02/02/2025,CUST00175,Kabir Patel,PROD0064,Beverage Item 64,Grocery,Beverages,South,Karnataka,Bengaluru,3874.88,4,0.15,2924.76,950.12,Credit Card
ORD0005047,2025-02-08,CUST00825,Pallavi Chatterjee,PROD0072,Dairy Item 72,Grocery,Dairy,West,Rajasthan,Jaipur,1607.7,2,0.0,1150.68,1004.62,Credit Card
ORD0005871,2025-02-19,CUST00731,Shreya Nair,PROD0070,Dairy Item 70,Grocery,Dairy,East,West Bengal,Howrah,556.06,1,0.0,323.32,232.74,UPI
ORD0005246,2025-02-28,CUST00710,Divya Khan,PROD0032,Bookcase Item 32,Furniture,Bookcases,East,Odisha,Cuttack,14326.25,3,0.1,9255.0,5071.25,Cash on Delivery
ORD0005248,2025-02-24,CUST00821,Tanvi Sharma,PROD0025,Table Item 25,FURNITURE,Tables,West,Gujarat,Surat,175049.68,6,0.05,116975.64,58074.04,Debit Card
ORD0004200,2025-02-15,CUST00555,Rajesh Sharma,PROD0006,Laptop Item 6,Electronics,Laptops,East,Odisha,Bhubaneswar,184964.04,4,0.0,142270.2,42693.84,Credit Card
ORD0003981,2025-02-02,CUST00244,Arjun Singh,PROD0046,Women's Wear Item 46,Clothing,Women's Wear,East,West Bengal,Kolkata,13280.5,6,0.15,11526.06,1754.44,Credit Card
ORD0005238,2025-02-15,CUST00432,Diya Joshi,PROD0080,Personal Care Item 80,Grocery,Personal Care,North,Haryana,Gurugram,1279.44,2,0.05,976.88,302.56,Debit Card
ORD0004636,2025-02-17,CUST00149,Divya Khan,PROD0024,Chair Item 24,Furniture,Chairs,East,Odisha,Cuttack,63980.49,3,0.15,57419.37,6561.12,Credit Card
ORD0006659,2025-02-21,CUST00887,Arjun Reddy,PROD0051,Kids Wear Item 51,Clothing,Kids Wear,South,Telangana,Warangal,2648.15,5,0.0,1759.85,888.3,UPI
ORD0005722,2025-02-20,CUST00523,Tanvi Patel,PROD0066,Snack Item 66,Grocery,Snacks,West,Gujarat,Ahmedabad,3132.4,5,0.1,2540.55,591.85,UPI
ORD0004912,2025-02-07,CUST00097,Karan Nair,PROD0065,Snack Item 65,Grocery,Snacks,South,Telangana,Hyderabad,674.47,1,0.25,585.24,89.23,Credit Card
ORD0006791,2025-02-07,CUST00220,Aditi Reddy,PROD0028,Table Item 28,Furniture,Tables,South,Tamil Nadu,Chennai,88961.36,3,0.1,76308.81,12652.55,UPI
ORD0004357,2025-02-27,CUST00091,Rajesh Patel,PROD0051,Kids Wear Item 51,Clothing,Kids Wear,North,Haryana,Gurugram,503.15,1,0.05,351.97,151.18,Debit Card
ORD0005619,2025-02-14,CUST00574,Sanya Joshi,PROD0020,Camera Item 20,Electronic,Cameras,West,Rajasthan,Jaipur,358588.88,7,0.05,217077.98,141510.9,UPI
ORD0003848,2025-02-03,CUST00747,Aarav Nair,PROD0065,Snack Item 65,Grocery,Snacks,North,Haryana,Faridabad,674.47,1,0.25,585.24,89.23,Net Banking
ORD0005252,2025-02-13,CUST00310,Vivaan Patel,PROD0060,Accessorie Item 60,Clothing,Accessories,South,Tamil Nadu,Coimbatore,3142.58,7,0.0,2081.66,1060.92,Debit Card
ORD0005015,2025-02-03,CUST00542,Rajesh Singh,PROD0049,Kids Wear Item 49,Clothing,Kids Wear,South,Telangana,Warangal,15986.1,6,0.0,8801.58,7184.52,UPI
ORD0006076,18-Feb-2025,CUST00176,Sanya Sharma,PROD0076,Staple Item 76,Grocery,Staples,West,Rajasthan,Jaipur,5726.21,7,0.0,3334.59,2391.62,Credit Card
ORD0006120,2025-02-25,CUST00313,Karan Gupta,PROD0003,Mobile Phone Item 3,Electronic,Mobile Phones,North,Punjab,Ludhiana,322677.26,7,0.2,287638.47,35038.79,UPI
ORD0004585,2025-02-03,CUST00589,Ananya Gupta,PROD0074,Staple Item 74,Grocery,Staples,North,Delhi,Dwarka,1387.4,5,0.0,1032.95,354.45,UPI
ORD0005149,06 February 2025,CUST00068,Shreya Iyer,PROD0016,Headphone Item 16,Electronics,Headphones,North,Punjab,Amritsar,105380.35,7,0.2,84674.87,20705.48,UPI
ORD0006737,2025-02-27,CUST00327,Meera Joshi,PROD0047,Women's Wear Item 47,Clothing,Women's Wear,West,Gujarat,Ahmedabad,2589.16,1,0.2,1951.54,637.62,Credit Card
ORD0004135,2025-02-18,CUST00412,Ishaan Das,PROD0009,Television Item 9,ELECTRONICS,Televisions,West,Gujarat,Ahmedabad,29933.4,7,0.25,23326.03,6607.37,Debit Card
ORD0004225,2025-02-19,CUST00665,Aryan Nair,PROD0032,Bookcase Item 32,Furniture,Bookcases,North,Haryana,Gurugram,31836.12,6,0.0,18510.0,23441.9,Debit Card
ORD0005912,2025-02-04,,Aditi Iyer,PROD0096,Storage Item 96,Office Supplies,Storage,West,Maharashtra,Mumbai,5158.96,4,0.15,4316.56,842.4,UPI
ORD0004806,2025-02-22,CUST00585,Pallavi Rao,PROD0047,Women's Wear Item 47,Clothing,Women's Wear,East,West Bengal,Howrah,12298.51,4,0.05,7806.16,4492.35,UPI
ORD0006147,2025-02-23,CUST00080,Sanya Joshi,PROD0053,Footwear Item 53,Clothing,Footwear,West,Maharashtra,Pune,10557.8,4,0.0,6843.92,3713.88,Debit Card
ORD0005565,2025-02-24,CUST00576,Kavya Singh,PROD0080,Personal Care Item 80,Grocery,Personal Care,South,Telangana,Hyderabad,3366.95,5,0.0,2442.2,924.75,Credit Card
ORD0004370,2025-02-23,CUST00418,Divya Joshi,PROD0064,Beverage Item 64,Grocery,Beverages,North,Punjab,Amritsar,6382.15,7,0.2,5118.33,1263.82,UPI
ORD0003859,17-Feb-2025,CUST00268,Pooja Patel,PROD0047,Women's Wear Item 47,Clothing,Women's Wear,North,Haryana,Faridabad,11651.22,4,0.1,7806.16,3845.06,Debit Card
ORD0004104,2025-02-26,CUST00027,Arjun Khan,PROD0076,Staple Item 76,Grocery,Staples,East,Bihar,Gaya,2454.09,3,0.0,1429.11,1024.98,Net Banking
ORD0003749,2025-02-22,CUST00245,Manish Kumar,PROD0026,Table Item 26,Furniture,Tables,South,Karnataka,Bengaluru,28432.62,2,0.25,23204.86,5227.76,Debit Card
ORD0004743,2025-02-06,CUST00536,Aryan Gupta,PROD0097,Appliance Item 97,Office Supplies,Appliances,East,Odisha,Cuttack,N/A,6,0.25,6661.86,1469.6,Debit Card
ORD0005173,2025-02-18,CUST00751,Sanya Iyer,PROD0066,Snack Item 66,Grocery,Snacks,East,Bihar,Gaya,1044.14,2,0.25,1016.22,27.92,UPI
ORD0003876,2025-02-26,CUST00158,Rohan Das,PROD0098,Appliance Item 98,Office Supplies,Appliances,West,Maharashtra,Nagpur,2845.74,1,0.2,2321.04,524.7,Cash on Delivery
ORD0006436,2025-02-27,CUST00364,Tanvi Verma,PROD0036,Sofa Item 36,Furniture,Sofas,East,Odisha,Cuttack,52969.9,7,0.2,36914.29,16055.61,UPI
ORD0006516,2025-02-26,CUST00839,Ishaan Reddy,PROD0035,Sofa Item 35,Furniture,Sofas,North,Punjab,Ludhiana,100781.35,6,0.15,71368.56,29412.79,UPI
ORD0005305,02-14-2025,CUST00714,Aryan Rao,PROD0039,Storage Unit Item 39, Furniture,Storage Units,North,Delhi,Rohini,33406.96,2,0.0,21718.3,11688.66,Credit Card
ORD0004069,2025-02-22,CUST00662,Vikram Rao,PROD0043,Men's Wear Item 43,Clothing,Men's Wear,South,Telangana,Hyderabad,4847.64,7,0.2,4727.45,120.19,Credit Card
ORD0006478,2025-02-22,CUST00274,Neha Kumar,PROD0017,Camera Item 17,Electronics,Cameras,North,Punjab,Ludhiana,42812.83,2,0.15,37272.54,5540.29,Credit Card
ORD0003857,2025-02-17,CUST00049,Rohan Das,PROD0096,Storage Item 96,Office Supplies,Storage,West,Rajasthan,Udaipur,2427.74,2,0.2,2158.28,269.46,UPI
ORD0006184,2025-02-19,CUST00720,Ananya Malhotra,PROD0070,Dairy Item 70,Grocery,Dairy,West,Rajasthan,Udaipur,2224.24,5,0.2,1616.6,1780.11,Debit Card
ORD0005455,2025-02-20,CUST00738,Pallavi Iyer,PROD0078,Personal Care Item 78,Grocery,Personal Care,North,Delhi,New Delhi,1015.34,3,0.1,810.78,204.56,Net Banking
ORD0003754,2025-02-06,CUST00356,Aryan Singh,PROD0056,Footwear Item 56,Clothing,Footwear,North,Delhi,New Delhi,4935.28,2,0.1,3838.14,1097.14,UPI
ORD0005051,2025-02-26,CUST00395,Vikram Sharma,PROD0058,Accessorie Item 58,Clothing,Accessories,South,Karnataka,Bengaluru,4704.12,3,0.0,2795.7,1908.42,Cash on Delivery
ORD0005583,2025-02-26,CUST00769,Ishaan Verma,PROD0095,Storage Item 95,Office Supplies,Storage,West,Maharashtra,Nagpur,14677.95,N/A,0.0,9747.8,4930.15,UPI
ORD0004380,2025-02-16,CUST00343,Kabir Joshi,PROD0081,Paper Item 81,Office Supplies,Paper,West,Maharashtra,Pune,10872.26,2,0.05,8039.92,2832.34,Debit Card
ORD0003878,2025-02-11,CUST00114,Nikhil Kumar,PROD0018,Camera Item 18,Electronics,Cameras,North,Punjab,Ludhiana,245083.91,7,0.25,196623.77,48460.14,UPI
ORD0006263,2025-02-13,CUST00172,Karan Singh,PROD0003,Mobile Phone Item 3,Electronics,Mobile Phones,South,Tamil Nadu,Coimbatore,184387.01,4,0.2,164364.84,20022.17,Credit Card
ORD0005743,2025-02-24,CUST00624,Divya Khan,PROD0080,Personal Care Item 80,Grocery ,Personal Care,West,Rajasthan,Jaipur,673.39,1,0.0,488.44,184.95,Credit Card
ORD0004811,02/02/2025,CUST00528,Aditi Malhotra,PROD0023,Chair Item 23,Furniture,Chairs,West,Maharashtra,Pune,32370.38,2,0.0,19788.5,12581.88,Debit Card
ORD0005826,2025-02-22,CUST00183,Diya Singh,PROD0059,Accessorie Item 59,Clothing,Accessories,North,Delhi,New Delhi,16713.25,7,0.15,14973.14,1740.11,UPI
ORD0003926,2025-02-22,CUST00889,Ananya Patel,PROD0073,Staple Item 73,Grocery,Staples,South,Tamil Nadu,Chennai,509.11,-7,0.0,321.58,187.53,Debit Card
ORD0003961,2025-02-17,CUST00252,Rajesh Chatterjee,PROD0028,Table Item 28,FURNITURE,Tables,North,Delhi,New Delhi,52717.84,2,0.2,50872.54,1845.3,Debit Card
ORD0006449,2025-02-10,CUST00642,Kavya Joshi,PROD0038,Storage Unit Item 38,Furniture,Storage Units,West,Rajasthan,Udaipur,23592.86,2,0.0,16562.94,7029.92,Credit Card
ORD0004537,2025-02-23,CUST00310,Vivaan Patel,PROD0065,Snack Item 65,Grocery,Snacks,West,Rajasthan,Udaipur,719.43,1,0.2,585.24,134.19,UPI
ORD0005334,20/02/2025,CUST00101,Arjun Rao,PROD0031,Bookcase Item 31,Furniture,Bookcases,West,Maharashtra,Nagpur,95753.15,5,0.0,63066.95,32686.2,Cash on Delivery
ORD0005482,2025-02-25,CUST00614,Diya Malhotra,PROD0018,Camera Item 18,Electronics,Cameras,East,Bihar,Patna,186730.6,4,0.0,112356.44,74374.16,UPI
ORD0003960,2025-02-20,CUST00102,Priya Mehta,PROD0087,Binder Item 87,Office Supplies,Binders,East,Odisha,Cuttack,2719.26,1,0.0,2131.86,587.4,Cash on Delivery
ORD0004457,2025-02-10,CUST00280,Shreya Chatterjee,PROD0094,Storage Item 94,Office Supplies,Storage,South,Telangana,Hyderabad,27669.24,6,0.0,20493.18,7176.06,Credit Card
ORD0005988,2025-02-06,CUST00533,Manish Reddy,PROD0078,Personal Care Item 78,Grocery,Personal Care,West,Maharashtra,Nagpur,1428.99,4,0.05,1081.04,347.95,UPI
ORD0003900,2025-02-08,CUST00416,Rohan Gupta,PROD0092,Art Supplie Item 92,Office Supplies,Art Supplies,South,Karnataka,Mysuru,27754.3,5,0.0,21116.3,6638.0,Debit Card
ORD0003877,06 February 2025,CUST00894,Kabir Verma,PROD0005,Laptop Item 5,Electronics,Laptops,North,Delhi,Dwarka,55309.57,4,0.15,40583.8,14725.77,Credit Card
ORD0006605,2025-02-14,CUST00812,Sneha Sharma,PROD0013,Headphone Item 13,Electronics,Headphones,North,Punjab,Amritsar,44682.84,5,0.2,34255.75,10427.09,UPI
ORD0003772,2025-02-27,CUST00235,Kabir Rao,PROD0019,Camera Item 19,Electronics,Cameras,West,Maharashtra,Pune,215004.08,4,0.05,131302.72,83701.36,Cash on Delivery
ORD0004084,2025-02-17,CUST00872,Rahul Sharma,PROD0024,Chair Item 24,Furniture,Chairs,South,Karnataka,Bengaluru,42653.66,2,0.15,38279.58,4374.08,Net Banking
ORD0006173,2025-02-21,CUST00612,Rajesh Das,PROD0078,Personal Care Item 78,Grocery,Personal Care,West,Maharashtra,Nagpur,2632.35,7,0.0,1891.82,740.53,UPI
ORD0004417,2025-02-01,CUST00523,Tanvi Patel,PROD0038,Storage Unit Item 38,Furniture,Storage Units,East,West Bengal,Howrah,42467.15,4,0.1,33125.88,9341.27,Net Banking
ORD0005802,2025-02-16,CUST00311,Rahul Khan,PROD0046,Women's Wear Item 46,Clothing,Women's Wear,East,Odisha,Bhubaneswar,4687.24,2,0.1,3842.02,845.22,Net Banking
ORD0006140,2025-02-10,CUST00056,Saanvi Joshi,PROD0073,Staple Item 73,Grocery,Staples,West,Maharashtra,Nagpur,309.1,5,0.15,229.7,79.4,Credit Card
ORD0006065,2025-02-18,CUST00288,Aarav Nair,PROD0089,Art Supplie Item 89,Office Supplies,Art Supplies,East,Bihar,Gaya,20870.89,7,0.1,15594.18,5276.71,Net Banking
ORD0006034,2025-02-05,CUST00674,Divya Mehta,PROD0052,Kids Wear Item 52,Clothing,Kids Wear,South,Karnataka,Bengaluru,2332.23,3,0.0,1371.54,960.69,Credit Card
ORD0006800,2025-02-19,CUST00320,Shreya Malhotra,PROD0018,Camera Item 18,Electronics,Cameras,North,Delhi,Rohini,326778.55,7,0.0,196623.77,130154.78,Credit Card
ORD0004176,2025-02-17,CUST00327,Meera Joshi,PROD0021,Chair Item 21, Furniture,Chairs,West,Maharashtra,Pune,29541.78,3,0.0,22499.61,7042.17,Cash on Delivery
ORD0003856,2025-02-18,CUST00719,Neha Das,PROD0076,Staple Item 76,Grocery,Staples,West,Rajasthan,Jaipur,3272.12,4,0.0,1905.48,1366.64,Credit Card
ORD0005927,2025-02-13,CUST00763,Karan Sharma,PROD0095,Storage Item 95,Office Supplies,Storage,South,Telangana,Warangal,10568.12,4,0.1,7798.24,2769.88,UPI
ORD0006284,2025-02-18,CUST00431,Pallavi Rao,PROD0078,Personal Care Item 78,Grocery ,Personal Care,East,West Bengal,Howrah,2632.35,7,0.0,1891.82,740.53,UPI
ORD0004175,2025-02-12,CUST00209,Pallavi Verma,PROD0080,Personal Care Item 80,Grocery,Personal Care,East,Odisha,Cuttack,4242.36,7,0.1,3419.08,823.28,Credit Card
ORD0006580,2025-02-21,CUST00057,Vikram Khan,PROD0035,Sofa Item 35,Furniture,Sofas,South,Karnataka,Mysuru,83984.46,5,0.15,59473.8,24510.66,Net Banking
ORD0005620,2025-02-12,CUST00654,Rohan Gupta,PROD0010,Television Item 10,Electronics,Televisions,North,Haryana,Faridabad,86900.8,6,0.25,79743.0,7157.8,UPI
ORD0006584,2025-02-16,CUST00306,Divya Khan,PROD0069,Dairy Item 69,Grocery,Dairy,North,Punjab,Amritsar,1331.16,3,0.0,867.96,463.2,Net Banking
ORD0005390,2025-02-23,CUST00066,Vikram Singh,PROD0036,Sofa Item 36,Furniture,Sofas,East,Odisha,Cuttack,7094.18,,0.25,5273.47,1820.71,Net Banking
ORD0006059,2025-02-09,CUST00576,Kavya Singh,PROD0010,Television Item 10,Electronics,Televisions,West,Rajasthan,Jaipur,57933.87,4,0.25,53162.0,4771.87,Net Banking
ORD0004846,2025-02-22,CUST00432,Diya Joshi,PROD0067,Snack Item 67,Grocery,Snacks,North,Delhi,Dwarka,3335.17,7,0.25,3454.22,-119.05,Debit Card
ORD0004896,2025-02-05,CUST00884,Sanya Khan,PROD0025,Table Item 25,Furniture,Tables,North,Haryana,Faridabad,61420.94,2,0.0,38991.88,22429.06,Net Banking
ORD0004982,2025-02-25,CUST00147,Rajesh Nair,PROD0021,Chair Item 21,Furniture,Chairs,South,Karnataka,Bengaluru,39389.04,5,0.2,37499.35,1889.69,UPI
ORD0004873,2025-02-11,CUST00110,Rahul Rao,PROD0062,Beverage Item 62,Grocery,Beverages,West,Maharashtra,Mumbai,4524.2,4,,3251.96,1272.24,Credit Card
ORD0004254,2025-02-13,CUST00288,Aarav Nair,PROD0051,Kids Wear Item 51,Clothing,Kids Wear,North,Haryana,Gurugram,1191.67,3,0.25,1055.91,135.76,Credit Card
ORD0005466,2025-02-05,CUST00429,Rohan Sharma,PROD0022,Chair Item 22,Furniture,Chairs,South,Telangana,Hyderabad,20815.89,3,0.0,13600.95,7214.94,UPI
ORD0004893,2025-02-03,CUST00566,Neha Das,PROD0095,Storage Item 95,Office Supplies,Storage,East,West Bengal,Kolkata,20549.13,7,0.0,13646.92,6902.21,UPI
ORD0006237,13 February 2025,CUST00107,Shreya Khan,PROD0091,Art Supplie Item 91,Office Supplies,Art Supplies,South,Tamil Nadu,Coimbatore,9167.82,7,0.15,8393.07,774.75,UPI
ORD0006417,2025-02-12,CUST00830,Divya Iyer,PROD0027,Table Item 27,Furniture,Tables,South,Tamil Nadu,Coimbatore,44025.79,6,0.2,32486.28,11539.51,Cash on Delivery
ORD0006555,2025-02-28,CUST00373,Shreya Nair,PROD0031,Bookcase Item 31,Furniture,Bookcases,West,Gujarat,Surat,38301.26,2,0.0,25226.78,13074.48,Credit Card
ORD0005787,09/02/2025,CUST00872,Rahul Sharma,PROD0024,Chair Item 24,Furniture,Chairs,West,Maharashtra,Mumbai,100361.56,4,0.0,76559.16,70146.1,Credit Card
ORD0005281,2025-02-26,CUST00559,Pallavi Kumar,PROD0055,Footwear Item 55,Clothing,Footwear,South,Telangana,Hyderabad,15681.07,7,0.25,13909.63,1771.44,Credit Card
ORD0004064,2025-02-15,CUST00323,Shreya Nair,PROD0030,,Furniture,Bookcases,East,Odisha,Cuttack,105472.74,6,0.0,71978.46,33494.28,Credit Card
ORD0004032,26-Feb-2025,CUST00297,Rohan Malhotra,PROD0030,Bookcase Item 30,Furniture,Bookcases,South,Tamil Nadu,Chennai,87893.95,5,0.0,59982.05,27911.9,Credit Card
ORD0005673,2025-02-06,CUST00285,Riya Kumar,PROD0084,Paper Item 84,Office Supplies,Paper,South,Telangana,Hyderabad,14625.64,7,0.15,12412.12,2213.52,Credit Card
ORD0006664,2025-02-28,CUST00172,Karan Singh,PROD0062,Beverage Item 62,Grocery,Beverages,North,Haryana,Faridabad,5655.25,5,0.05,4064.95,1590.3,Debit Card
ORD0005376,05-Feb-2025,CUST00233,Aarav Malhotra,PROD0074,Staple Item 74,GROCERY,Staples,South,Telangana,Warangal,1054.42,4,0.05,826.36,228.06,Credit Card
ORD0005779,2025-02-06,CUST00894,Kabir Verma,PROD0065,Snack Item 65,Grocery,Snacks,South,Tamil Nadu,Chennai,1798.58,2,0.0,1170.48,628.1,Credit Card
ORD0005411,2025-02-07,CUST00627,Aditi Joshi,PROD0003,Mobile Phone Item 3,Electronics,Mobile Phones,South,Karnataka,Bengaluru,164219.68,3,0.05,123273.63,40946.05,Debit Card
ORD0006711,2025-02-21,CUST00236,Manish Joshi,PROD0098,,Office Supplies,Appliances,North,Punjab,Ludhiana,24900.19,7,0.0,16247.28,8652.91,Debit Card
ORD0004618,2025-02-06,CUST00032,Arjun Malhotra,PROD0066,Snack Item 66,Grocery,Snacks,East,Bihar,Patna,2784.36,4,0.0,2032.44,751.92,Debit Card
ORD0006457,2025-02-04,CUST00155,Ananya Verma,PROD0063,Beverage Item 63,Grocery,Beverages,West,Gujarat,Surat,4813.55,7,0.15,3542.91,1270.64,Debit Card
ORD0003732,2025-02-25,CUST00145,Vikram Khan,PROD0069,Dairy Item 69,grocery,Dairy,South,Telangana,Hyderabad,354.98,1,0.2,289.32,140.5,Net Banking
ORD0006232,2025-02-17,CUST00315,Sanya Nair,PROD0046,Women's Wear Item 46,Clothing,Women's Wear,South,Tamil Nadu,Coimbatore,2083.22,1,0.2,1921.01,162.21,Credit Card
ORD0006558,22 February 2025,CUST00813,Vikram Malhotra,PROD0039,Storage Unit Item 39,Furniture,Storage Units,East,Bihar,Patna,70989.79,5,0.15,54295.75,16694.04,Credit Card
ORD0004168,2025-02-27,CUST00753,Pooja Gupta,PROD0047,Women's Wear Item 47,Clothing,Women's Wear,South,Telangana,Warangal,9223.88,3,0.05,5854.62,3369.26,Credit Card
ORD0004000,2025-02-16,CUST00035,Aditi Khan,PROD0077,Personal Care Item 77,Grocery,Personal Care,West,Rajasthan,Jaipur,274.82,1,0.25,214.24,60.58,Credit Card
ORD0005453,2025-02-07,CUST00560,Tanvi Khan,PROD0035,Sofa Item 35,Furniture,Sofas,South,Telangana,Hyderabad,63235.36,4,0.2,47579.04,15656.32,Credit Card
ORD0004554,2025-02-05,CUST00636,Kavya Verma,PROD0035,Sofa Item 35,Furniture,Sofas,South,Tamil Nadu,Coimbatore,71139.78,4,0.1,47579.04,23560.74,Credit Card
ORD0006025,2025-02-17,CUST00635,Rajesh Sharma,PROD0054,Footwear Item 54,Clothing,Footwear,South,Tamil Nadu,Coimbatore,6308.44,2,0.15,4674.1,1634.34,Debit Card
ORD0006150,2025-02-28,CUST00388,Divya Malhotra,PROD0077,Personal Care Item 77,Grocery,Personal Care,South,Telangana,Hyderabad,1245.86,4,0.15,856.96,388.9,Cash on Delivery
ORD0005138,2025-02-14,CUST00650,Sanya Sharma,PROD0025,Table Item 25,Furniture,Tables,South,Karnataka,Mysuru,204224.63,7,,136471.58,67753.05,UPI
ORD0006607,02-24-2025,CUST00646,Rohan Chatterjee,PROD0079,Personal Care Item 79,Grocery,Personal Care,East,Bihar,Gaya,2193.76,2,,1317.64,876.12,Credit Card
ORD0005771,2025-02-26,CUST00034,Sneha Nair,PROD0059,Accessorie Item 59,Clothing,Accessories,South,Telangana,Hyderabad,14044.75,5,0.0,10695.1,3349.65,Credit Card
ORD0006049,2025-02-24,CUST00025,Aryan Joshi,PROD0079,Personal Care Item 79,Groceries,Personal Care,North,Punjab,Amritsar,4168.14,4,0.05,2635.28,1532.86,UPI
ORD0006096,2025-02-14,CUST00412,Ishaan Das,PROD0017,Camera Item 17,Electronics,Cameras,West,Rajasthan,Udaipur,176288.14,7,0.0,130453.89,45834.25,Credit Card
ORD0005353,11/02/2025,CUST00068,Shreya Iyer,PROD0044,Men's Wear Item 44,Clothing,Men's Wear,West,Maharashtra,Pune,1563.13,1,0.0,879.3,683.83,Credit Card
ORD0006477,02-24-2025,CUST00479,Neha Das,PROD0067,Snack Item 67,Grocery,Snacks,West,Gujarat,Surat,3779.86,7,0.15,3454.22,325.64,UPI
ORD0006087,02-10-2025,CUST00290,Amit Verma,PROD0089,Art Supplie Item 89,Office Supplies,Art Supplies,East,West Bengal,Howrah,14079.57,5,0.15,11138.7,2940.87,Credit Card
ORD0004756,2025-02-24,CUST00814,Pooja Kumar,PROD0084,Paper Item 84,Office Supplies,Paper,West,Maharashtra,Mumbai,11675.93,5,0.05,8865.8,2810.13,Credit Card
ORD0003935,08 February 2025,CUST00657,Shreya Chatterjee,PROD0053,Footwear Item 53,Cloths,Footwear,South,Telangana,Hyderabad,14780.92,7,0.2,11976.86,2804.06,Debit Card
ORD0005011,2025-02-04,CUST00870,Aarav Gupta,PROD0032,Bookcase Item 32,furniture,Bookcases,North,Delhi,Dwarka,31836.12,6,0.0,18510.0,13326.12,UPI
ORD0006652,2025-02-10,CUST00037,Rahul Patel,PROD0088,Binder Item 88,Office Supplies,Binders,East,West Bengal,Howrah,12332.42,3,0.2,9720.33,2612.09,Cash on Delivery
ORD0006651,2025-02-14,CUST00785,Sneha Malhotra,PROD0044,Men's Wear Item 44,Clothing,Men's Wear,East,West Bengal,Howrah,7034.09,6,0.25,5275.8,1758.29,UPI
ORD0006416,2025-02-02,CUST00314,Arjun Nair,PROD0088,,Office Supplies,Binders,South,Tamil Nadu,Coimbatore,32372.61,7,0.1,22680.77,9691.84,UPI
ORD0006683,2025-02-11,CUST00338,Karan Mehta,PROD0085,Binder Item 85,Office Supplies,Binders,North,Haryana,Gurugram,604.45,3,0.15,462.24,142.21,UPI
ORD0003736,2025-02-03,CUST00879,Arjun Kumar,PROD0058,Accessorie Item 58,Clothing,Accessories,South,Karnataka,Mysuru,3136.08,2,0.0,1863.8,1272.28,Cash on Delivery
ORD0005365,2025-02-10,CUST00038,Aryan Khan,PROD0016,Headphone Item 16,Electronics,Headphones,South,Karnataka,Bengaluru,56453.76,3,0.0,36289.23,20164.53,Credit Card
ORD0004100,2025-02-02,CUST00052,Nikhil Sharma,PROD0077,Personal Care Item 77,Grocery,Personal Care,East,Bihar,Gaya,2180.26,7,0.15,1499.68,680.58,Credit Card
ORD0003741,2025-02-15,CUST00596,Neha Iyer,PROD0017,Camera Item 17,Electronics,Cameras,West,Rajasthan,Jaipur,37776.03,2,0.25,37272.54,503.49,Debit Card
ORD0004545,12/02/2025,CUST00517,Tanvi Nair,PROD0023,Chair Item 23,Furniture,Chairs,South,Tamil Nadu,Coimbatore,90637.06,7,0.2,69259.75,21377.31,UPI
ORD0005366,2025-02-25,CUST00646,Rohan Chatterjee,PROD0045,Women's Wear Item 45,Clothing,Women's Wear,North,Delhi,New Delhi,3525.5,3,0.25,3519.0,6.5,UPI
ORD0004187,2025-02-13,CUST00191,Aarav Rao,PROD0043,Men's Wear Item 43,Clothing,Men's Wear,East,Odisha,Bhubaneswar,4328.25,5,0.0,3376.75,951.5,UPI
ORD0004429,2025-02-07,CUST00103,Rahul Iyer,PROD0052,Kids Wear Item 52,Cloths,Kids Wear,East,Odisha,Cuttack,2332.23,3,0.0,1371.54,960.69,Debit Card
ORD0006667,2025-02-14,CUST00520,Rahul Chatterjee,PROD0097,Appliance Item 97,Office Supplies,Appliances,South,Telangana,Hyderabad,5420.97,4,0.25,4441.24,979.73,Debit Card
ORD0004869,2025-02-02,CUST00474,Pallavi Patel,PROD0082,Paper Item 82,Office Supplies,Paper,West,Maharashtra,Nagpur,9630.78,6,0.0,6802.86,2827.92,Credit Card
ORD0006715,2025-02-19,CUST00279,Manish Rao,PROD0049,Kids Wear Item 49,Clothing,Kids Wear,North,Haryana,Gurugram,6394.44,3,0.2,4400.79,1993.65,Credit Card
ORD0006545,2025-02-01,CUST00375,Ananya Patel,PROD0056,Footwear Item 56,Clothing,Footwear,West,Maharashtra,Mumbai,13160.74,6,0.2,11514.42,1646.32,Debit Card
ORD0005907,2025-02-19,CUST00096,Aryan Das,PROD0017,Camera Item 17,Electronics,Cameras,North,Delhi,Dwarka,132216.11,7,0.25,130453.89,1762.22,Debit Card
ORD0005602,2025-02-22,CUST00519,Sneha Sharma,PROD0034,Sofa Item 34,Furniture,Sofas,West,Maharashtra,Mumbai,150298.34,5,0.1,98678.25,51620.09,UPI
ORD0004660,2025-02-24,CUST00485,Sneha Sharma,PROD0017,Camera Item 17,Electronics,Cameras,East,West Bengal,Howrah,40294.43,2,0.2,37272.54,3021.89,Net Banking
ORD0006479,2025-02-12,CUST00751,Sanya Iyer,PROD0009,Television Item 9,Electronics,Televisions,West,Rajasthan,Jaipur,5701.6,1,0.0,3332.29,2369.31,UPI
ORD0003724,2025-02-15,CUST00696,Ananya Singh,PROD0025,Table Item 25,Furniture,Tables,West,Rajasthan,Udaipur,27639.42,1,0.1,19495.94,8143.48,Net Banking
ORD0005393,2025-02-10,CUST00371,Nikhil Joshi,PROD0038,Storage Unit Item 38,Furniture,Storage Units,South,Tamil Nadu,Chennai,23592.86,2,0.0,16562.94,7029.92,Credit Card
ORD0004832,02-14-2025,CUST00673,Kabir Malhotra,PROD0038,Storage Unit Item 38,Furnitures,Storage Units,South,Telangana,Warangal,11796.43,1,0.0,8281.47,3514.96,Credit Card
ORD0006462,2025-02-24,CUST00700,Aarav Iyer,PROD0001,Mobile Phone Item 1,Electronics,Mobile Phones,North,Punjab,Amritsar,115609.48,4,0.0,71083.64,44525.84,Debit Card
ORD0006089,27/02/2025,CUST00188,Amit Verma,PROD0023,Chair Item 23,Furniture,Chairs,North,Punjab,Ludhiana,64740.76,5,0.2,49471.25,15269.51,Net Banking
ORD0005891,2025-02-02,CUST00765,Aarav Rao,PROD0051,Kids Wear Item 51,Clothing,Kids Wear,South,Telangana,Hyderabad,1430.0,3,0.1,1055.91,374.09,Credit Card
ORD0005886,2025-02-13,CUST00811,Rohan Sharma,PROD0009,Television Item 9,Electronics,Televisions,West,Gujarat,Surat,15394.32,3,0.1,9996.87,5397.45,UPI
ORD0004081,2025-02-04,CUST00258,Rajesh Verma,PROD0085,Binder Item 85,Office Supplies,Binders,East,West Bengal,Kolkata,805.94,4,0.15,616.32,189.62,Credit Card
ORD0004479,2025-02-25,CUST00577,Neha Rao,PROD0100,Appliance Item 100,Office Supplies,Appliances,West,Rajasthan,Jaipur,26404.54,6,0.15,18387.66,8016.88,Credit Card
ORD0004037,2025-02-16,CUST00336,Rajesh Kumar,PROD0048,Women's Wear Item 48,Clothing,Women's Wear,South,Telangana,Hyderabad,2974.4,1,0.2,2452.01,522.39,UPI
ORD0006209,2025-02-22,CUST00757,Manish Nair,PROD0024,Chair Item 24,Furniture,Chairs,West,Maharashtra,Nagpur,125451.95,5,0.0,95698.95,29753.0,UPI
ORD0005416,2025-02-26,CUST00797,Kavya Sharma,PROD0022,Chair Item 22,Furniture,Chairs,East,Odisha,Bhubaneswar,16652.71,3,0.2,13600.95,3051.76,Debit Card
ORD0005199,2025-02-24,CUST00557,Kabir Iyer,PROD0055,Footwear Item 55,Clothing,Footwear,North,Haryana,Gurugram,16726.47,-7,0.2,13909.63,2816.84,Credit Card
ORD0005439,2025-02-28,CUST00345,Rahul Joshi,PROD0068,Snack Item 68,Grocery,Snacks,North,Punjab,Amritsar,2794.05,7,0.25,2651.6,142.45,UPI
ORD0005187,2025-02-04,CUST00477,Karan Reddy,PROD0003,Mobile Phone Item 3,Electronics,Mobile Phones,West,Gujarat,Ahmedabad,288104.7,5,0.0,205456.05,82648.65,UPI
ORD0005943,2025-02-27,CUST00207,Saanvi Patel,PROD0044,Men's Wear Item 44,Clothing,Men's Wear,East,West Bengal,Kolkata,1484.97,1,0.05,879.3,605.67,Debit Card
ORD0004509,2025-02-27,CUST00334,Sanya Chatterjee,PROD0003,Mobile Phone Item 3,Electronics,Mobile Phones,North,Haryana,Gurugram,230483.76,4,0.0,164364.84,66118.92,Credit Card
ORD0005227,2025-02-02,CUST00395,Vikram Sharma,PROD0021,Chair Item 21,Furniture,Chairs,North,Haryana,Gurugram,59083.56,6,0.0,44999.22,14084.34,Debit Card
ORD0003769,2025-02-04,CUST00626,Rohan Reddy,PROD0093,Storage Item 93,Office Supplies,Storage,East,West Bengal,Kolkata,31705.61,6,0.1,25936.86,5768.75,Debit Card
ORD0006363,2025-02-18,CUST00195,Amit Patel,PROD0047,Women's Wear Item 47,Clothing,Women's Wear,South,Telangana,Hyderabad,5178.32,2,0.2,3903.08,1275.24,Cash on Delivery
ORD0004107,2025-02-06,CUST00463,Rohan Malhotra,PROD0100,Appliance Item 100,Office Supplies,Appliances,North,Haryana,Faridabad,36241.52,7,0.0,21452.27,14789.25,Credit Card
ORD0005498,2025-02-08,CUST00507,Rohan Nair,PROD0023,Chair Item 23,Furniture,Chairs,South,Tamil Nadu,Chennai,60694.46,5,0.25,49471.25,11223.21,UPI
ORD0006771,2025-02-19,CUST00663,Divya Gupta,PROD0029,Bookcase Item 29,Furniture,Bookcases,West,Gujarat,Surat,65725.61,3,0.2,55818.75,9906.86,Debit Card
ORD0003731,2025-02-24,CUST00272,Kabir Patel,PROD0088,Binder Item 88,Office Supplies,Binders,North,Haryana,Faridabad,7707.76,2,0.25,6480.22,1227.54,Credit Card
ORD0006674,2025-02-03,CUST00475,Rajesh Iyer,PROD0045,Women's Wear Item 45,Clothing,Women's Wear,East,Odisha,Bhubaneswar,7834.45,5,0.0,5865.0,1969.45,Credit Card
ORD0005631,2025-02-02,CUST00142,Aryan Khan,PROD0064,Beverage Item 64,Grocery,Beverages,North,Haryana,Faridabad,5698.35,5,0.0,3655.95,2042.4,Debit Card
ORD0004349,2025-02-10,CUST00361,Ishaan Rao,PROD0075,Staple Item 75,Grocery,Staples,West,Maharashtra,Pune,883.76,1,0.15,635.97,247.79,Cash on Delivery
ORD0004668,2025-02-10,CUST00686,Amit Nair,PROD0058,Accessorie Item 58,Clothing,Accessories,East,Odisha,Cuttack,2822.47,2,0.1,1863.8,958.67,Credit Card
ORD0005557,2025-02-21,CUST00240,Riya Verma,PROD0053,Footwear Item 53,Clothing,Footwear,West,Maharashtra,Pune,13197.25,5,0.0,8554.9,4642.35,UPI
ORD0004213,2025-02-08,CUST00600,Nikhil Kumar,PROD0006,Laptop Item 6,Electronics,Laptops,West,Gujarat,Surat,184964.04,4,0.0,142270.2,42693.84,Cash on Delivery
ORD0004231,16-Feb-2025,CUST00221,Pallavi Iyer,PROD0048,Women's Wear Item 48,Clothing,Women's Wear,West,Maharashtra,Pune,22308.0,6,0.0,14712.06,7595.94,Credit Card
ORD0004122,02-05-2025,CUST00782,Rohan Rao,PROD0001,Mobile Phone Item 1,Electronics,Mobile Phones,West,Rajasthan,Udaipur,173414.22,6,0.0,106625.46,66788.76,UPI
ORD0006124,2025-02-01,CUST00303,Nikhil Singh,PROD0020,Camera Item 20,Electronics,Cameras,North,Delhi,Dwarka,107846.28,2,0.0,62022.28,45824.0,UPI
ORD0005864,2025-02-27,CUST00575,Aryan Chatterjee,PROD0055,Footwear Item 55,Clothing,Footwear,North,Delhi,Dwarka,12694.2,5,0.15,9935.45,2758.75,Net Banking
ORD0004552,2025-02-21,CUST00131,Shreya Patel,PROD0045,Women's Wear Item 45,Clothing,Women's Wear,North,Delhi,Rohini,3133.78,2,0.0,2346.0,787.78,UPI
ORD0004404,2025-02-14,CUST00812,Sneha Sharma,PROD0065,Snack Item 65,Grocery,Snacks,North,Punjab,Ludhiana,899.29,1,0.0,585.24,314.05,Debit Card
ORD0006636,2025-02-27,CUST00006,Sanya Malhotra,PROD0096,Storage Item 96,office supplies,Storage,North,Haryana,Gurugram,10621.38,7,0.0,7553.98,3067.4,UPI
ORD0004920,2025-02-01,CUST00492,Vikram Das,PROD0078,Personal Care Item 78,Grocery ,Personal Care,North,Haryana,Gurugram,1428.99,4,0.05,1081.04,347.95,Credit Card
ORD0003974,2025-02-08,CUST00394,Aarav Das,PROD0012,Television Item 12,electronics,Televisions,North,Delhi,Rohini,169111.08,6,0.25,154588.08,14523.0,Credit Card
ORD0005532,2025-02-15,CUST00095,Rohan Iyer,PROD0038,Storage Unit Item 38,Furniture,Storage Units,East,West Bengal,Kolkata,50134.83,5,0.15,41407.35,8727.48,Debit Card
ORD0004740,2025-02-14,CUST00347,Sneha Malhotra,PROD0042,Men's Wear Item 42,Clothing,Men's Wear,North,Haryana,Faridabad,19177.01,7,0.1,14216.37,4960.64,UPI
ORD0006096,2025-02-14,CUST00412,Ishaan Das,PROD0017,Camera Item 17,Electronics,Cameras,West,Rajasthan,Udaipur,176288.14,7,,130453.89,45834.25,Credit Card
ORD0004718,2025-02-09,CUST00737,Rahul Gupta,PROD0062,Beverage Item 62,Grocery,Beverages,East,Bihar,Gaya,1904.93,2,0.2,1625.98,278.95,Debit Card
ORD0005032,2025-02-16,CUST00220,Aditi Reddy,PROD0077,Personal Care Item 77,Grocery,Personal Care,North,Delhi,Dwarka,2052.01,7,0.2,1499.68,552.33,UPI
ORD0005549,10/02/2025,CUST00822,Rahul Kumar,PROD0009,Television Item 9,ELECTRONICS,Televisions,East,West Bengal,Kolkata,17104.8,3,0.0,9996.87,7107.93,Debit Card
ORD0004214,02-Feb-2025,CUST00184,Priya Nair,PROD0015,Headphone Item 15,electronics,Headphones,North,Delhi,Dwarka,214063.98,6,0.0,157076.4,56987.58,Net Banking
ORD0006372,2025-02-22,CUST00118,Priya Mehta,PROD0026,Table Item 26,Furniture,Tables,North,Haryana,Gurugram,119417.0,7,0.1,81217.01,38199.99,UPI
ORD0003798,2025-02-04,CUST00800,Divya Mehta,PROD0027,Table Item 27,Furniture,Tables,East,Bihar,Gaya,15592.47,2,0.15,10828.76,4763.71,Debit Card
ORD0003873,2025-02-15,CUST00127,Kabir Nair,PROD0069,Dairy Item 69,Grocery,Dairy,East,Odisha,Cuttack,1331.16,3,0.0,867.96,463.2,Net Banking
ORD0003799,2025-02-12,CUST00113,Tanvi Iyer,PROD0013,Headphone Item 13,Electronics,Headphones,West,Maharashtra,Mumbai,30160.92,3,0.1,20553.45,9607.47,UPI
ORD0004827,2025-02-13,CUST00894,Kabir Verma,PROD0079,Personal Care Item 79,Grocery,Personal Care,South,Karnataka,Mysuru,4387.52,4,0.0,2635.28,1752.24,Credit Card
ORD0006673,2025-02-14,CUST00785,Sneha Malhotra,PROD0013,Headphone Item 13,Electronics ,Headphones,South,Tamil Nadu,Coimbatore,17873.14,2,0.2,13702.3,4170.84,UPI
ORD0004477,2025-02-06,CUST00599,Tanvi Malhotra,PROD0007,Laptop Item 7,Electronics,Laptops,South,Karnataka,Bengaluru,276654.86,6,,259125.42,17529.44,Cash on Delivery
ORD0006319,18-Feb-2025,CUST00859,Riya Reddy,PROD0076,Staple Item 76,Grocery,Staples,North,Punjab,Amritsar,3272.12,4,0.0,1905.48,1366.64,Net Banking
ORD0004148,2025-02-19,CUST00900,Priya Singh,PROD0091,Art Supplie Item 91,Office Supplies,Art Supplies,East,Odisha,Bhubaneswar,8320.37,6,0.1,7194.06,1126.31,UPI
ORD0004748,2025-02-05,CUST00579,Diya Chatterjee,PROD0028,Table Item 28,FURNITURE,Tables,North,Punjab,Ludhiana,65897.3,2,0.0,50872.54,15024.76,UPI
ORD0004913,2025-02-27,CUST00629,Meera Singh,PROD0013,Headphone Item 13,Electronics,Headphones,West,Maharashtra,Nagpur,8378.03,1,0.25,6851.15,1526.88,Debit Card
ORD0006180,2025-02-21,CUST00034,Sneha Nair,PROD0051,Kids Wear Item 51,Clothing,Kids Wear,North,Delhi,New Delhi,1059.26,2,0.0,703.94,355.32,UPI
ORD0005078,2025-02-28,CUST00129,Aryan Verma,PROD0069,Dairy Item 69,Grocery,Dairy,South,Tamil Nadu,Chennai,1774.88,4,0.0,1157.28,617.6,UPI
ORD0003718,2025-02-21,CUST00830,Divya Iyer,PROD0023,Chair Item 23,Furniture,Chairs,East,Bihar,Gaya,16185.19,1,0.0,9894.25,6290.94,Debit Card
ORD0004824,2025-02-19,CUST00886,Arjun Reddy,PROD0053,Footwear Item 53,Clothing,Footwear,West,Maharashtra,Nagpur,5278.9,2,0.0,3421.96,1856.94,Credit Card
ORD0006064,02-02-2025,CUST00710,Divya Khan,PROD0071,Dairy Item 71,Grocery ,Dairy,West,Rajasthan,Jaipur,738.53,5,0.05,557.3,181.23,UPI
ORD0005474,02-26-2025,CUST00724,Rajesh Malhotra,PROD0068,Snack Item 68,Grocery,Snacks,East,Bihar,Gaya,1436.94,3,0.1,1136.4,300.54,Net Banking
ORD0005085,2025-02-25,CUST00153,Vikram Patel,PROD0086,Binder Item 86,Office Supplies,Binders,East,Bihar,Gaya,31578.78,6,0.0,22185.9,9392.88,Cash on Delivery
ORD0006701,14/02/2025,CUST00012,Kabir Rao,PROD0081,Paper Item 81,office supplies,Paper,South,Karnataka,Mysuru,40055.68,7,0.0,28139.72,11915.96,Net Banking
ORD0006725,2025-02-20,CUST00322,Divya Khan,PROD0086,Binder Item 86,Office Supplies,Binders,South,Tamil Nadu,Chennai,23684.08,,0.25,22185.9,1498.18,UPI
ORD0006220,2025-02-01,CUST00486,Saanvi Reddy,PROD0019,Camera Item 19,Electronics,Cameras,South,Telangana,Hyderabad,254610.09,5,0.1,164128.4,90481.69,UPI
ORD0005906,2025-02-26,CUST00594,Ishaan Kumar,PROD0038,Storage Unit Item 38,Furniture,Storage Units,North,Delhi,New Delhi,35389.29,3,0.0,24844.41,10544.88,Debit Card
ORD0003761,2025-02-03,CUST00020,Saanvi Das,PROD0045,Women's Wear Item 45,CLOTHING,Women's Wear,North,Delhi,Dwarka,4700.67,3,0.0,3519.0,1181.67,UPI
ORD0004503,2025-02-07,CUST00378,Vikram Khan,PROD0096,Storage Item 96,Office Supplies,Storage,North,Punjab,Ludhiana,10621.38,7,0.0,7553.98,3067.4,Credit Card
ORD0005820,2025-02-12,CUST00169,Rajesh Nair,PROD0038,Storage Unit Item 38,Furniture,Storage Units,West,Rajasthan,Udaipur,82575.01,7,0.0,57970.29,24604.72,Cash on Delivery
ORD0005690,2025-02-06,CUST00468,Rahul Malhotra,PROD0059,Accessorie Item 59,Clothing,Accessories,West,Rajasthan,Udaipur,10674.01,4,0.05,8556.08,2117.93,Net Banking
ORD0006753,2025-02-21,CUST00773,Meera Kumar,PROD0054,Footwear Item 54,Clothing,Footwear,West,Rajasthan,Jaipur,22265.1,6,0.0,14022.3,18093.06,Credit Card
ORD0005596,2025-02-05,CUST00685,Rajesh Das,PROD0063,Beverage Item 63,Grocery,Beverages,East,Bihar,Patna,3842.75,5,0.05,2530.65,1312.1,Credit Card
ORD0004332,2025-02-08,CUST00568,Karan Sharma,PROD0049,Kids Wear Item 49,Clothing,Kids Wear,South,Karnataka,Mysuru,17717.93,7,0.05,10268.51,7449.42,Debit Card
ORD0004091,2025-02-28,CUST00634,Vivaan Nair,PROD0048,Women's Wear Item 48,Clothing,Women's Wear,South,Tamil Nadu,Chennai,14872.0,4,0.0,9808.04,5063.96,Cash on Delivery
ORD0006133,2025-02-27,CUST00465,Neha Kumar,PROD0083,Paper Item 83,Office Supplies,Paper,North,Punjab,Amritsar,3981.8,2,0.0,3161.68,820.12,Credit Card
ORD0003710,2025-02-28,CUST00025,Aryan Joshi,PROD0059,Accessorie Item 59,clothing,Accessories,East,West Bengal,Howrah,18679.52,7,0.05,14973.14,3706.38,Credit Card
ORD0004804,2025-02-01,CUST00303,Nikhil Singh,PROD0098,Appliance Item 98,Office Supplies,Appliances,North,Punjab,Amritsar,22410.17,7,0.1,16247.28,6162.89,UPI
ORD0006353,2025-02-05,CUST00200,Saanvi Iyer,PROD0020,Camera Item 20,Electronics,Cameras,West,Maharashtra,Nagpur,153680.95,3,0.05,93033.42,60647.53,UPI
ORD0004834,01 February 2025,CUST00319,Rohan Iyer,PROD0027,Table Item 27,Furniture,Tables,North,Delhi,Rohini,41274.18,6,0.25,32486.28,8787.9,Debit Card
ORD0006448,2025-02-09,CUST00495,Rohan Joshi,PROD0021,Chair Item 21,Furniture,Chairs,South,Telangana,Warangal,47266.85,6,0.2,44999.22,2267.63,Net Banking
ORD0004289,2025-02-01,CUST00315,Sanya Nair,PROD0007,,Electronics,Laptops,North,Haryana,Faridabad,40684.54,1,0.25,43187.57,-2503.03,Cash on Delivery
ORD0004812,2025-02-15,CUST00775,Priya Sharma,PROD0070,Dairy Item 70,Grocery,Dairy,South,Tamil Nadu,Chennai,3002.72,6,0.1,1939.92,1062.8,Credit Card
ORD0004544,2025-02-16,CUST00897,Arjun Iyer,PROD0030,Bookcase Item 30,Furniture,Bookcases,South,Tamil Nadu,Coimbatore,105472.74,6,0.0,71978.46,33494.28,Debit Card
ORD0004121,2025-02-05,CUST00126,Kabir Khan,PROD0019,Camera Item 19,Electronic,Cameras,South,Tamil Nadu,Chennai,45264.02,1,0.2,32825.68,12438.34,UPI
ORD0004661,2025-02-24,CUST00161,Ananya Verma,PROD0004,Mobile Phone Item 4,Electronics,Mobile Phones,East,Odisha,Cuttack,121948.52,5,0.2,88057.95,33890.57,Net Banking
ORD0004951,2025-02-06,CUST00523,Tanvi Patel,PROD0062,,Grocery,Beverages,East,Odisha,Cuttack,2678.8,3,0.25,2438.97,239.83,UPI
ORD0005441,2025-02-22,CUST00527,Sanya Malhotra,PROD0075,Staple Item 75,Grocery,Staples,North,Delhi,Dwarka,5198.6,5,0.0,3179.85,2018.75,UPI
ORD0004341,07 February 2025,CUST00234,Ishaan Kumar,PROD0080,Personal Care Item 80,Grocery,Personal Care,West,Rajasthan,Udaipur,606.05,1,0.1,488.44,117.61,UPI
ORD0004216,24-Feb-2025,CUST00804,Ishaan Kumar,PROD0008,Laptop Item 8,Electronics,Laptops,West,Rajasthan,Jaipur,94349.52,2,0.2,92963.74,1385.78,UPI
ORD0005704,02-04-2025,CUST00452,Meera Rao,PROD0006,Laptop Item 6,Electronics,Laptops,North,Delhi,New Delhi,231205.05,5,0.0,177837.75,53367.3,Debit Card
ORD0004304,15-Feb-2025,CUST00094,Ishaan Reddy,PROD0066,Snack Item 66,Grocery,Snacks,West,Rajasthan,Udaipur,2505.92,4,0.1,2032.44,473.48,Cash on Delivery
ORD0004449,2025-02-09,CUST00680,Diya Nair,PROD0053,Footwear Item 53,Clothing,Footwear,South,Tamil Nadu,Coimbatore,13461.19,6,0.15,10265.88,3195.31,Debit Card
ORD0004797,2025-02-09,CUST00517,Tanvi Nair,PROD0012,Television Item 12,Electronics,Televisions,South,Telangana,Warangal,28185.18,1,0.25,25764.68,2420.5,UPI
ORD0006179,2025-02-10,CUST00470,Rahul Singh,PROD0013,Headphone Item 13,Electronics,Headphones,South,Tamil Nadu,Coimbatore,22341.42,2,0.0,13702.3,8639.12,Credit Card
ORD0006394,2025-02-13,CUST00469,Ishaan Patel,PROD0052,Kids Wear Item 52,Clothing,Kids Wear,West,Maharashtra,Pune,3498.34,6,0.25,2743.08,755.26,Debit Card
ORD0004041,02-20-2025,CUST00242,Rohan Joshi,PROD0094,Storage Item 94,Office Supplies,Storage,North,Punjab,Ludhiana,18446.16,4,0.0,13662.12,4784.04,Net Banking
ORD0005211,2025-02-19,CUST00841,Rajesh Sharma,PROD0048,Women's Wear Item 48,Clothing,Women's Wear,South,Telangana,Warangal,24724.7,7,0.05,17164.07,7560.63,Credit Card
ORD0004145,2025-02-06,CUST00525,Aryan Verma,PROD0010,Television Item 10,Electronics,Televisions,North,Delhi,New Delhi,135179.03,7,0.0,93033.5,42145.53,UPI
ORD0004024,2025-02-22,CUST00735,Shreya Sharma,PROD0023,Chair Item 23,Furniture,Chairs,West,Maharashtra,Pune,60694.46,5,0.25,49471.25,11223.21,Credit Card
ORD0006623,2025-02-13,CUST00668,Vikram Malhotra,PROD0053,Footwear Item 53,Clothing,Footwear,South,Telangana,Hyderabad,12537.39,5,0.05,8554.9,3982.49,UPI
ORD0005274,2025-02-03,CUST00858,Riya Rao,PROD0091,Art Supplie Item 91,Office Supplies,Art Supplies,East,Bihar,Patna,3697.94,3,0.2,3597.03,100.91,Debit Card
ORD0004607,2025-02-28,CUST00475,Rajesh Iyer,PROD0088,Binder Item 88,Office Supplies,Binders,South,Tamil Nadu,Coimbatore,4110.81,1,0.2,3240.11,870.7,Cash on Delivery
ORD0005332,2025-02-01,CUST00849,Priya Patel,PROD0072,Dairy Item 72,Grocery,Dairy,West,Maharashtra,Nagpur,3818.29,5,0.05,2876.7,941.59,UPI
ORD0003852,2025-02-22,CUST00070,Arjun Reddy,PROD0058,Accessorie Item 58,Apparel,Accessories,South,Tamil Nadu,Coimbatore,3136.08,2,0.0,1863.8,1272.28,Net Banking
ORD0006262,15 February 2025,CUST00042,Ishaan Chatterjee,PROD0062,Beverage Item 62,Grocery,Beverages,East,Odisha,Cuttack,2857.39,3,0.2,2438.97,418.42,Debit Card
ORD0005843,2025-02-25,CUST00384,Karan Khan,PROD0016,Headphone Item 16,Electronics,Headphones,North,Delhi,Rohini,30108.67,2,0.2,24192.82,5915.85,Credit Card
ORD0006581,2025-02-23,CUST00038,Aryan Khan,PROD0068,Snack Item 68,Grocery,Snacks,North,Delhi,New Delhi,1436.94,3,0.1,1136.4,300.54,UPI
ORD0005614,2025-02-19,CUST00277,Nikhil Nair,PROD0060,Accessorie Item 60,CLOTHING,Accessories,North,Punjab,Ludhiana,2356.94,7,0.25,2081.66,275.28,Credit Card
ORD0004821,2025-02-26,CUST00130,Kabir Kumar,PROD0073,Staple Item 73,Grocery,Staples,North,Punjab,Ludhiana,432.74,7,0.15,321.58,111.16,Debit Card
ORD0004377,02-08-2025,CUST00892,Aarav Malhotra,PROD0015,Headphone Item 15,Electronics,Headphones,North,Punjab,Ludhiana,101680.39,3,0.05,78538.2,23142.19,Credit Card
ORD0003916,2025-02-11,CUST00113,Tanvi Iyer,PROD0022,Chair Item 22,Furniture,Chairs,North,Punjab,Ludhiana,6938.63,1,0.0,4533.65,2404.98,UPI
ORD0003793,02-18-2025,CUST00002,Riya Khan,PROD0011,Television Item 11,Electronics,Televisions,West,Gujarat,Surat,12911.78,2,0.1,10924.08,1987.7,UPI
ORD0006240,2025-02-14,CUST00581,Pooja Khan,PROD0068,Snack Item 68,grocery,Snacks,West,Maharashtra,Mumbai,1064.4,2,0.0,757.6,306.8,Credit Card
ORD0005429,18 February 2025,CUST00444,Vivaan Gupta,PROD0098,Appliance Item 98,Office Supplies,Appliances,West,Gujarat,Surat,13517.25,4,0.05,9284.16,4233.09,UPI
ORD0006200,2025-02-08,CUST00309,Rohan Iyer,PROD0006,Laptop Item 6,Electronics,Laptops,South,Tamil Nadu,Coimbatore,41616.91,1,0.1,35567.55,6049.36,Credit Card
ORD0004287,2025-02-05,CUST00659,Tanvi Kumar,PROD0074,Staple Item 74,Grocery,Staples,North,Haryana,Faridabad,208.11,1,0.25,206.59,1.52,Debit Card
ORD0004359,2025-02-26,CUST00093,Priya Khan,PROD0047,Women's Wear Item 47,Clothing,Women's Wear,West,Maharashtra,Nagpur,16182.25,5,0.0,9757.7,6424.55,Debit Card
ORD0003768,2025-02-23,CUST00661,Diya Iyer,PROD0020,Camera Item 20,Electronics,Cameras,North,Punjab,Ludhiana,80884.71,2,0.25,62022.28,18862.43,Cash on Delivery
ORD0005560,2025-02-01,CUST00108,Manish Iyer,PROD0058,Accessorie Item 58,Clothing,Accessories,North,Delhi,Rohini,1176.03,1,0.25,931.9,244.13,Net Banking
ORD0006754,2025-02-27,CUST00763,Karan Sharma,PROD0007,Laptop Item 7,Electronics,Laptops,North,Punjab,Amritsar,184436.57,4,0.15,172750.28,11686.29,Credit Card
ORD0004883,2025-02-03,CUST00227,Priya Sharma,PROD0054,Footwear Item 54,Clothing,Footwear,South,Karnataka,Bengaluru,19481.96,7,0.25,16359.35,3122.61,Cash on Delivery
ORD0004502,2025-02-25,CUST00390,Saanvi Chatterjee,PROD0024,Chair Item 24,Furniture,Chairs,North,Haryana,Faridabad,158069.46,7,0.1,133978.53,24090.93,UPI
ORD0006368,21/02/2025,CUST00368,Meera Das,PROD0071,Dairy Item 71,Grocery,Dairy,North,Haryana,Faridabad,699.66,5,0.1,557.3,142.36,Debit Card
ORD0005670,2025-02-01,CUST00246,Sneha Chatterjee,PROD0039,Storage Unit Item 39,Furniture,Storage Units,North,Punjab,Ludhiana,100220.88,6,0.0,65154.9,35065.98,Debit Card
ORD0004102,2025-02-14,,Rahul Sharma,PROD0051,Kids Wear Item 51,Clothing,Kids Wear,South,Tamil Nadu,Chennai,1059.26,2,0.0,703.94,355.32,Debit Card
ORD0006324,2025-02-10,CUST00429,Rohan Sharma,PROD0068,Snack Item 68,Grocery,Snacks,South,Telangana,Hyderabad,3193.2,6,0.0,2272.8,920.4,UPI
ORD0005885,2025-02-16,CUST00025,Aryan Joshi,PROD0019,Camera Item 19,Electronics,Cameras,North,Delhi,Rohini,113160.04,2,0.0,65651.36,47508.68,Credit Card
ORD0005055,2025-02-12,CUST00453,Rahul Mehta,PROD0046,Women's Wear Item 46,Cloths,Women's Wear,South,Tamil Nadu,Chennai,4426.83,2,0.15,3842.02,584.81,UPI
ORD0004407,2025-02-12,CUST00210,Saanvi Singh,PROD0003,Mobile Phone Item 3,Electronics,Mobile Phones,North,Haryana,Gurugram,86431.41,2,0.25,82182.42,4248.99,Debit Card
ORD0004267,2025-02-02,CUST00134,Rahul Nair,PROD0032,Bookcase Item 32,Furniture,Bookcases,East,West Bengal,Kolkata,37142.14,7,0.0,21595.0,15547.14,UPI
ORD0004177,2025-02-14,CUST00266,Pooja Patel,PROD0017,Camera Item 17,Electronics,Cameras,East,Odisha,Cuttack,113328.09,5,0.1,93181.35,20146.74,Debit Card
ORD0004179,2025-02-15,CUST00546,Sanya Khan,PROD0056,Footwear Item 56,Clothing,Footwear,South,Tamil Nadu,Coimbatore,19192.74,7,0.0,13433.49,5759.25,Credit Card
ORD0003774,2025-02-12,CUST00889,Ananya Patel,PROD0001,Mobile Phone Item 1,Electronics,Mobile Phones,South,Tamil Nadu,Chennai,43353.56,2,0.25,35541.82,7811.74,Debit Card
ORD0003797,2025-02-02,CUST00161,Ananya Verma,PROD0069,Dairy Item 69,Grocery,Dairy,East,West Bengal,Howrah,2218.6,5,0.0,1446.6,772.0,Debit Card
ORD0005868,2025-02-10,CUST00399,Pallavi Khan,PROD0075,Staple Item 75,Grocery,Staples,East,Odisha,Bhubaneswar,779.79,1,0.25,635.97,143.82,UPI
ORD0006298,2025-02-09,CUST00889,Ananya Patel,PROD0092,Art Supplie Item 92,Office Supplies,Art Supplies,East,Odisha,Cuttack,23591.16,5,0.15,21116.3,2474.86,Credit Card
ORD0005370,2025-02-19,CUST00200,Saanvi Iyer,PROD0060,Accessorie Item 60,Clothing,Accessories,West,Maharashtra,Nagpur,3142.58,7,0.0,2081.66,1060.92,Credit Card
ORD0004782,2025-02-18,CUST00678,Meera Khan,PROD0097,Appliance Item 97,Office Supplies,Appliances,West,Maharashtra,Nagpur,5149.92,3,0.05,3330.93,1818.99,UPI
ORD0005855,2025-02-25,,Aditi Nair,PROD0039,Storage Unit Item 39,Furniture,Storage Units,North,Delhi,Dwarka,83517.4,5,0.0,54295.75,29221.65,Cash on Delivery
ORD0004634,2025-02-09,CUST00794,Nikhil Verma,PROD0051,Kids Wear Item 51,Clothing,Kids Wear,East,Bihar,Gaya,1986.11,5,0.25,1759.85,226.26,Net Banking
ORD0004970,09-Feb-2025,CUST00481,Ishaan Reddy,PROD0084,Paper Item 84,Office Supplies,Paper,West,Maharashtra,Pune,4916.18,2,0.0,3546.32,1369.86,Net Banking
ORD0006783,2025-02-27,CUST00551,Priya Khan,PROD0054,Footwear Item 54,Clothing,Footwear,East,West Bengal,Howrah,14843.4,4,0.0,9348.2,5495.2,UPI
ORD0005848,2025-02-16,CUST00117,Aarav Joshi,PROD0034,Sofa Item 34,Furniture,Sofas,West,Maharashtra,Mumbai,200397.78,6,0.0,118413.9,81983.88,UPI
ORD0003743,2025-02-26,CUST00719,Neha Das,PROD0078,Personal Care Item 78,Grocery,Personal Care,South,Karnataka,Mysuru,1974.26,7,0.25,1891.82,82.44,Credit Card
ORD0005136,2025-02-05,CUST00263,Ananya Iyer,PROD0022,Chair Item 22,Furniture,Chairs,West,Rajasthan,Jaipur,20815.89,3,0.0,13600.95,7214.94,Net Banking
ORD0004430,2025-02-14,CUST00614,Diya Malhotra,PROD0099,Appliance Item 99,Office Supplies,Appliances,West,Maharashtra,Pune,1391.25,1,0.0,1049.02,342.23,Net Banking
ORD0005922,2025-02-01,CUST00750,Priya Chatterjee,PROD0034,Sofa Item 34,Furniture,Sofas,South,Karnataka,Bengaluru,166998.15,5,0.0,98678.25,68319.9,UPI
ORD0004550,2025-02-18,CUST00169,Rajesh Nair,PROD0057,Accessorie Item 57,Clothing,Accessories,South,Telangana,Warangal,1536.98,1,0.25,1613.86,-76.88,UPI
ORD0005042,2025-02-12,CUST00797,Kavya Sharma,PROD0041,Men's Wear Item 41,Clothing,Men's Wear,West,Maharashtra,Nagpur,14841.86,5,0.25,14932.45,-90.59,Debit Card
ORD0004424,02-22-2025,CUST00469,Ishaan Patel,PROD0008,Laptop Item 8,Electronics,Laptops,South,Karnataka,Bengaluru,280100.14,5,0.05,232409.35,47690.79,Debit Card
ORD0004427,12 February 2025,CUST00688,Amit Malhotra,PROD0029,Bookcase Item 29,Furniture,Bookcases,West,Gujarat,Ahmedabad,49294.21,2,0.1,37212.5,12081.71,UPI
ORD0004732,22/02/2025,CUST00836,Manish Kumar,PROD0009,Television Item 9,Electronics,Televisions,East,Bihar,Gaya,15394.32,3,0.1,9996.87,5397.45,UPI
ORD0005761,2025-02-20,CUST00344,Neha Kumar,PROD0029,Bookcase Item 29,Furniture,Bookcases,North,Delhi,Rohini,123235.51,6,0.25,111637.5,11598.01,Credit Card
ORD0004637,2025-02-18,CUST00739,Priya Reddy,PROD0015,Headphone Item 15,Electronics,Headphones,West,Maharashtra,Pune,121302.92,4,0.15,104717.6,16585.32,Debit Card
ORD0004049,2025-02-01,CUST00156,Riya Das,PROD0047,Women's Wear Item 47,Clothing,Women's Wear,West,Gujarat,Surat,16505.89,6,0.15,11709.24,4796.65,Debit Card
ORD0004227,2025-02-13,CUST00434,Nikhil Chatterjee,PROD0045,Women's Wear Item 45,Clothing,Women's Wear,South,Tamil Nadu,Coimbatore,10968.23,7,0.0,8211.0,2757.23,UPI
ORD0004529,2025-02-21,CUST00450,Aditi Kumar,PROD0010,Television Item 10,Electronics,Televisions,South,Karnataka,Mysuru,17380.16,1,0.1,13290.5,4089.66,Debit Card
ORD0006172,2025-02-28,CUST00038,Aryan Khan,PROD0041,Men's Wear Item 41,Clothing,Men's Wear,South,Telangana,Hyderabad,11873.49,3,0.0,8959.47,5154.19,Credit Card
ORD0005425,2025-02-06,CUST00782,Rohan Rao,PROD0088,Binder Item 88,Office Supplies,Binders,North,Punjab,Ludhiana,4110.81,1,0.2,3240.11,870.7,Net Banking
ORD0003964,2025-02-04,CUST00702,Saanvi Nair,PROD0005,Laptop Item 5,Electronics,Laptops,East,Bihar,Gaya,30908.29,2,0.05,20291.9,10616.39,UPI
ORD0006373,2025-02-08,CUST00203,Priya Singh,PROD0050,Kids Wear Item 50,Clothing,Kids Wear,West,Maharashtra,Pune,23852.76,6,0.0,14794.08,9058.68,Cash on Delivery
ORD0005341,2025-02-08,CUST00264,Sneha Patel,PROD0047,Women's Wear Item 47,Clothing,Women's Wear,East,Odisha,Bhubaneswar,18124.12,7,0.2,13660.78,4463.34,Net Banking
ORD0006113,04-Feb-2025,CUST00012,Kabir Rao,PROD0013,Headphone Item 13,Electronics,Headphones,East,Odisha,Bhubaneswar,10053.64,1,0.1,6851.15,7688.61,Credit Card
ORD0006305,2025-02-07,CUST00500,Rajesh Singh,PROD0060,Accessorie Item 60,Clothing,Accessories,North,Haryana,Gurugram,1010.12,3,0.25,892.14,117.98,UPI
ORD0006572,2025-02-17,CUST00715,Saanvi Joshi,PROD0029,Bookcase Item 29,Furniture,Bookcases,North,Haryana,Gurugram,65725.61,3,0.2,55818.75,9906.86,Debit Card
ORD0005288,2025-02-20,CUST00047,Divya Reddy,PROD0043,Men's Wear Item 43,Clothing,Men's Wear,South,Telangana,Warangal,2337.26,3,0.1,2026.05,311.21,Credit Card
ORD0005497,2025-02-09,CUST00613,Neha Malhotra,PROD0079,Personal Care Item 79,Grocery,Personal Care,South,Karnataka,Mysuru,7294.25,7,0.05,4611.74,2682.51,Credit Card
ORD0006267,2025-02-18,CUST00638,Manish Mehta,PROD0033,Sofa Item 33,Furniture,Sofas,South,Karnataka,Bengaluru,133467.76,4,0.0,89491.16,43976.6,UPI
ORD0004757,2025-02-11,CUST00591,Karan Rao,PROD0001,Mobile Phone Item 1,Electronics,Mobile Phones,West,Rajasthan,Jaipur,202316.59,7,0.0,124396.37,77920.22,Net Banking
ORD0006515,2025-02-04,CUST00710,Divya Khan,PROD0091,Art Supplie Item 91,Office Supplies,Art Supplies,East,Odisha,Bhubaneswar,10785.67,7,0.0,8393.07,2392.6,Net Banking
ORD0004452,2025-02-09,CUST00550,Vivaan Reddy,PROD0040,Storage Unit Item 40,Furniture,Storage Units,South,Tamil Nadu,Coimbatore,96851.55,6,0.15,68002.32,28849.23,UPI
ORD0003870,2025-02-04,CUST00014,Neha Chatterjee,PROD0047,Women's Wear Item 47,Clothing,Women's Wear,North,Haryana,Faridabad,19418.7,6,0.0,11709.24,7709.46,UPI
ORD0004316,2025-02-01,CUST00159,Tanvi Mehta,PROD0073,Staple Item 73,Grocery,Staples,East,West Bengal,Howrah,61.82,1,0.15,45.94,15.88,Credit Card
ORD0004978,2025-02-12,CUST00602,Pallavi Joshi,PROD0043,Men's Wear Item 43,Clothing,Men's Wear,West,Gujarat,Surat,5150.62,7,0.15,4727.45,423.17,UPI
ORD0004499,07 February 2025,CUST00203,Priya Singh,PROD0012,Television Item 12,ELECTRONICS,Televisions,East,West Bengal,Kolkata,150320.96,4,0.0,103058.72,47262.24,UPI
ORD0004961,2025-02-28,CUST00235,Kabir Rao,PROD0086,Binder Item 86,Office Supplies,Binders,North,Delhi,Dwarka,23684.08,6,0.25,22185.9,1498.18,UPI
ORD0006443,2025-02-09,CUST00011,Sanya Nair,PROD0010,Television Item 10,Electronics,Televisions,West,Gujarat,Surat,114902.18,7,0.15,93033.5,21868.68,UPI
ORD0004945,2025-02-21,CUST00712,Pooja Das,PROD0055,Footwear Item 55,Clothing,Footwear,North,Delhi,Rohini,17025.16,6,0.05,11922.54,5102.62,UPI
ORD0006315,05-Feb-2025,CUST00396,Aditi Khan,PROD0100,Appliance Item 100,Office Supplies,Appliances,North,Delhi,Dwarka,18638.5,4,0.1,12258.44,6380.06,UPI
ORD0005579,2025-02-12,CUST00189,Manish Mehta,PROD0085,Binder Item 85,Office Supplies,Binders,East,West Bengal,Howrah,948.16,4,0.0,616.32,602.56,Debit Card
ORD0006077,2025-02-18,CUST00292,Diya Sharma,PROD0040,,Furniture,Storage Units,North,Punjab,Ludhiana,68365.8,4,0.1,45334.88,23030.92,Debit Card
ORD0006054,2025-02-06,,Priya Patel,PROD0027,Table Item 27,Furniture,Tables,South,Karnataka,Mysuru,49529.02,6,0.1,32486.28,17042.74,UPI
ORD0004995,28 February 2025,CUST00134,Rahul Nair,PROD0091,Art Supplie Item 91,OFFICE SUPPLIES,Art Supplies,North,Punjab,Ludhiana,3466.82,3,0.25,3597.03,-130.21,Credit Card
ORD0005386,02-04-2025,CUST00872,Rahul Sharma,PROD0094,Storage Item 94,Office Supplies,Storage,West,Rajasthan,Jaipur,7839.62,2,0.15,6831.06,1008.56,UPI
ORD0005348,2025-02-21,CUST00211,Sneha Mehta,PROD0027,Table Item 27,Furniture,Tables,North,Delhi,New Delhi,64204.28,7,0.0,37900.66,26303.62,Credit Card
ORD0005511,08/02/2025,CUST00797,Kavya Sharma,PROD0017,Camera Item 17,Electronics,Cameras,South,Karnataka,Bengaluru,71774.46,3,0.05,55908.81,15865.65,Net Banking
ORD0004202,2025-02-04,CUST00160,Rajesh Joshi,PROD0051,Kids Wear Item 51,Clothing,Kids Wear,East,Odisha,Bhubaneswar,2542.22,6,0.2,2111.82,430.4,UPI
ORD0004907,2025-02-02,CUST00741,Ishaan Sharma,PROD0035,Sofa Item 35,Furniture,Sofas,North,Punjab,Ludhiana,71139.78,4,0.1,47579.04,23560.74,Cash on Delivery
ORD0004960,2025-02-28,CUST00811,Rohan Sharma,PROD0091,Art Supplie Item 91,Office Supplies,Art Supplies,South,Telangana,Warangal,2773.46,2,0.1,2398.02,375.44,Debit Card
ORD0003971,2025-02-27,CUST00261,Arjun Patel,PROD0082,Paper Item 82,Office Supplies,Paper,West,Maharashtra,Nagpur,0,7,0.25,7936.67,490.26,Debit Card
ORD0005092,2025-02-10,CUST00388,Divya Malhotra,PROD0054,Footwear Item 54,Clothing,Footwear,South,Karnataka,Mysuru,13359.06,4,0.1,9348.2,4010.86,UPI
ORD0005762,2025-02-07,CUST00718,Ananya Verma,PROD0022,Chair Item 22,furniture,Chairs,North,Delhi,New Delhi,20815.89,3,0.0,13600.95,7214.94,UPI
ORD0004056,2025-02-28,CUST00419,Nikhil Gupta,PROD0060,Accessorie Item 60,Clothing,Accessories,East,West Bengal,Howrah,1144.8,3,0.15,892.14,252.66,Debit Card
ORD0005356,2025-02-05,CUST00409,Vivaan Verma,PROD0091,Art Supplie Item 91,Office Supplies,Art Supplies,North,Haryana,Gurugram,9167.82,7,0.15,8393.07,774.75,UPI
ORD0005913,2025-02-17,CUST00460,Rohan Das,PROD0008,Laptop Item 8,Electronics,Laptops,West,Rajasthan,Jaipur,235873.8,4,0.0,185927.48,49946.32,UPI
ORD0004159,14-Feb-2025,CUST00096,Aryan Das,PROD0022,Chair Item 22,Furniture,Chairs,West,Gujarat,Ahmedabad,16652.71,3,0.2,13600.95,3051.76,UPI
ORD0006018,2025-02-10,CUST00602,Pallavi Joshi,PROD0073,Staple Item 73,Grocery,Staples,North,Delhi,New Delhi,174.55,3,0.2,137.82,36.73,UPI
ORD0006482,2025-02-27,CUST00227,Priya Sharma,PROD0008,Laptop Item 8,Electronics,Laptops,East,Odisha,Cuttack,47174.76,1,0.2,46481.87,692.89,UPI
ORD0005124,2025-02-26,CUST00302,Manish Patel,PROD0020,Camera Item 20,Electronics,Cameras,East,West Bengal,Kolkata,215692.56,4,0.0,124044.56,91648.0,Credit Card
ORD0006170,06-Feb-2025,CUST00323,Shreya Nair,PROD0052,Kids Wear Item 52,Clothing,Kids Wear,East,West Bengal,Howrah,2643.19,4,0.15,1828.72,814.47,Net Banking
ORD0005175,2025-02-15,CUST00832,Kabir Singh,PROD0039,Storage Unit Item 39,Furniture,Storage Units,North,Punjab,Ludhiana,16703.48,1,0.0,10859.15,5844.33,UPI
ORD0004616,2025-02-13,CUST00319,Rohan Iyer,PROD0059,Accessorie Item 59,Clothing,Accessories,West,Maharashtra,Mumbai,14044.75,5,0.0,10695.1,3349.65,UPI
ORD0006309,2025-02-15,CUST00173,Sneha Iyer,PROD0022,Chair Item 22,Furniture,Chairs,North,Haryana,Faridabad,26019.86,5,0.25,22668.25,3351.61,Credit Card
ORD0006600,2025-02-02,CUST00609,Sanya Mehta,PROD0074,Staple Item 74,Grocery,Staples,North,Haryana,Faridabad,1387.4,5,0.0,1032.95,354.45,Debit Card
ORD0006765,2025-02-01,CUST00878,Karan Nair,PROD0078,Personal Care Item 78,Grocery,Personal Care,West,Rajasthan,Jaipur,376.05,1,,270.26,105.79,Debit Card
ORD0006520,2025-02-25,CUST00748,Neha Reddy,PROD0081,Paper Item 81,Office Supplies,Paper,South,Tamil Nadu,Coimbatore,27180.64,5,0.05,20099.8,7080.84,Credit Card
ORD0004010,2025-02-24,CUST00653,Karan Das,PROD0089,Art Supplie Item 89,Office Supplies,Art Supplies,North,Punjab,Ludhiana,17392.41,7,0.25,15594.18,1798.23,UPI
ORD0004750,2025-02-01,CUST00773,Meera Kumar,PROD0077,Personal Care Item 77,Grocery,Personal Care,South,Telangana,Hyderabad,824.47,3,0.25,642.72,181.75,Debit Card
ORD0006508,2025-02-19,CUST00862,Riya Mehta,PROD0056,Footwear Item 56,Clothing,Footwear,North,Haryana,Gurugram,19192.74,7,0.0,13433.49,5759.25,Credit Card
ORD0004483,2025-02-17,CUST00726,Saanvi Sharma,PROD0072,Dairy Item 72,Grocery,Dairy,South,Karnataka,Bengaluru,1366.54,2,0.15,1150.68,215.86,Debit Card
ORD0005798,2025-02-22,CUST00282,Priya Patel,PROD0094,Storage Item 94,Office Supplies,Storage,South,Tamil Nadu,Coimbatore,12451.16,3,0.1,10246.59,2204.57,UPI
ORD0005915,2025-02-14,CUST00630,Vikram Joshi,PROD0030,Bookcase Item 30,Furniture,Bookcases,South,Karnataka,Bengaluru,104593.8,7,0.15,83974.87,20618.93,Credit Card
ORD0005831,2025-02-02,CUST00692,Arjun Rao,PROD0051,Kids Wear Item 51,clothing,Kids Wear,North,Punjab,Amritsar,2648.15,5,0.0,1759.85,888.3,Credit Card
ORD0003853,2025-02-26,CUST00669,Riya Iyer,PROD0011,Television Item 11,Electronics,Televisions,East,Bihar,Patna,6097.23,1,0.15,5462.04,635.19,Debit Card
ORD0005955,02-14-2025,CUST00652,Aryan Rao,PROD0033,Sofa Item 33,Furniture,Sofas,East,West Bengal,Kolkata,75075.62,3,0.25,67118.37,7957.25,Debit Card
ORD0004754,2025-02-27,CUST00156,Riya Das,PROD0040,Storage Unit Item 40,Furniture,Storage Units,West,Gujarat,Ahmedabad,48425.78,3,0.15,34001.16,14424.62,Debit Card
ORD0005569,2025-02-05,CUST00400,Ananya Khan,PROD0070,Dairy Item 70,Grocery,Dairy,North,Haryana,Gurugram,2113.03,4,0.05,1293.28,819.75,Credit Card
ORD0004190,2025-02-17,CUST00391,Amit Das,PROD0070,Dairy Item 70,Grocery,Dairy,West,Gujarat,Ahmedabad,2641.28,5,0.05,1616.6,1024.68,Cash on Delivery
ORD0006347,2025-02-19,CUST00207,Saanvi Patel,PROD0039,Storage Unit Item 39,Furniture,Storage Units,South,Karnataka,Bengaluru,80176.7,6,0.2,65154.9,15021.8,UPI
ORD0003867,28/02/2025,CUST00769,Ishaan Verma,PROD0065,Snack Item 65,Grocery ,Snacks,North,Punjab,Amritsar,4271.63,5,0.05,2926.2,1345.43,Cash on Delivery
ORD0006698,2025-02-20,CUST00364,Tanvi Verma,PROD0039,,Furniture,Storage Units,North,Haryana,Gurugram,66813.92,4,0.0,43436.6,23377.32,UPI
ORD0003937,2025-02-17,CUST00150,Saanvi Sharma,PROD0093,Storage Item 93,Office Supplies,Storage,South,Karnataka,Mysuru,28182.77,6,0.2,25936.86,2245.91,Credit Card
ORD0004979,2025-02-26,CUST00271,Tanvi Sharma,PROD0087,Binder Item 87,Office Supplies,Binders,East,Odisha,Bhubaneswar,2311.37,1,0.15,2131.86,179.51,UPI
ORD0004373,2025-02-03,CUST00274,Neha Kumar,PROD0056,Footwear Item 56,Clothing,Footwear,South,Telangana,Warangal,4935.28,2,0.1,3838.14,1097.14,Debit Card
ORD0004191,2025-02-23,CUST00790,Diya Kumar,PROD0027,,Furniture,Tables,South,Tamil Nadu,Coimbatore,18344.08,2,0.0,10828.76,22458.07,UPI
ORD0004877,2025-02-16,CUST00640,Aarav Chatterjee,PROD0013,Headphone Item 13,Electronics,Headphones,North,Delhi,New Delhi,22341.42,2,0.0,13702.3,8639.12,UPI
ORD0004484,24/02/2025,CUST00377,Aditi Rao,PROD0034,Sofa Item 34,FURNITURE,Sofas,East,West Bengal,Howrah,56779.37,2,0.15,39471.3,17308.07,Cash on Delivery
ORD0005799,2025-02-24,CUST00242,Rohan Joshi,PROD0071,Dairy Item 71,Grocery,Dairy,North,Haryana,Gurugram,295.41,2,,222.92,72.49,UPI
ORD0006794,2025-02-10,CUST00333,Pooja Mehta,PROD0075,Staple Item 75,Grocery ,Staples,West,Maharashtra,Nagpur,4158.88,4,0.0,2543.88,1615.0,Credit Card
ORD0005863,2025-02-12,CUST00037,Rahul Patel,PROD0068,Snack Item 68,Grocery,Snacks,South,Tamil Nadu,Chennai,1436.94,3,0.1,1136.4,300.54,Credit Card
ORD0005266,2025-02-06,CUST00008,Tanvi Joshi,PROD0065,Snack Item 65,Grocery,Snacks,East,Bihar,Gaya,1708.65,2,0.05,1170.48,538.17,Credit Card
ORD0004511,2025-02-08,CUST00013,Shreya Das,PROD0078,Personal Care Item 78,Grocery,Personal Care,West,Maharashtra,Nagpur,2369.11,7,0.1,1891.82,477.29,UPI
ORD0005509,2025-02-20,CUST00363,Shreya Verma,PROD0003,,Electronics,Mobile Phones,North,Haryana,Gurugram,293866.79,6,0.15,246547.26,47319.53,Debit Card
ORD0004781,2025-02-22,CUST00583,Sanya Verma,PROD0076,Staple Item 76,Grocery,Staples,South,Karnataka,Bengaluru,1636.06,2,0.0,952.74,683.32,UPI
ORD0004905,2025-02-12,CUST00768,Nikhil Sharma,PROD0039,Storage Unit Item 39, Furniture,Storage Units,South,Telangana,Warangal,75165.66,6,0.25,65154.9,10010.76,Cash on Delivery
ORD0005505,2025-02-16,CUST00025,Aryan Joshi,PROD0090,Art Supplie Item 90,Office Supplies,Art Supplies,South,Karnataka,Mysuru,19532.95,6,0.15,14558.46,4974.49,Debit Card
ORD0003788,2025-02-07,CUST00054,Shreya Das,PROD0033,Sofa Item 33,furniture,Sofas,West,Maharashtra,Nagpur,100100.82,3,0.0,67118.37,32982.45,Credit Card
ORD0004649,07/02/2025,CUST00521,Tanvi Chatterjee,PROD0068,Snack Item 68,Grocery,Snacks,West,Gujarat,Ahmedabad,2394.9,6,0.25,2272.8,122.1,UPI
ORD0004931,2025-02-16,CUST00186,Arjun Das,PROD0059,Accessorie Item 59,Clothing,Accessories,East,West Bengal,Howrah,17696.38,7,0.1,14973.14,2723.24,Credit Card
ORD0005197,2025-02-28,CUST00632,Rahul Chatterjee,PROD0025,Table Item 25,Furniture,Tables,West,Rajasthan,Udaipur,92131.41,3,0.0,58487.82,33643.59,Credit Card
ORD0006246,2025-02-02,CUST00833,Sanya Reddy,PROD0055,Footwear Item 55,Clothing,Footwear,North,Haryana,Gurugram,5376.37,2,0.1,3974.18,1402.19,Credit Card
ORD0004652,2025-02-14,CUST00856,Arjun Khan,PROD0045,Women's Wear Item 45,Clothing,Women's Wear,West,Maharashtra,Mumbai,2663.71,2,0.15,2346.0,317.71,Debit Card
ORD0006186,2025-02-03,CUST00825,Pallavi Chatterjee,PROD0037,Storage Unit Item 37,Furniture,Storage Units,West,Maharashtra,Pune,13874.37,3,0.05,11380.08,2494.29,Net Banking
ORD0006677,2025-02-05,CUST00030,Manish Das,PROD0031,Bookcase Item 31,FURNITURE,Bookcases,East,Bihar,Gaya,57451.89,3,0.0,37840.17,19611.72,Debit Card
ORD0006425,2025-02-24,CUST00896,Pooja Rao,PROD0082,Paper Item 82,Office Supplies,Paper,East,Bihar,Patna,3852.31,3,0.2,3401.43,450.88,UPI
ORD0005755,2025-02-12,CUST00897,,PROD0020,Camera Item 20,Electronics,Cameras,East,Odisha,Bhubaneswar,183338.68,4,0.15,124044.56,59294.12,UPI
ORD0003735,2025-02-07,CUST00745,Diya Singh,PROD0076,Staple Item 76,Grocery,Staples,East,Odisha,Cuttack,5726.21,7,0.0,3334.59,2391.62,UPI
ORD0005072,2025-02-21,CUST00203,Priya Singh,PROD0034,Sofa Item 34,Furniture,Sofas,West,Maharashtra,Pune,90179.0,3,0.1,59206.95,30972.05,Credit Card
ORD0006001,2025-02-07,CUST00876,Sneha Rao,PROD0009,Television Item 9,Electronics ,Televisions,East,West Bengal,Kolkata,22806.4,4,0.0,13329.16,9477.24,Cash on Delivery
ORD0003934,2025-02-14,CUST00228,Pooja Singh,PROD0037,Storage Unit Item 37,Furniture,Storage Units,West,Maharashtra,Nagpur,24341.0,5,0.0,18966.8,5374.2,Credit Card
ORD0003701,2025-02-23,CUST00473,Diya Verma,PROD0072,Dairy Item 72,Grocery,Dairy,South,Tamil Nadu,Chennai,2411.55,3,0.0,1726.02,685.53,Credit Card
ORD0004518,2025-02-17,CUST00652,Aryan Rao,PROD0003,Mobile Phone Item 3,Electronics,Mobile Phones,North,Delhi,Dwarka,51858.85,1,0.1,41091.21,10767.64,Credit Card
ORD0005134,2025-02-11,CUST00274,Neha Kumar,PROD0070,Dairy Item 70,Grocery,Dairy,North,Delhi,Dwarka,1056.51,2,0.05,646.64,409.87,UPI
ORD0004526,2025-02-18,CUST00615,Ishaan Iyer,PROD0004,Mobile Phone Item 4,Electronics,Mobile Phones,North,Delhi,Rohini,121948.52,4,0.0,70446.36,51502.16,Debit Card
ORD0006609,2025-02-10,CUST00187,Neha Nair,PROD0014,Headphone Item 14,Electronics,Headphones,East,Odisha,Cuttack,34810.4,4,0.2,33199.68,3530.73,Debit Card
ORD0004253,2025-02-03,CUST00243,Rahul Gupta,PROD0024,Chair Item 24,Furniture,Chairs,East,Odisha,Bhubaneswar,50180.78,2,0.0,38279.58,11901.2,Credit Card
ORD0005591,2025-02-27,CUST00374,Sanya Nair,PROD0075,Staple Item 75,Grocery,Staples,North,Haryana,Faridabad,6238.32,6,0.0,3815.82,2422.5,Net Banking
ORD0004006,01 February 2025,CUST00026,Manish Gupta,PROD0069,Dairy Item 69,Grocery,Dairy,West,Maharashtra,Mumbai,887.44,2,0.0,578.64,308.8,UPI
ORD0006003,2025-02-28,CUST00138,Neha Khan,PROD0037,Storage Unit Item 37,Furniture,Storage Units,North,Punjab,Amritsar,7302.3,2,0.25,7586.72,-284.42,UPI
ORD0005689,2025-02-21,CUST00538,Priya Patel,PROD0027,Table Item 27,Furniture,Tables,East,Odisha,Bhubaneswar,16509.67,2,0.1,10828.76,5680.91,Credit Card
ORD0006181,2025-02-12,CUST00014,Neha Chatterjee,PROD0015,Headphone Item 15,Electronics,Headphones,South,Karnataka,Bengaluru,64219.19,2,0.1,52358.8,11860.39,UPI
ORD0006774,2025-02-25,CUST00163,Pallavi Gupta,PROD0042,Men's Wear Item 42,Clothing,Men's Wear,West,Maharashtra,Mumbai,6087.94,2,0.0,4061.82,2026.12,UPI
ORD0003831,2025-02-20,CUST00006,Sanya Malhotra,PROD0015,Headphone Item 15,Electronics,Headphones,East,Odisha,Cuttack,35677.33,1,0.0,26179.4,9497.93,Credit Card
ORD0004579,2025-02-26,CUST00337,Riya Verma,PROD0076,Staple Item 76,Grocery,Staples,East,Odisha,Bhubaneswar,3272.12,4,0.0,1905.48,1366.64,UPI
ORD0004232,2025-02-10,CUST00018,Amit Verma,PROD0013,Headphone Item 13,Electronics,Headphones,West,Rajasthan,Udaipur,60321.83,6,0.1,41106.9,19214.93,UPI
ORD0005734,2025-02-15,CUST00330,Aditi Iyer,PROD0081,Paper Item 81,Office Supplies,Paper,South,Karnataka,Mysuru,28611.2,5,0.0,20099.8,8511.4,UPI
ORD0005810,2025-02-12,CUST00158,Rohan Das,PROD0044,Men's Wear Item 44,Clothing,Men's Wear,South,Karnataka,Bengaluru,10941.91,7,0.0,6155.1,4786.81,Credit Card
ORD0003805,2025-02-10,CUST00077,Sneha Iyer,PROD0069,Dairy Item 69,Grocery,Dairy,North,Haryana,Faridabad,3106.04,7,0.0,2025.24,1946.81,UPI
ORD0005539,2025-02-25,CUST00156,Riya Das,PROD0087,Binder Item 87,Office Supplies,Binders,West,Rajasthan,Jaipur,5438.52,2,0.0,4263.72,1174.8,UPI
ORD0005768,2025-02-02,CUST00418,Divya Joshi,PROD0022,Chair Item 22,furniture,Chairs,South,Tamil Nadu,Coimbatore,11101.81,2,0.2,9067.3,2034.51,UPI
ORD0004872,2025-02-19,CUST00830,Divya Iyer,PROD0014,Headphone Item 14,Electronics,Headphones,South,Karnataka,Mysuru,21756.5,2,0.0,16599.84,5156.66,Credit Card
ORD0004079,2025-02-02,CUST00192,Rajesh Gupta,PROD0001,Mobile Phone Item 1,Electronics ,Mobile Phones,West,Maharashtra,Pune,86707.11,3,0.0,53312.73,33394.38,Debit Card
ORD0005819,26-Feb-2025,CUST00218,Rahul Verma,PROD0045,Women's Wear Item 45,Clothing,Women's Wear,South,Tamil Nadu,Chennai,4700.67,3,0.0,3519.0,1181.67,UPI
ORD0004643,2025-02-17,CUST00140,Vivaan Verma,PROD0041,Men's Wear Item 41,Clothing,Men's Wear,West,Maharashtra,Pune,20778.61,7,0.25,20905.43,-126.82,Net Banking
ORD0004146,2025-02-14,CUST00410,Riya Malhotra,PROD0044,Men's Wear Item 44,Clothing,Men's Wear,North,Punjab,Ludhiana,10941.91,7,0.0,6155.1,4786.81,Credit Card
ORD0004698,2025-02-13,CUST00210,Saanvi Singh,PROD0046,Women's Wear Item 46,Apparel,Women's Wear,North,Delhi,New Delhi,13671.1,7,0.25,13447.07,224.03,Net Banking
ORD0006118,2025-02-18,CUST00705,Aarav Iyer,PROD0065,Snack Item 65,Grocery,Snacks,West,Maharashtra,Mumbai,1798.58,2,0.0,1170.48,628.1,UPI
ORD0005057,2025-02-24,CUST00794,Nikhil Verma,PROD0009,Television Item 9,Electronics,Televisions,North,Punjab,Ludhiana,9122.56,2,0.2,6664.58,2457.98,Debit Card
ORD0004029,2025-02-01,CUST00555,Rajesh Sharma,PROD0002,Mobile Phone Item 2,Electronics,Mobile Phones,North,Haryana,Gurugram,28998.41,N/A,0.0,19439.77,9558.64,UPI
ORD0004471,2025-02-24,CUST00804,Ishaan Kumar,PROD0035,Sofa Item 35,Furniture,Sofas,North,Punjab,Ludhiana,19761.05,1,0.0,11894.76,7866.29,UPI
ORD0005938,2025-02-14,CUST00289,Sneha Singh,PROD0052,Kids Wear Item 52,Clothing,Kids Wear,West,Rajasthan,Udaipur,1321.6,2,0.15,914.36,407.24,UPI
ORD0005205,2025-02-11,CUST00421,Saanvi Das,PROD0026,Table Item 26,Furniture,Tables,North,Delhi,Rohini,56865.24,3,0.0,34807.29,22057.95,UPI
ORD0006522,2025-02-22,CUST00073,Pallavi Chatterjee,PROD0073,Staple Item 73,Grocery,Staples,South,Karnataka,Mysuru,163.64,3,0.25,137.82,25.82,Credit Card
ORD0005867,2025-02-02,CUST00373,Shreya Nair,PROD0058,Accessorie Item 58,Clothing,Accessories,East,West Bengal,Kolkata,3998.5,3,0.15,2795.7,1202.8,Debit Card
ORD0004864,2025-02-19,CUST00849,Priya Patel,PROD0061,Beverage Item 61,Grocery,Beverages,North,Delhi,Dwarka,3444.35,4,0.2,3174.84,446.94,Debit Card
ORD0003816,2025-02-07,CUST00900,Priya Singh,PROD0077,Personal Care Item 77,Grocery,Personal Care,East,Odisha,Cuttack,348.11,1,0.05,214.24,133.87,Net Banking
ORD0005753,2025-02-16,CUST00010,Divya Khan,PROD0016,Headphone Item 16,Electronics,Headphones,North,Punjab,Ludhiana,79976.16,5,0.15,60482.05,19494.11,Credit Card
ORD0006023,2025-02-27,CUST00752,Meera Nair,PROD0015,Headphone Item 15,Electronics,Headphones,East,Bihar,Gaya,101680.39,3,0.05,78538.2,23142.19,UPI
ORD0004206,2025-02-24,CUST00063,Divya Kumar,PROD0056,Footwear Item 56,Clothing,Footwear,East,West Bengal,Howrah,2741.82,1,0.0,1919.07,822.75,UPI
ORD0003703,2025-02-13,CUST00278,Pallavi Singh,PROD0058,Accessorie Item 58,Clothing,Accessories,West,Rajasthan,Udaipur,3136.08,2,0.0,1863.8,1272.28,UPI
ORD0006710,2025-02-22,CUST00312,Ishaan Reddy,PROD0054,Footwear Item 54,Clothing,Footwear,East,Bihar,Gaya,18554.25,5,0.0,11685.25,6869.0,Credit Card
ORD0005990,01-Feb-2025,CUST00432,Diya Joshi,PROD0042,Men's Wear Item 42,Clothing,Men's Wear,South,Tamil Nadu,Coimbatore,21307.79,7,0.0,14216.37,7091.42,Credit Card
ORD0003982,2025-02-19,CUST00717,Kabir Singh,PROD0076,Staple Item 76,Grocery,Staples,East,Odisha,Bhubaneswar,818.03,1,0.0,476.37,341.66,Net Banking
ORD0006045,2025-02-08,CUST00004,Aditi Mehta,PROD0032,Bookcase Item 32,Furniture,Bookcases,South,Tamil Nadu,Chennai,37142.14,7,0.0,21595.0,15547.14,Credit Card
ORD0005313,2025-02-11,CUST00459,Vikram Joshi,PROD0030,Bookcase Item 30,Furniture,Bookcases,North,Delhi,Dwarka,87893.95,5,0.0,59982.05,27911.9,UPI
ORD0005742,2025-02-08,CUST00186,Arjun Das,PROD0014,Headphone Item 14,Electronics,Headphones,West,Maharashtra,Pune,10334.34,1,0.05,8299.92,2034.42,Debit Card
ORD0003992,2025-02-18,CUST00479,Neha Das,PROD0029,Bookcase Item 29,Furniture,Bookcases,East,Odisha,Cuttack,26016.39,1,0.05,18606.25,7410.14,Debit Card
ORD0004093,2025-02-01,CUST00829,Divya Chatterjee,PROD0027,Table Item 27,Furniture,Tables,East,Bihar,Patna,9172.04,1,0.0,5414.38,3757.66,UPI
ORD0004068,2025-02-13,CUST00679,Arjun Patel,PROD0017,Camera Item 17,Electronics,Cameras,West,Rajasthan,Udaipur,25184.02,1,0.0,18636.27,6547.75,Credit Card
ORD0006713,2025-02-14,CUST00086,Diya Verma,PROD0099,Appliance Item 99,Office-Supplies,Appliances,East,Bihar,Gaya,108669.05,2,0.0,2098.04,684.46,Credit Card
ORD0004401,2025-02-11,CUST00470,Rahul Singh,PROD0031,Bookcase Item 31,Furnitures,Bookcases,North,Delhi,New Delhi,57451.89,3,0.0,37840.17,35733.21,UPI
ORD0005522,2025-02-18,CUST00421,Saanvi Das,PROD0014,Headphone Item 14,Electronics,Headphones,South,Telangana,Hyderabad,76147.75,7,0.0,58099.44,50124.21,Debit Card
ORD0005840,28 February 2025,CUST00839,Ishaan Reddy,PROD0017,Camera Item 17,Electronics,Cameras,West,Maharashtra,Nagpur,25184.02,1,0.0,18636.27,6547.75,Credit Card
ORD0003764,2025-02-23,CUST00656,Sanya Nair,PROD0014,Headphone Item 14,Electronics,Headphones,West,Maharashtra,Pune,43513.0,4,0.0,33199.68,10313.32,UPI
ORD0006062,2025-02-09,CUST00138,Neha Khan,PROD0041,Men's Wear Item 41,Clothing,Men's Wear,West,Gujarat,Ahmedabad,23746.98,6,0.0,17918.94,5828.04,Credit Card
ORD0005570,02-20-2025,CUST00749,Vikram Joshi,PROD0059,Accessorie Item 59,Clothing,Accessories,East,Bihar,Gaya,4213.42,2,0.25,4278.04,-64.62,Credit Card
ORD0004105,2025-02-24,CUST00069,Karan Sharma,PROD0059,Accessorie Item 59,Clothing,Accessories,East,West Bengal,Howrah,5056.11,2,0.1,4278.04,778.07,Debit Card
ORD0005825,2025-02-07,CUST00198,Tanvi Chatterjee,PROD0043,Men's Wear Item 43,Clothing,Men's Wear,East,Bihar,Gaya,3679.01,5,0.15,3376.75,302.26,UPI
ORD0003967,2025-02-02,CUST00143,Rahul Malhotra,PROD0033,Sofa Item 33,Furniture,Sofas,North,Delhi,New Delhi,166834.7,5,0.0,111863.95,54970.75,UPI
ORD0005540,2025-02-10,CUST00579,Diya Chatterjee,PROD0062,Beverage Item 62,GROCERY,Beverages,East,West Bengal,Kolkata,2381.16,2,0.0,1625.98,755.18,Credit Card
ORD0004630,2025-02-01,CUST00261,Arjun Patel,PROD0003,Mobile Phone Item 3,Electronics,Mobile Phones,North,Haryana,Faridabad,276580.51,6,0.2,246547.26,30033.25,UPI
ORD0003707,2025-02-19,CUST00003,Neha Chatterjee,PROD0073,Staple Item 73,Groceries,Staples,East,West Bengal,Howrah,207.28,3,0.05,137.82,69.46,UPI
ORD0005728,28 February 2025,CUST00606,Karan Joshi,PROD0064,Beverage Item 64,Grocery,Beverages,East,Bihar,Gaya,5698.35,5,0.0,3655.95,2042.4,Credit Card
ORD0005304,2025-02-10,CUST00205,Rajesh Sharma,PROD0024,Chair Item 24,FURNITURE,Chairs,South,Telangana,Warangal,143015.22,6,0.05,114838.74,28176.48,Cash on Delivery
ORD0004525,2025-02-28,CUST00770,Tanvi Kumar,PROD0028,Table Item 28,Furniture,Tables,West,Maharashtra,Pune,65897.3,2,0.0,50872.54,15024.76,Credit Card
ORD0006191,2025-02-19,CUST00520,Rahul Chatterjee,PROD0097,Appliance Item 97,office supplies,Appliances,North,Haryana,Gurugram,10841.94,6,0.0,6661.86,8643.59,Credit Card
ORD0004298,02-03-2025,CUST00207,Saanvi Patel,PROD0030,Bookcase Item 30,Furniture,Bookcases,East,Bihar,Patna,92288.65,7,0.25,83974.87,8313.78,UPI
ORD0004815,2025-02-10,CUST00016,Rahul Gupta,PROD0027,Table Item 27,Furniture,Tables,West,Gujarat,Ahmedabad,55032.24,6,0.0,32486.28,22545.96,Debit Card
ORD0004675,2025-02-08,CUST00066,Vikram Singh,PROD0039,Storage Unit Item 39,Furniture,Storage Units,North,Delhi,Rohini,75165.66,6,0.25,65154.9,10010.76,Credit Card
ORD0004059,2025-02-14,CUST00510,Vivaan Verma,PROD0009,Television Item 9,Electronics,Televisions,East,Odisha,Bhubaneswar,5701.6,1,0.0,3332.29,2369.31,Credit Card
ORD0004082,2025-02-13,CUST00828,Ishaan Gupta,PROD0013,Headphone Item 13,Electronics,Headphones,East,Bihar,Gaya,78194.97,7,0.0,47958.05,30236.92,Net Banking
ORD0005765,2025-02-03,CUST00041,,PROD0045,Women's Wear Item 45,Clothing,Women's Wear,West,Gujarat,Surat,2820.4,2,0.1,2346.0,474.4,UPI
ORD0005421,2025-02-25,CUST00770,Tanvi Kumar,PROD0057,Accessorie Item 57,Clothing,Accessories,North,Punjab,Ludhiana,10451.43,6,0.15,9683.16,768.27,Credit Card
ORD0004640,2025-02-03,CUST00331,Kabir Mehta,PROD0021,Chair Item 21,Furniture,Chairs,West,Rajasthan,Udaipur,29541.78,3,0.0,22499.61,7042.17,Net Banking
ORD0005694,2025-02-17,CUST00657,Shreya Chatterjee,PROD0043,Men's Wear Item 43,Clothing,Men's Wear,West,Rajasthan,Jaipur,865.65,1,0.0,675.35,190.3,UPI
ORD0006171,2025-02-28,CUST00354,Aarav Kumar,PROD0033,Sofa Item 33,Furniture,Sofas,South,Karnataka,Bengaluru,90090.74,3,0.1,67118.37,57176.61,Credit Card
ORD0005723,2025-02-11,CUST00060,,PROD0003,Mobile Phone Item 3,Electronics,Mobile Phones,East,Bihar,Gaya,273699.47,5,0.05,205456.05,68243.42,Debit Card
ORD0006144,2025-02-09,CUST00317,Rahul Reddy,PROD0018,Camera Item 18,Electronics,Cameras,West,Maharashtra,Pune,233413.25,5,0.0,140445.55,92967.7,Credit Card
ORD0004692,2025-02-10,CUST00730,Rohan Singh,PROD0018,Camera Item 18,Electronics,Cameras,East,West Bengal,Howrah,39680.25,1,0.15,28089.11,11591.14,Cash on Delivery
ORD0006592,2025-02-17,CUST00141,Saanvi Khan,PROD0071,Dairy Item 71,Grocery,Dairy,West,Maharashtra,Mumbai,559.73,4,0.1,445.84,113.89,UPI
ORD0004900,2025-02-26,CUST00167,Ananya Chatterjee,PROD0048,Women's Wear Item 48,Cloths,Women's Wear,South,Karnataka,Bengaluru,14872.0,5,0.2,12260.05,2611.95,Credit Card
ORD0006112,2025-02-08,CUST00881,Kavya Reddy,PROD0026,Table Item 26,Furniture,Tables,South,Tamil Nadu,Coimbatore,113730.48,6,0.0,69614.58,44115.9,Credit Card
ORD0005241,2025-02-08,CUST00860,Neha Singh,PROD0096,Storage Item 96,Office Supplies,Storage,East,Bihar,Patna,10090.31,7,0.05,7553.98,2536.33,UPI
ORD0005876,2025-02-21,CUST00533,Manish Reddy,PROD0054,Footwear Item 54,Clothing,Footwear,South,Telangana,Hyderabad,10019.3,3,0.1,7011.15,3008.15,Cash on Delivery
ORD0005035,2025-02-19,CUST00672,Diya Kumar,PROD0065,Snack Item 65,Grocery ,Snacks,North,Haryana,Faridabad,2697.87,3,0.0,1755.72,942.15,Net Banking
ORD0006278,2025-02-11,CUST00245,Manish Kumar,PROD0020,Camera Item 20,Electronics,Cameras,West,Rajasthan,Udaipur,269615.7,5,0.0,155055.7,114560.0,UPI
ORD0004351,2025-02-28,CUST00645,Diya Kumar,PROD0050,Kids Wear Item 50,Clothing,Kids Wear,West,Maharashtra,Nagpur,3180.37,1,0.2,2465.68,714.69,UPI
ORD0004678,2025-02-09,CUST00775,Priya Sharma,PROD0065,Snack Item 65,Grocery,Snacks,East,Bihar,Gaya,1618.72,2,0.1,1170.48,448.24,Credit Card
ORD0005428,2025-02-28,CUST00446,Aditi Mehta,PROD0082,Paper Item 82,Office Supplies,Paper,East,Odisha,Cuttack,6099.49,4,0.05,4535.24,1564.25,Debit Card
ORD0005767,2025-02-07,CUST00383,Arjun Joshi,PROD0092,Art Supplie Item 92,OFFICE SUPPLIES,Art Supplies,North,Haryana,Faridabad,16652.58,3,0.0,12669.78,3982.8,UPI
ORD0006518,2025-02-22,CUST00073,Pallavi Chatterjee,PROD0039,Storage Unit Item 39,Furniture,Storage Units,South,Tamil Nadu,Chennai,40088.35,3,0.2,32577.45,7510.9,Debit Card
ORD0003884,2025-02-27,CUST00366,Tanvi Reddy,PROD0070,Dairy Item 70,Grocery,Dairy,North,Punjab,Amritsar,1417.95,3,0.15,969.96,447.99,Debit Card
ORD0005362,2025-02-20,CUST00759,Priya Sharma,PROD0012,Television Item 12,Electronics,Televisions,North,Punjab,Amritsar,30064.19,1,0.2,25764.68,4299.51,Credit Card
ORD0005929,2025-02-15,CUST00276,Nikhil Reddy,PROD0054,Footwear Item 54,Clothing,Footwear,West,Gujarat,Surat,25975.95,7,0.0,16359.35,9616.6,Credit Card
ORD0006004,2025-02-05,CUST00257,Divya Chatterjee,PROD0037,Storage Unit Item 37,Furniture,Storage Units,East,Odisha,Bhubaneswar,34077.4,7,0.0,26553.52,7523.88,UPI
ORD0006496,2025-02-04,CUST00711,Rajesh Malhotra,PROD0007,Laptop Item 7,Electronics,Laptops,North,Delhi,Dwarka,54246.05,1,0.0,43187.57,11058.48,Net Banking
ORD0006681,2025-02-02,CUST00556,Karan Gupta,PROD0070,Dairy Item 70,Grocery,Dairy,North,Punjab,Ludhiana,1668.18,4,0.25,1293.28,374.9,Net Banking
ORD0005203,2025-02-27,CUST00252,Rajesh Chatterjee,PROD0018,Camera Item 18,Electronics,Cameras,South,Telangana,Warangal,79360.5,2,0.15,56178.22,23182.28,UPI
ORD0004693,25-Feb-2025,CUST00770,Tanvi Kumar,PROD0035,Sofa Item 35,Furniture,Sofas,West,Maharashtra,Pune,19761.05,1,0.0,11894.76,7866.29,Credit Card
ORD0005276,2025-02-14,CUST00680,Diya Nair,PROD0078,Personal Care Item 78,Grocery,Personal Care,South,Karnataka,Bengaluru,1071.74,3,0.05,810.78,260.96,UPI
ORD0004640,2025-02-03,CUST00331,Kabir Mehta,PROD0021,Chair Item 21,Furniture,Chairs,West,Rajasthan,Udaipur,29541.78,3,0.0,22499.61,7042.17,Net Banking
ORD0005025,2025-02-26,CUST00101,Arjun Rao,PROD0050,Kids Wear Item 50,Clothing,Kids Wear,North,Punjab,Ludhiana,19877.3,5,0.0,12328.4,7548.9,Credit Card
ORD0004286,2025-02-21,CUST00588,Aarav Nair,PROD0039,Storage Unit Item 39,Furniture,Storage Units,West,Maharashtra,Mumbai,62638.05,5,0.25,54295.75,8342.3,UPI
ORD0005817,2025-02-13,CUST00321,Aryan Rao,PROD0067,Snack Item 67,Grocery,Snacks,West,Maharashtra,Mumbai,1143.49,2,0.1,986.92,156.57,UPI
ORD0005273,2025-02-05,CUST00747,Aarav Nair,PROD0033,Sofa Item 33,Furniture,Sofas,West,Gujarat,Surat,166834.7,5,0.0,111863.95,54970.75,Debit Card
ORD0005463,2025-02-10,CUST00634,Vivaan Nair,PROD0005,Laptop Item 5,Electronics,Laptops,South,Telangana,Warangal,77270.72,5,0.05,50729.75,26540.97,Credit Card
ORD0006060,2025-02-10,CUST00400,Ananya Khan,PROD0035,Sofa Item 35,Furniture,Sofas,East,West Bengal,Howrah,35569.89,2,0.1,23789.52,11780.37,Credit Card
ORD0005972,2025-02-07,CUST00715,Saanvi Joshi,PROD0039,Storage Unit Item 39,Furniture,Storage Units,North,Delhi,Rohini,63473.22,five,0.05,43436.6,55687.1,Net Banking
ORD0005473,2025-02-22,CUST00676,Vivaan Reddy,PROD0029,Bookcase Item 29,Furniture,Bookcases,North,Delhi,Dwarka,109542.68,4,0.0,74425.0,35117.68,UPI
ORD0006687,2025-02-20,CUST00594,Ishaan Kumar,PROD0021,Chair Item 21,Furniture,Chairs,West,Gujarat,Surat,8862.53,1,0.1,7499.87,1362.66,Debit Card
ORD0006391,2025-02-26,CUST00426,Pallavi Joshi,PROD0043,Men's Wear Item 43,Clothing,Men's Wear,East,Bihar,Gaya,4934.2,6,0.05,4052.1,882.1,Cash on Delivery
ORD0004635,2025-02-26,CUST00830,Divya Iyer,PROD0070,Dairy Item 70,Grocery,Dairy,West,Rajasthan,Udaipur,3336.36,6,0.0,1939.92,1396.44,Credit Card
ORD0005156,2025-02-14,CUST00649,Rohan Das,PROD0088,Binder Item 88,Office Supplies,Binders,West,Maharashtra,Nagpur,15415.53,3,0.0,9720.33,5695.2,Debit Card
ORD0004181,2025-02-11,CUST00227,Priya Sharma,PROD0092,Art Supplie Item 92,Office Supplies,Art Supplies,East,West Bengal,Howrah,23591.16,5,0.15,21116.3,2474.86,UPI
ORD0004816,2025-02-04,CUST00143,Rahul Malhotra,PROD0100,Appliance Item 100,Office Supplies,Appliances,East,Bihar,Gaya,25886.8,5,0.0,15323.05,10563.75,Credit Card
ORD0004167,2025-02-21,CUST00153,Vikram Patel,PROD0087,Binder Item 87,Office Supplies,Binders,North,Punjab,Amritsar,13596.3,5,0.0,10659.3,2937.0,Debit Card
ORD0005295,2025-02-20,CUST00477,Karan Reddy,PROD0097,Appliance Item 97,Office Supplies,Appliances,North,Haryana,Gurugram,8673.55,6,0.2,6661.86,2011.69,Cash on Delivery
ORD0004085,2025-02-22,CUST00890,Ananya Das,PROD0096,Storage Item 96,Office Supplies,Storage,North,Delhi,Dwarka,8193.64,6,0.1,6474.84,1718.8,Net Banking
ORD0006157,2025-02-16,CUST00607,Rahul Chatterjee,PROD0094,Storage Item 94,Office-Supplies,Storage,North,Punjab,Ludhiana,30666.74,7,0.05,23908.71,6758.03,Debit Card
ORD0005774,2025-02-19,CUST00893,Tanvi Gupta,PROD0050,Kids Wear Item 50,Clothing,Kids Wear,North,Delhi,New Delhi,18883.43,5,0.05,12328.4,6555.03,Net Banking
ORD0006437,2025-02-01,CUST00443,Nikhil Mehta,PROD0036,Sofa Item 36,Furniture,Sofas,South,Tamil Nadu,Chennai,53915.79,6,0.05,31640.82,22274.97,Net Banking
ORD0005354,2025-02-04,CUST00527,Sanya Malhotra,PROD0028,Table Item 28,Furniture,Tables,West,Rajasthan,Jaipur,59307.57,2,0.1,50872.54,8435.03,UPI
ORD0006012,26-Feb-2025,CUST00208,Aarav Das,PROD0019,Camera Item 19,Electronics,Cameras,West,Rajasthan,Jaipur,-282900.1,5,0.0,164128.4,118771.7,UPI
ORD0004326,2025-02-26,CUST00464,Vikram Iyer,PROD0086,Binder Item 86,Office Supplies,Binders,West,Rajasthan,Jaipur,21052.52,4,0.0,14790.6,6261.92,UPI
ORD0004626,2025-02-25,CUST00395,Vikram Sharma,PROD0032,Bookcase Item 32,Furniture,Bookcases,East,Odisha,Bhubaneswar,31836.12,6,0.0,18510.0,13326.12,Credit Card
ORD0006721,2025-02-08,CUST00467,Rohan Das,PROD0053,Footwear Item 53,Clothing,Footwear,West,Rajasthan,Jaipur,11877.52,5,0.1,8554.9,3322.62,Debit Card
ORD0005060,2025-02-14,CUST00712,Pooja Das,PROD0064,Beverage Item 64,Grocery,Beverages,West,Maharashtra,Mumbai,3419.01,3,0.0,2193.57,1225.44,Debit Card
ORD0004829,2025-02-20,CUST00060,Rohan Verma,PROD0035,Sofa Item 35,Furniture,Sofas,East,Bihar,Gaya,117578.25,7,0.15,83263.32,34314.93,UPI
ORD0003728,2025-02-04,CUST00149,Divya Khan,PROD0059,Accessorie Item 59,Clothing,Accessories,West,Maharashtra,Nagpur,11235.8,4,0.0,8556.08,2679.72,UPI
ORD0004365,2025-02-17,CUST00809,Shreya Singh,PROD0010,Television Item 10,Electronics,Televisions,South,Telangana,Warangal,30898.06,2,0.2,26581.0,4317.06,Credit Card
ORD0003748,2025-02-22,CUST00239,Divya Sharma,PROD0056,Footwear Item 56,clothing,Footwear,South,Karnataka,Bengaluru,10967.28,4,0.0,7676.28,3291.0,UPI
ORD0005821,2025-02-06,CUST00062,Riya Khan,PROD0022,Chair Item 22,Furniture,Chairs,South,Karnataka,Mysuru,48570.41,7,0.0,31735.55,16834.86,Credit Card
ORD0006022,2025-02-19,CUST00446,Aditi Mehta,PROD0093,Storage Item 93,Office Supplies,Storage,North,Delhi,Rohini,29357.05,5,0.0,21614.05,7743.0,Net Banking
ORD0006464,02-02-2025,CUST00543,Meera Chatterjee,PROD0072,Dairy Item 72,Grocery,Dairy,South,Tamil Nadu,Coimbatore,4220.21,7,0.25,4027.38,192.83,Net Banking
ORD0005311,2025-02-27,CUST00847,Riya Reddy,PROD0012,Television Item 12,Electronics,Televisions,South,Telangana,Warangal,197296.26,7,,180352.76,16943.5,Debit Card
ORD0005827,2025-02-19,CUST00381,Kabir Singh,PROD0097,Appliance Item 97,Office Supplies,Appliances,North,Haryana,Gurugram,8673.55,6,0.2,6661.86,2011.69,Credit Card
ORD0006352,2025-02-22,CUST00592,Aryan Khan,PROD0075,Staple Item 75,Grocery,Staples,West,Rajasthan,Jaipur,1663.55,2,0.2,1271.94,391.61,UPI
ORD0004396,2025-02-09,CUST00662,Vikram Rao,PROD0065,Snack Item 65,Grocery,Snacks,North,Punjab,Ludhiana,1798.58,2,0.0,1170.48,628.1,Debit Card
ORD0004272,01/02/2025,CUST00575,Aryan Chatterjee,PROD0066,Snack Item 66,Grocery,Snacks,North,Haryana,Gurugram,4176.54,6,0.0,3048.66,1127.88,UPI
ORD0005321,2025-02-17,CUST00226,Rajesh Rao,PROD0031,Bookcase Item 31,Furniture,Bookcases,West,Maharashtra,Mumbai,28725.94,2,0.25,25226.78,3499.16,Net Banking
ORD0006769,2025-02-01,CUST00116,Rahul Chatterjee,PROD0090,Art Supplie Item 90,Office Supplies,Art Supplies,West,Maharashtra,Pune,3063.99,1,0.2,2426.41,637.58,UPI
ORD0003952,2025-02-17,CUST00650,Sanya Sharma,PROD0056,Footwear Item 56,Clothing,Footwear,East,Bihar,Gaya,10967.28,4,0.0,7676.28,3291.0,Net Banking
ORD0005059,2025-02-14,CUST00236,Manish Joshi,PROD0038,Storage Unit Item 38,Furniture,Storage Units,South,Tamil Nadu,Chennai,70188.76,7,0.15,57970.29,12218.47,UPI
ORD0006712,2025-02-06,CUST00197,Kavya Kumar,PROD0004,Mobile Phone Item 4,Electronics,Mobile Phones,North,Punjab,Ludhiana,91461.39,3,0.0,52834.77,38626.62,Net Banking
ORD0006047,2025-02-18,CUST00748,Neha Reddy,PROD0064,Beverage Item 64,Grocery,Beverages,South,Tamil Nadu,Coimbatore,5470.42,6,0.2,4387.14,1083.28,UPI
ORD0004488,2025-02-12,CUST00803,Diya Rao,PROD0047,Women's Wear Item 47,Clothing,Women's Wear,East,West Bengal,Kolkata,12945.8,4,0.0,7806.16,5139.64,Credit Card
ORD0003804,2025-02-22,CUST00882,Aarav Kumar,PROD0052,Kids Wear Item 52,Clothing,Kids Wear,North,Delhi,New Delhi,5441.87,7,0.0,3200.26,2241.61,UPI
ORD0003822,02-10-2025,CUST00402,Sanya Rao,PROD0066,Snack Item 66,Grocery,Snacks,West,Rajasthan,Udaipur,2366.71,4,0.15,2032.44,334.27,Debit Card
ORD0004308,2025-02-07,CUST00074,Vivaan Gupta,PROD0017,Camera Item 17,Electronics,Cameras,East,Odisha,Cuttack,135993.71,6,0.1,111817.62,24176.09,Net Banking
ORD0005021,2025-02-23,CUST00545,Riya Patel,PROD0008,Laptop Item 8,Electronics,Laptops,North,Punjab,Amritsar,412779.15,7,0.0,325373.09,87406.06,Debit Card
ORD0006101,2025-02-01,CUST00555,Rajesh Sharma,PROD0092,Art Supplie Item 92,Office Supplies,Art Supplies,South,Tamil Nadu,Chennai,22203.44,4,0.0,16893.04,5310.4,Credit Card
ORD0006326,2025-02-08,CUST00731,Shreya Nair,PROD0079,Personal Care Item 79,Grocery,Personal Care,North,Haryana,Faridabad,2632.51,3,0.2,1976.46,656.05,Net Banking
ORD0004938,2025-02-13,CUST00256,Pallavi Mehta,PROD0020,Camera Item 20,Electronics,Cameras,North,Punjab,Ludhiana,202211.78,5,0.25,155055.7,47156.08,Cash on Delivery
ORD0006465,2025-02-16,CUST00739,Priya Reddy,PROD0008,Laptop Item 8,Electronics,Laptops,North,Haryana,Gurugram,294842.25,5,0.0,232409.35,62432.9,Credit Card
ORD0005764,2025-02-23,CUST00714,Aryan Rao,PROD0031,Bookcase Item 31,Furnitures,Bookcases,East,Odisha,Bhubaneswar,90965.49,5,0.05,63066.95,27898.54,Debit Card
ORD0005588,2025-02-14,CUST00853,Sneha Chatterjee,PROD0054,Footwear Item 54,Clothing,Footwear,West,Gujarat,Ahmedabad,22265.1,6,0.0,14022.3,8242.8,Debit Card
ORD0003729,2025-02-24,CUST00660,Rahul Reddy,PROD0037,Storage Unit Item 37,Furniture,Storage Units,East,Odisha,Cuttack,4624.79,1,0.05,3793.36,831.43,Credit Card
ORD0005068,2025-02-21,CUST00081,Pallavi Das,PROD0057,Accessorie Item 57,Clothing,Accessories,East,Odisha,Bhubaneswar,3278.88,2,0.2,3227.72,51.16,Credit Card
ORD0006610,2025-02-04,CUST00278,Pallavi Singh,PROD0097,,Office Supplies,Appliances,West,Gujarat,Surat,7227.96,4,0.0,4441.24,2786.72,Credit Card
ORD0005316,2025-02-22,CUST00275,Sanya Das,PROD0018,Camera Item 18,Electronic,Cameras,West,Maharashtra,Pune,210071.92,5,0.1,140445.55,69626.37,UPI
ORD0004564,2025-02-28,CUST00201,Pallavi Joshi,PROD0025,Table Item 25,Furniture,Tables,West,Gujarat,Ahmedabad,58349.89,2,0.05,38991.88,19358.01,UPI
ORD0003902,08/02/2025,CUST00579,Diya Chatterjee,PROD0083,Paper Item 83,Office Supplies,Paper,West,Gujarat,Surat,11845.86,7,0.15,11065.88,779.98,UPI
ORD0004256,21 February 2025,CUST00166,Vikram Nair,PROD0049,Kids Wear Item 49,Clothing,Kids Wear,West,Maharashtra,Nagpur,5328.7,2,0.0,2933.86,2394.84,Net Banking
ORD0004397,13-Feb-2025,CUST00699,Karan Das,PROD0018,Camera Item 18,Electronics,Cameras,East,West Bengal,Howrah,221742.59,5,0.05,140445.55,81297.04,Debit Card
ORD0004666,2025-02-21,CUST00571,Amit Nair,PROD0061,Beverage Item 61,Grocery,Beverages,South,Tamil Nadu,Chennai,4036.35,5,0.25,3968.55,67.8,Debit Card
ORD0005980,2025-02-27,CUST00662,Vikram Rao,PROD0016,Headphone Item 16,Electronics,Headphones,South,Telangana,Hyderabad,101616.77,6,0.1,72578.46,29038.31,UPI
ORD0004566,2025-02-24,CUST00179,Ishaan Rao,PROD0034,Sofa Item 34,Furniture,Sofas,North,Delhi,New Delhi,106878.82,4,0.2,78942.6,27936.22,UPI
ORD0006649,2025-02-05,CUST00120,Ananya Das,PROD0086,Binder Item 86,Office Supplies,Binders,East,Bihar,Gaya,36841.91,7,0.0,25883.55,10958.36,Cash on Delivery
ORD0005946,2025-02-13,CUST00260,Priya Kumar,PROD0040,Storage Unit Item 40,Furniture,Storage Units,West,Maharashtra,Pune,71214.38,5,0.25,56668.6,14545.78,Credit Card
ORD0006151,2025-02-13,CUST00689,Rajesh Joshi,PROD0092,Art Supplie Item 92,Office Supplies,Art Supplies,South,Tamil Nadu,Chennai,8326.29,2,0.25,8446.52,-120.23,UPI
ORD0006614,2025-02-04,CUST00518,Vivaan Mehta,PROD0054,Footwear Item 54,Clothing,Footwear,North,Delhi,New Delhi,12616.89,4,0.15,9348.2,3268.69,UPI
ORD0004246,2025-02-16,CUST00665,Aryan Nair,PROD0053,Footwear Item 53,Clothing,Footwear,East,West Bengal,Howrah,7522.43,3,0.05,5132.94,2389.49,Debit Card
ORD0005517,2025-02-28,CUST00662,Vikram Rao,PROD0002,Mobile Phone Item 2,Electronics,Mobile Phones,North,Delhi,Dwarka,27548.49,7,0.05,19439.77,8108.72,Cash on Delivery
ORD0003714,2025-02-25,CUST00275,Sanya Das,PROD0034,Sofa Item 34,Furniture,Sofas,West,Gujarat,Surat,63459.3,2,0.05,39471.3,23988.0,Debit Card
ORD0004736,2025-02-07,CUST00735,Shreya Sharma,PROD0085,Binder Item 85,Office Supplies,Binders,South,Karnataka,Mysuru,758.53,4,0.2,616.32,142.21,Debit Card
ORD0004095,2025-02-04,CUST00058,Sanya Kumar,PROD0082,Paper Item 82,Office Supplies,Paper,East,Bihar,Gaya,7223.09,6,0.25,6802.86,420.23,Net Banking
ORD0006287,2025-02-06,CUST00477,Karan Reddy,PROD0043,Men's Wear Item 43,Clothing,Men's Wear,East,Bihar,Patna,5150.62,7,0.15,4727.45,423.17,Credit Card
ORD0006521,2025-02-04,CUST00879,Arjun Kumar,PROD0037,Storage Unit Item 37,Furniture,Storage Units,South,Karnataka,Mysuru,24341.0,5,0.0,18966.8,5374.2,Debit Card
ORD0004796,2025-02-21,CUST00052,Nikhil Sharma,PROD0004,Mobile Phone Item 4,Electronics,Mobile Phones,South,Karnataka,Mysuru,91461.39,4,0.25,70446.36,21015.03,Net Banking
ORD0003786,2025-02-02,CUST00150,Saanvi Sharma,PROD0021,Chair Item 21,Furniture,Chairs,South,Tamil Nadu,Chennai,37419.59,4,0.05,29999.48,7420.11,Cash on Delivery
ORD0004685,2025-02-20,CUST00884,Sanya Khan,PROD0011,Television Item 11,Electronics,Televisions,West,Rajasthan,Jaipur,6455.89,1,0.1,5462.04,993.85,UPI
ORD0004453,2025-02-19,CUST00460,Rohan Das,PROD0030,Bookcase Item 30,Furniture,Bookcases,East,Odisha,Cuttack,123051.53,7,0.0,83974.87,39076.66,Net Banking
ORD0005903,2025-02-24,CUST00176,Sanya Sharma,PROD0089,Art Supplie Item 89,Office Supplies,Art Supplies,North,Punjab,Ludhiana,2815.91,1,0.15,2227.74,1456.01,Credit Card
ORD0004520,2025-02-03,CUST00111,Diya Khan,PROD0007,Laptop Item 7,Electronics,Laptops,South,Karnataka,Bengaluru,154601.24,3,0.05,129562.71,25038.53,Net Banking
ORD0006454,2025-02-23,CUST00711,Rajesh Malhotra,PROD0062,Beverage Item 62,Grocery,Beverages,West,Gujarat,Surat,1131.05,1,0.05,812.99,318.06,Credit Card
ORD0006470,2025-02-27,CUST00392,Diya Verma,PROD0083,Paper Item 83,OFFICE SUPPLIES,Paper,West,Gujarat,Ahmedabad,1692.26,1,0.15,1580.84,111.42,Credit Card
ORD0004376,2025-02-21,CUST00394,Aarav Das,PROD0036,Sofa Item 36,Furniture,Sofas,North,Punjab,Amritsar,16080.15,2,0.15,10546.94,5533.21,Credit Card
ORD0006513,2025-02-07,CUST00168,Rahul Joshi,PROD0045,,Clothing,Women's Wear,South,Tamil Nadu,Coimbatore,10968.23,7,0.0,8211.0,2757.23,Credit Card
ORD0005154,2025-02-26,CUST00816,Pooja Rao,PROD0100,Appliance Item 100,Office Supplies,Appliances,East,Bihar,Gaya,23298.12,5,0.1,15323.05,7975.07,Credit Card
ORD0004310,2025-02-22,CUST00325,Rajesh Chatterjee,PROD0077,Personal Care Item 77,Grocery,Personal Care,West,Gujarat,Ahmedabad,1465.72,5,0.2,1071.2,394.52,Net Banking
ORD0005472,2025-02-15,CUST00277,Nikhil Nair,PROD0027,Table Item 27,Furniture,Tables,East,Bihar,Patna,41274.18,5,0.1,27071.9,14202.28,Net Banking
ORD0004817,2025-02-28,CUST00454,Neha Patel,PROD0034,Sofa Item 34,Furniture,Sofas,West,Maharashtra,Mumbai,100198.89,3,0.0,59206.95,40991.94,UPI
ORD0004803,2025-02-21,CUST00325,Rajesh Chatterjee,PROD0016,Headphone Item 16,Electronics,Headphones,East,Bihar,Gaya,112907.52,6,0.0,72578.46,40329.06,UPI
ORD0006401,2025-02-05,CUST00447,Sanya Malhotra,PROD0050,Kids Wear Item 50,Clothing,Kids Wear,North,Delhi,New Delhi,15901.84,4,0.0,9862.72,6039.12,UPI
ORD0003983,2025-02-24,CUST00385,Ishaan Reddy,PROD0059,Accessorie Item 59,Clothing,Accessories,North,Punjab,Amritsar,14044.75,5,0.0,10695.1,3349.65,UPI
ORD0004156,2025-02-11,CUST00618,Riya Nair,PROD0009,Television Item 9,Electronics,Televisions,East,Odisha,Bhubaneswar,25657.2,6,0.25,19993.74,5663.46,UPI
ORD0006338,2025-02-25,CUST00282,Priya Patel,PROD0043,Men's Wear Item 43,Cloths,Men's Wear,West,Maharashtra,Pune,3462.6,4,0.0,2701.4,761.2,UPI
ORD0006044,2025-02-21,CUST00446,Aditi Mehta,PROD0057,Accessorie Item 57,Clothing,Accessories,West,Maharashtra,Nagpur,1844.37,1,0.1,1613.86,230.51,Credit Card
ORD0005250,2025-02-06,CUST00067,Aditi Singh,PROD0048,Women's Wear Item 48,Clothing,Women's Wear,West,Maharashtra,Pune,10596.3,3,0.05,7356.03,3240.27,Debit Card
ORD0006098,02-05-2025,CUST00122,Aditi Das,PROD0008,Laptop Item 8,Electronics,Laptops,North,Haryana,Faridabad,353810.7,6,0.0,278891.22,74919.48,Credit Card
ORD0005898,2025-02-03,CUST00128,Riya Patel,PROD0037,Storage Unit Item 37,Furniture,Storage Units,West,Rajasthan,Jaipur,30669.66,7,0.1,26553.52,4116.14,Net Banking
ORD0005830,2025-02-02,CUST00061,Rahul Das,PROD0074,Staple Item 74,Grocery,Staples,South,Karnataka,Mysuru,943.43,4,0.15,826.36,117.07,Debit Card
ORD0004025,2025-02-19,CUST00097,Karan Nair,PROD0026,Table Item 26,Furniture,Tables,West,Gujarat,Ahmedabad,126051.28,7,0.05,81217.01,44834.27,Debit Card
ORD0003840,2025-02-24,CUST00170,Meera Malhotra,PROD0019,Camera Item 19,Electronics,Cameras,East,Odisha,Cuttack,271584.1,6,0.2,196954.08,74630.02,Net Banking
ORD0006091,2025-02-10,CUST00450,Aditi Kumar,PROD0064,Beverage Item 64,Grocery,Beverages,East,West Bengal,Kolkata,2906.16,3,0.15,2193.57,712.59,Credit Card
ORD0006068,2025-02-15,CUST00620,Saanvi Sharma,PROD0089,Art Supplie Item 89,Office Supplies,Art Supplies,South,Telangana,Warangal,13251.36,5,0.2,11138.7,2112.66,Credit Card
ORD0004854,2025-02-10,CUST00670,Shreya Reddy,PROD0036,Sofa Item 36,Furniture,Sofas,North,Punjab,Ludhiana,48240.44,6,0.15,31640.82,16599.62,Net Banking
ORD0004352,10-Feb-2025,CUST00677,Priya Rao,PROD0061,Beverage Item 61,Grocery,Beverages,West,Rajasthan,Jaipur,4843.62,6,0.25,4762.26,81.36,Debit Card
ORD0006038,2025-02-25,CUST00508,Sanya Chatterjee,PROD0091,Art Supplie Item 91,Office Supplies,Art Supplies,East,Bihar,Patna,9244.86,6,0.0,7194.06,2050.8,Debit Card
ORD0005301,2025-02-13,CUST00207,Saanvi Patel,PROD0013,Headphone Item 13,Electronics,Headphones,South,Telangana,Hyderabad,44682.84,4,0.0,27404.6,17278.24,Debit Card
ORD0005243,2025-02-24,CUST00556,Karan Gupta,PROD0079,Personal Care Item 79,Grocery,Personal Care,North,Delhi,New Delhi,5484.4,5,0.0,3294.1,2190.3,Credit Card
ORD0004138,2025-02-11,CUST00802,Nikhil Nair,PROD0033,Sofa Item 33,Furniture,Sofas,East,Bihar,Gaya,33366.94,1,0.0,22372.79,10994.15,Debit Card
ORD0004047,2025-02-11,CUST00744,Ishaan Sharma,PROD0082,Paper Item 82,Office Supplies,Paper,West,Rajasthan,Udaipur,5136.42,4,0.2,4535.24,601.18,UPI
ORD0005665,20-Feb-2025,CUST00451,Aarav Sharma,PROD0063,Beverage Item 63,Grocery,Beverages,West,Rajasthan,Jaipur,809.0,1,0.0,506.13,302.87,Credit Card
ORD0003945,2025-02-12,CUST00805,Rohan Patel,PROD0038,Storage Unit Item 38,Furniture,Storage Units,West,Rajasthan,Jaipur,22413.22,2,0.05,16562.94,5850.28,Debit Card
ORD0005049,2025-02-15,CUST00792,Sanya Reddy,PROD0023,Chair Item 23,Furniture,Chairs,East,West Bengal,Kolkata,32370.38,2,0.0,19788.5,12581.88,UPI
ORD0003809,2025-02-15,CUST00403,Manish Joshi,PROD0070,Dairy Item 70,Grocery,Dairy,East,Bihar,Patna,3892.42,7,0.0,2263.24,1629.18,Credit Card
ORD0005247,2025-02-27,CUST00447,Sanya Malhotra,PROD0090,Art Supplie Item 90,Office Supplies,Art Supplies,West,Gujarat,Surat,15319.96,4,0.0,9705.64,5614.32,UPI
ORD0005523,2025-02-08,CUST00347,Sneha Malhotra,PROD0096,Storage Item 96,Office Supplies,Storage,North,Delhi,Rohini,6069.36,5,0.2,5395.7,673.66,UPI
ORD0003799,2025-02-12,CUST00113,Tanvi Iyer,PROD0013,Headphone Item 13,Electronics,Headphones,West,Maharashtra,Mumbai,30160.92,3,0.1,20553.45,9607.47,UPI
ORD0005965,2025-02-19,CUST00548,Ananya Verma,PROD0081,Paper Item 81,Office Supplies,Paper,North,Delhi,Rohini,5722.24,1,0.0,4019.96,1702.28,UPI
ORD0004878,2025-02-05,CUST00114,Nikhil Kumar,PROD0021,Chair Item 21,Furnitures,Chairs,South,Karnataka,Mysuru,19694.52,2,0.0,14999.74,4694.78,Credit Card
ORD0006422,26/02/2025,CUST00821,Tanvi Sharma,PROD0023,Chair Item 23,Furniture,Chairs,North,Haryana,Faridabad,32370.38,2,0.0,19788.5,12581.88,Debit Card
ORD0004694,2025-02-11,CUST00518,Vivaan Mehta,PROD0087,Binder Item 87,Office Supplies,Binders,North,Delhi,New Delhi,6934.11,3,0.15,6395.58,538.53,UPI
ORD0005638,2025-02-15,CUST00430,Aryan Joshi,PROD0100,Appliance Item 100,Office Supplies,Appliances,South,Karnataka,Mysuru,13978.87,3,0.1,9193.83,4785.04,Credit Card
ORD0005702,2025-02-21,CUST00760,Priya Khan,PROD0004,Mobile Phone Item 4,Electronics,Mobile Phones,West,Maharashtra,Mumbai,181398.42,7,0.15,123281.13,58117.29,Credit Card
ORD0004224,2025-02-07,CUST00052,Nikhil Sharma,PROD0075,Staple Item 75,Grocery,Staples,South,Tamil Nadu,Chennai,4158.88,4,0.0,2543.88,1615.0,Credit Card
ORD0003912,2025-02-04,CUST00684,Ananya Khan,PROD0092,Art Supplie Item 92,Office Supplies,Art Supplies,East,Bihar,Patna,12489.43,3,0.25,12669.78,-180.35,UPI
ORD0004631,2025-02-11,CUST00430,Aryan Joshi,PROD0083,Paper Item 83,Office Supplies,Paper,South,Karnataka,Bengaluru,5972.7,3,0.0,4742.52,1230.18,Credit Card
ORD0006148,2025-02-21,CUST00893,Tanvi Gupta,PROD0078,Personal Care Item 78,Grocery,Personal Care,South,Karnataka,Mysuru,357.25,1,0.05,270.26,86.99,UPI
ORD0006130,2025-02-16,CUST00070,Arjun Reddy,PROD0013,Headphone Item 13,Electronics,Headphones,South,Telangana,Hyderabad,50268.2,5,0.1,34255.75,16012.45,UPI
ORD0005343,2025-02-16,CUST00093,Priya Khan,PROD0061,Beverage Item 61,Grocery,Beverages,West,Rajasthan,Udaipur,4305.44,4,0.0,3174.84,1130.6,UPI
ORD0006684,02-24-2025,CUST00399,Pallavi Khan,PROD0059,Accessorie Item 59,Clothing,Accessories,South,Telangana,Warangal,14044.75,5,0.0,10695.1,3349.65,Debit Card
ORD0004078,2025-02-20,CUST00494,Karan Nair,PROD0094,Storage Item 94,OfficeSupplies,Storage,North,Delhi,Dwarka,25824.62,7,0.2,23908.71,1915.91,Net Banking
ORD0004237,25/02/2025,CUST00428,Saanvi Chatterjee,PROD0023,Chair Item 23,Furniture,Chairs,West,Rajasthan,Udaipur,87400.03,6,0.1,59365.5,28034.53,UPI
ORD0005844,2025-02-28,CUST00791,Saanvi Gupta,PROD0099,Appliance Item 99,Office Supplies,Appliances,West,Maharashtra,Mumbai,5217.19,5,0.25,5245.1,-27.91,Net Banking
ORD0005936,2025-02-14,CUST00135,Karan Kumar,PROD0020,Camera Item 20,Electronics,Cameras,West,Maharashtra,Nagpur,51226.98,1,0.05,31011.14,20215.84,UPI
ORD0004958,02-22-2025,CUST00519,Sneha Sharma,PROD0050,Kids Wear Item 50,Clothing,Kids Wear,West,Gujarat,Surat,18883.43,5,0.05,12328.4,6555.03,UPI
ORD0006432,2025-02-12,CUST00440,Vikram Das,PROD0058,Accessorie Item 58,Clothing,Accessories,North,Haryana,Gurugram,5017.73,4,0.2,3727.6,1290.13,Cash on Delivery
ORD0006466,2025-02-10,CUST00233,Aarav Malhotra,PROD0055,Footwear Item 55,Clothing,Footwear,North,Delhi,Rohini,13440.92,6,0.25,11922.54,1518.38,Credit Card
ORD0006455,2025-02-23,CUST00035,Aditi Khan,PROD0079,Personal Care Item 79,Grocery,Personal Care,North,Punjab,Amritsar,4387.52,5,0.2,3294.1,1093.42,UPI
ORD0005812,2025-02-06,CUST00299,Pooja Joshi,PROD0094,Storage Item 94,Office Supplies,Storage,West,Rajasthan,Udaipur,27669.24,6,0.0,20493.18,7176.06,UPI
ORD0004391,2025-02-08,CUST00501,Nikhil Mehta,PROD0059,Accessorie Item 59,Clothing,Accessories,South,Karnataka,Bengaluru,2808.95,1,0.0,2139.02,669.93,Credit Card
ORD0006344,2025-02-05,CUST00731,Shreya Nair,PROD0078,Personal Care Item 78,Grocery,Personal Care,North,Punjab,Amritsar,376.05,1,0.0,270.26,105.79,Credit Card
ORD0004540,2025-02-20,CUST00176,Sanya Sharma,PROD0071,Dairy Item 71,Grocery,Dairy,North,Punjab,Amritsar,466.44,3,0.0,334.38,132.06,Cash on Delivery
ORD0006420,2025-02-28,CUST00078,Rahul Das,PROD0037,Storage Unit Item 37, Furniture,Storage Units,South,Tamil Nadu,Chennai,14604.6,3,0.0,11380.08,3224.52,Cash on Delivery
ORD0003790,2025-02-08,CUST00557,Kabir Iyer,PROD0067,Snack Item 67,Grocery,Snacks,East,Odisha,Cuttack,1524.65,3,0.2,1480.38,44.27,Net Banking
ORD0003771,2025-02-04,CUST00173,Sneha Iyer,PROD0003,Mobile Phone Item 3,ELECTRONICS,Mobile Phones,West,Rajasthan,Udaipur,172862.82,4,0.25,164364.84,16824.12,Debit Card
ORD0006728,2025-02-22,CUST00360,Rohan Kumar,PROD0074,Staple Item 74,Grocery,Staples,West,Maharashtra,Nagpur,41330.34,5,0.25,1032.95,7.6,Debit Card
ORD0004075,02-24-2025,CUST00511,Vivaan Verma,PROD0025,Table Item 25,Furniture,Tables,West,Gujarat,Ahmedabad,122841.88,4,0.0,77983.76,44858.12,Debit Card
ORD0005244,2025-02-17,CUST00854,Pallavi Rao,PROD0012,Television Item 12,Electronics,Televisions,South,Telangana,Hyderabad,31943.2,1,0.15,25764.68,6178.52,Credit Card
ORD0006748,2025-02-05,CUST00183,Diya Singh,PROD0058,Accessorie Item 58,Clothing,Accessories,South,Tamil Nadu,Chennai,1176.03,1,,931.9,244.13,UPI
ORD0003770,2025-02-08,CUST00076,Divya Iyer,PROD0060,Accessorie Item 60,Clothing,Accessories,West,Rajasthan,Jaipur,448.94,1,0.0,297.38,151.56,Debit Card
ORD0006380,2025-02-12,CUST00634,Vivaan Nair,PROD0090,Art Supplie Item 90,Office Supplies,Art Supplies,North,Delhi,Rohini,15319.96,4,0.0,9705.64,5614.32,Debit Card
ORD0004942,2025-02-08,CUST00267,Ishaan Iyer,PROD0022,Chair Item 22,Furniture,Chairs,South,Tamil Nadu,Coimbatore,34693.15,5,0.0,22668.25,12024.9,Debit Card
ORD0005443,2025-02-10,CUST00396,Aditi Khan,PROD0002,Mobile Phone Item 2,Electronics,Mobile Phones,East,Bihar,Gaya,4142.63,1,0.0,2777.11,1365.52,UPI
ORD0006362,07/02/2025,CUST00118,Priya Mehta,PROD0095,Storage Item 95,Office Supplies,Storage,West,Maharashtra,Pune,16732.86,6,0.05,11697.36,5035.5,UPI
ORD0004001,2025-02-22,CUST00618,Riya Nair,PROD0094,Storage Item 94,Office Supplies,Storage,South,Telangana,Hyderabad,23057.7,5,0.0,17077.65,5980.05,Cash on Delivery
ORD0004742,2025-02-01,CUST00198,Tanvi Chatterjee,PROD0060,Accessorie Item 60,Clothing,Accessories,South,Karnataka,Mysuru,1346.82,4,0.25,1189.52,157.3,UPI
ORD0003999,2025-02-26,CUST00767,Sneha Gupta,PROD0075,Staple Item 75,Grocery,Staples,West,Gujarat,Surat,2495.33,3,0.2,1907.91,587.42,Debit Card
ORD0006511,15/02/2025,CUST00382,Rajesh Rao,PROD0071,Dairy Item 71,Grocery,Dairy,South,Tamil Nadu,Chennai,792.95,6,0.15,668.76,124.19,UPI
ORD0005925,2025-02-27,CUST00031,Sneha Mehta,PROD0008,Laptop Item 8,Electronics,Laptops,North,Delhi,Rohini,106143.21,2,0.1,92963.74,13179.47,Credit Card
ORD0004454,02-12-2025,CUST00302,Manish Patel,PROD0025,Table Item 25,Furniture,Tables,North,Haryana,Gurugram,73705.13,3,0.2,58487.82,15217.31,Credit Card
ORD0004019,2025-02-12,CUST00786,Aditi Nair,PROD0044,Men's Wear Item 44,Clothing,Men's Wear,South,Karnataka,Bengaluru,1484.97,1,0.05,879.3,605.67,Debit Card
ORD0005692,02-08-2025,CUST00808,Vivaan Patel,PROD0063,Beverage Item 63,grocery,Beverages,South,Telangana,Hyderabad,1294.4,2,0.2,1012.26,529.51,Net Banking
ORD0004435,2025-02-04,CUST00106,Rohan Mehta,PROD0079,Personal Care Item 79,Grocery,Personal Care,East,Bihar,Patna,932.35,1,0.15,658.82,273.53,UPI
ORD0005184,20/02/2025,CUST00471,Aryan Reddy,PROD0008,Laptop Item 8,Electronics,Laptops,North,Haryana,Faridabad,224080.11,4,0.05,185927.48,38152.63,UPI
ORD0005857,2025-02-01,CUST00212,Manish Kumar,PROD0052,Kids Wear Item 52,Clothing,Kids Wear,South,Karnataka,Mysuru,1166.12,2,0.25,914.36,251.76,Debit Card
ORD0005484,2025-02-12,CUST00820,Kabir Iyer,PROD0041,Men's Wear Item 41,Clothing,Men's Wear,South,Karnataka,Mysuru,3759.94,1,0.05,2986.49,773.45,Credit Card
ORD0004233,17 February 2025,CUST00827,Vivaan Kumar,PROD0008,Laptop Item 8,Electronics,Laptops,South,Tamil Nadu,Chennai,47174.76,1,0.2,46481.87,1572.74,UPI
ORD0006400,2025-02-10,CUST00381,Kabir Singh,PROD0022,Chair Item 22,Furniture,Chairs,East,Odisha,Bhubaneswar,48570.41,7,0.0,31735.55,16834.86,Debit Card
ORD0006653,2025-02-13,CUST00095,Rohan Iyer,PROD0049,Kids Wear Item 49,Clothing,Kids Wear,South,Telangana,Hyderabad,4795.83,2,,2933.86,1861.97,Net Banking
ORD0006037,2025-02-11,CUST00331,Kabir Mehta,PROD0037,Storage Unit Item 37,Furniture,Storage Units,South,Telangana,Hyderabad,8762.76,2,0.1,7586.72,1176.04,Debit Card
ORD0005680,2025-02-23,CUST00254,Sanya Gupta,PROD0080,Personal Care Item 80,Grocery,Personal Care,South,Telangana,Hyderabad,2424.2,4,0.1,1953.76,470.44,Credit Card
ORD0004014,2025-02-14,CUST00596,Neha Iyer,PROD0062,Beverage Item 62,Grocery,Beverages,South,Karnataka,Bengaluru,5357.61,6,0.25,4877.94,479.67,UPI
ORD0005176,2025-02-12,CUST00763,Karan Sharma,PROD0092,Art Supplie Item 92,Office Supplies,Art Supplies,West,Gujarat,Ahmedabad,5550.86,1,0.0,4223.26,1327.6,Debit Card
ORD0005388,2025-02-13,CUST00206,Kabir Gupta,PROD0081,Paper Item 81,Office Supplies,Paper,West,Maharashtra,Nagpur,4863.9,1,0.15,4019.96,843.94,Debit Card
ORD0003751,2025-02-14,CUST00770,Tanvi Kumar,PROD0100,Appliance Item 100,Office Supplies,Appliances,South,Telangana,Warangal,4400.76,1,0.15,3064.61,1336.15,Cash on Delivery
ORD0004980,2025-02-27,CUST00702,Saanvi Nair,PROD0070,Dairy Item 70,Grocery,Dairy,North,Delhi,Dwarka,3892.42,7,0.0,2263.24,1629.18,Cash on Delivery
ORD0004293,2025-02-23,CUST00445,Aarav Iyer,PROD0037,Storage Unit Item 37,Furniture,Storage Units,North,Delhi,Rohini,12413.91,3,0.15,11380.08,1033.83,Debit Card
ORD0004339,2025-02-28,CUST00633,Rohan Sharma,PROD0072,Dairy Item 72,Grocery,Dairy,East,Bihar,Patna,4823.1,6,,3452.04,1371.06,UPI
ORD0003828,2025-02-28,CUST00437,Diya Verma,PROD0010,Television Item 10,Electronics,Televisions,North,Delhi,Dwarka,115867.74,6,0.0,79743.0,36124.74,Credit Card
ORD0006790,2025-02-25,CUST00796,Manish Nair,PROD0091,Art Supplie Item 91,Office Supplies,Art Supplies,South,Telangana,Warangal,3081.62,2,0.0,2398.02,683.6,Credit Card
ORD0004242,2025-02-11,CUST00072,Saanvi Reddy,PROD0004,Mobile Phone Item 4,Electronics,Mobile Phones,West,Maharashtra,Pune,121948.52,4,0.0,70446.36,51502.16,Cash on Delivery
ORD0003990,2025-02-08,CUST00142,Aryan Khan,PROD0068,Snack Item 68,Grocery,Snacks,West,Maharashtra,Nagpur,2022.36,4,0.05,1515.2,507.16,Net Banking
ORD0006128,2025-02-02,CUST00666,Rahul Mehta,PROD0093,Storage Item 93,Office Supplies,Storage,West,Maharashtra,Nagpur,32879.9,7,0.2,30259.67,2620.23,Cash on Delivery
ORD0005148,2025-02-19,CUST00025,Aryan Joshi,PROD0041,Men's Wear Item 41,Clothing,Men's Wear,West,Gujarat,Surat,6728.31,2,0.15,5972.98,755.33,Credit Card
ORD0006475,2025-02-17,CUST00588,Aarav Nair,PROD0088,Binder Item 88,Office Supplies,Binders,South,Karnataka,Mysuru,29289.51,6,0.05,19440.66,9848.85,Credit Card
ORD0003901,2025-02-19,CUST00451,Aarav Sharma,PROD0044,Men's Wear Item 44,Clothing,Men's Wear,South,Tamil Nadu,Coimbatore,1563.13,1,0.0,879.3,683.83,Debit Card
ORD0004381,2025-02-10,CUST00742,Saanvi Verma,PROD0100,Appliance Item 100,Office Supplies,Appliances,North,Delhi,New Delhi,24851.33,6,0.2,18387.66,6463.67,UPI
ORD0005117,2025-02-25,CUST00201,Pallavi Joshi,PROD0081,Paper Item 81,Office Supplies,Paper,South,Karnataka,Mysuru,5436.13,1,0.05,4019.96,1416.17,Debit Card
ORD0004026,2025-02-07,CUST00516,Priya Patel,PROD0043,Men's Wear Item 43,Clothing,Men's Wear,North,Delhi,Dwarka,3679.01,5,0.15,3376.75,302.26,Cash on Delivery
ORD0003824,2025-02-25,CUST00382,Rajesh Rao,PROD0071,Dairy Item 71,Grocery,Dairy,East,West Bengal,Kolkata,932.88,6,0.0,668.76,264.12,UPI
ORD0004073,02-07-2025,CUST00181,Divya Rao,PROD0056,Footwear Item 56,Clothing,Footwear,West,Maharashtra,Nagpur,6169.1,3,0.25,5757.21,411.89,Debit Card
ORD0004297,2025-02-22,CUST00678,Meera Khan,PROD0100,Appliance Item 100,Office Supplies,Appliances,North,Delhi,Rohini,9836.98,2,0.05,6129.22,3707.76,Cash on Delivery
ORD0004371,04 February 2025,CUST00504,Divya Singh,PROD0071,Dairy Item 71,Grocery,Dairy,West,Rajasthan,Jaipur,155.48,1,0.0,111.46,44.02,Credit Card
ORD0005070,2025-02-14,CUST00153,Vikram Patel,PROD0028,Table Item 28,Furniture,Tables,West,Maharashtra,Pune,52717.84,2,0.2,50872.54,1845.3,Debit Card
ORD0006730,2025-02-21,CUST00411,Aarav Das,PROD0057,Accessorie Item 57,Clothing,Accessories,South,Karnataka,Bengaluru,6557.76,4,0.2,6455.44,102.32,UPI
ORD0006714,2025-02-18,CUST00399,Pallavi Khan,PROD0089,Art Supplie Item 89,Office Supplies,Art Supplies,South,Tamil Nadu,Chennai,11926.22,4,0.1,8910.96,3015.26,UPI
ORD0006491,2025-02-17,CUST00394,Aarav Das,PROD0012,Television Item 12,Electronics,Televisions,West,Rajasthan,Udaipur,150320.96,4,0.0,103058.72,47262.24,Debit Card
ORD0005178,2025-02-09,CUST00130,Kabir Kumar,PROD0056,Footwear Item 56,Clothing,Footwear,West,Maharashtra,Mumbai,16450.92,6,0.0,11514.42,4936.5,Cash on Delivery
ORD0004036,2025-02-28,CUST00805,Rohan Patel,PROD0092,Art Supplie Item 92,Office Supplies,Art Supplies,South,Telangana,Hyderabad,23591.16,N/A,0.15,21116.3,2474.86,Debit Card
ORD0005368,2025-02-24,CUST00282,Priya Patel,PROD0002,Mobile Phone Item 2,Electronics,Mobile Phones,East,Bihar,Patna,16570.52,4,0.0,11108.44,5462.08,UPI
ORD0005657,2025-02-19,CUST00130,Kabir Kumar,PROD0076,Staple Item 76,Grocery,Staples,West,Maharashtra,Mumbai,4908.18,6,0.0,2858.22,5754.68,Credit Card
ORD0005010,2025-02-19,CUST00673,Kabir Malhotra,PROD0007,Laptop Item 7,Electronics,Laptops,North,Haryana,Gurugram,203422.69,5,0.25,215937.85,-12515.16,UPI
ORD0005613,2025-02-11,CUST00747,Aarav Nair,PROD0023,Chair Item 23,Furniture,Chairs,South,Karnataka,Bengaluru,24277.78,2,0.25,19788.5,4489.28,Cash on Delivery
ORD0005201,2025-02-26,CUST00618,Riya Nair,PROD0027,Table Item 27,Furniture,Tables,East,Odisha,Cuttack,14675.26,2,0.2,10828.76,3846.5,UPI
ORD0004288,01 February 2025,CUST00376,Rajesh Patel,PROD0083,Paper Item 83,Office Supplies,Paper,East,West Bengal,Kolkata,3782.71,2,0.05,3161.68,621.03,UPI
ORD0004314,2025-02-24,CUST00488,Ishaan Gupta,PROD0029,Bookcase Item 29,Furniture,Bookcases,West,Gujarat,Surat,109542.68,5,0.2,93031.25,16511.43,Credit Card
ORD0005129,08/02/2025,CUST00747,Aarav Nair,PROD0070,Dairy Item 70,Grocery,Dairy,East,West Bengal,Howrah,1056.51,2,0.05,646.64,409.87,Cash on Delivery
ORD0005020,2025-02-03,CUST00592,Aryan Khan,PROD0043,Men's Wear Item 43,Clothing,Men's Wear,South,Tamil Nadu,Coimbatore,2207.41,3,0.15,2026.05,181.36,UPI
ORD0005887,2025-02-27,CUST00900,Priya Singh,PROD0010,Television Item 10,Electronics,Televisions,South,Tamil Nadu,Coimbatore,69520.64,4,0.1,53162.0,16358.64,UPI
ORD0006183,2025-02-28,CUST00035,Aditi Khan,PROD0001,Mobile Phone Item 1,Electronics,Mobile Phones,North,Delhi,Rohini,65030.33,3,0.25,53312.73,11717.6,UPI
ORD0006776,2025-02-24,CUST00793,Riya Nair,PROD0017,Camera Item 17,Electronics,Cameras,West,Rajasthan,Jaipur,23924.82,1,0.05,18636.27,5288.55,Credit Card
ORD0006357,2025-02-20,CUST00806,Shreya Patel,PROD0074,Staple Item 74,Grocery,Staples,South,Telangana,Warangal,832.44,3,0.0,619.77,212.67,UPI
ORD0004713,2025-02-11,CUST00248,Saanvi Reddy,PROD0063,Beverage Item 63,grocery,Beverages,West,Gujarat,Ahmedabad,1537.1,2,0.05,1012.26,524.84,Credit Card
ORD0004015,11-Feb-2025,CUST00818,Neha Singh,PROD0093,Storage Item 93,Office Supplies,Storage,North,Delhi,New Delhi,15852.81,3,0.1,12968.43,2884.38,UPI
ORD0006764,2025-02-01,CUST00334,Sanya Chatterjee,PROD0065,Snack Item 65,Grocery,Snacks,East,Odisha,Cuttack,4046.8,6,0.25,3511.44,535.36,Net Banking
ORD0004563,2025-02-22,CUST00445,Aarav Iyer,PROD0058,Accessorie Item 58,Clothing,Accessories,East,Odisha,Cuttack,9408.24,6,0.0,5591.4,3816.84,Credit Card
ORD0004239,2025-02-27,CUST00327,Meera Joshi,PROD0069,Dairy Item 69,Grocery,Dairy,East,Bihar,Gaya,887.44,2,0.0,578.64,308.8,UPI
ORD0004973,2025-02-05,CUST00440,Vikram Das,PROD0098,Appliance Item 98,Office Supplies,Appliances,West,Maharashtra,Pune,10671.51,3,0.0,6963.12,3708.39,Credit Card
ORD0003894,2025-02-10,CUST00091,Rajesh Patel,PROD0024,Chair Item 24,Furniture,Chairs,East,West Bengal,Kolkata,106634.16,5,0.15,95698.95,10935.21,Debit Card
ORD0006016,2025-02-03,CUST00246,Sneha Chatterjee,PROD0039,Storage Unit Item 39,Furniture,Storage Units,North,Punjab,Amritsar,12527.61,1,0.25,10859.15,1668.46,Debit Card
ORD0004741,2025-02-10,CUST00287,Saanvi Sharma,PROD0099,Appliance Item 99,OfficeSupplies,Appliances,North,Delhi,New Delhi,3547.69,3,0.15,3147.06,400.63,UPI
ORD0004820,2025-02-28,CUST00097,Karan Nair,PROD0080,Personal Care Item 80,Grocery,Personal Care,South,Tamil Nadu,Chennai,3636.31,6,0.1,2930.64,705.67,Net Banking
ORD0006733,2025-02-03,CUST00824,Arjun Das,PROD0020,Camera Item 20,Electronics,Cameras,North,Punjab,Amritsar,307361.9,6,0.05,186066.84,121295.06,Net Banking
ORD0004976,2025-02-26,CUST00869,Sanya Verma,PROD0075,Staple Item 75,Grocery,Staples,South,Karnataka,Mysuru,3950.94,4,0.05,2543.88,1407.06,UPI
ORD0004994,2025-02-14,CUST00277,Nikhil Nair,PROD0039,Storage Unit Item 39,Furniture,Storage Units,South,Telangana,Warangal,62638.05,5,0.25,54295.75,8342.3,Credit Card
ORD0003963,2025-02-08,CUST00741,Ishaan Sharma,PROD0036,Sofa Item 36,FURNITURE,Sofas,East,Odisha,Cuttack,42565.1,6,0.25,31640.82,10924.28,UPI
ORD0003949,2025-02-18,CUST00013,Shreya Das,PROD0019,Camera Item 19,Electronics,Cameras,West,Maharashtra,Mumbai,56580.02,1,0.0,32825.68,23754.34,Credit Card
ORD0004459,2025-02-18,CUST00329,Manish Das,PROD0041,Men's Wear Item 41,Clothing,Men's Wear,West,Gujarat,Surat,15831.32,4,0.0,11945.96,3885.36,Credit Card
ORD0004046,2025-02-10,CUST00344,Neha Kumar,PROD0005,Laptop Item 5,electronics,Laptops,North,Haryana,Gurugram,16267.52,1,0.0,10145.95,6121.57,Net Banking
ORD0004602,06 February 2025,CUST00649,Rohan Das,PROD0097,Appliance Item 97,Office Supplies,Appliances,North,Haryana,Faridabad,9034.95,5,0.0,5551.55,3483.4,Net Banking
ORD0004030,2025-02-09,CUST00258,Rajesh Verma,PROD0048,Women's Wear Item 48,Clothing,Women's Wear,East,West Bengal,Kolkata,26026.0,7,0.0,17164.07,8861.93,UPI
ORD0005408,2025-02-22,CUST00142,Aryan Khan,PROD0060,Accessorie Item 60,Clothing,Accessories,East,Bihar,Gaya,2514.06,7,0.2,2081.66,432.4,UPI
ORD0005165,2025-02-01,CUST00698,Meera Kumar,PROD0073,Staple Item 73,grocery,Staples,South,Karnataka,Mysuru,392.74,6,0.1,275.64,117.1,Credit Card
ORD0005128,2025-02-07,CUST00759,Priya Sharma,PROD0048,Women's Wear Item 48,Clothing,Women's Wear,North,Delhi,Rohini,26026.0,7,0.0,17164.07,8861.93,UPI
ORD0004192,2025-02-01,CUST00680,Diya Nair,PROD0020,Camera Item 20,Electronics,Cameras,North,Punjab,Amritsar,215692.56,4,0.0,124044.56,91648.0,Credit Card
ORD0006272,2025-02-10,CUST00260,Priya Kumar,PROD0092,Art Supplie Item 92,Office Supplies,Art Supplies,West,Maharashtra,Mumbai,26644.13,6,0.2,25339.56,1304.57,UPI
ORD0005842,2025-02-23,CUST00018,Amit Verma,PROD0026,Table Item 26,Furniture,Tables,West,Gujarat,Ahmedabad,75820.32,4,0.0,46409.72,29410.6,Net Banking
ORD0005542,2025-02-26,CUST00699,Karan Das,PROD0083,Paper Item 83,Office Supplies,Paper,East,Bihar,Patna,7167.24,4,0.1,6323.36,843.88,UPI
ORD0004996,2025-02-18,CUST00172,Karan Singh,PROD0003,Mobile Phone Item 3,Electronics,Mobile Phones,East,Bihar,Gaya,322677.26,7,0.2,287638.47,35038.79,UPI
ORD0004245,2025-02-16,CUST00797,Kavya Sharma,PROD0082,Paper Item 82,Office Supplies,Paper,South,Telangana,Hyderabad,1364.36,1,0.15,1133.81,230.55,Cash on Delivery
ORD0006166,2025-02-23,CUST00333,Pooja Mehta,PROD0024,Chair Item 24,Furniture,Chairs,North,Delhi,New Delhi,175632.73,7,0.0,133978.53,41654.2,Debit Card
ORD0004760,2025-02-26,CUST00615,Ishaan Iyer,PROD0074,Staple Item 74,Grocery,Staples,North,Delhi,Dwarka,1651.01,7,0.15,1446.13,204.88,Credit Card
ORD0005159,19 February 2025,CUST00051,Nikhil Gupta,PROD0061,Beverage Item 61,Grocery,Beverages,East,West Bengal,Howrah,6781.07,7,0.1,5555.97,1225.1,UPI
ORD0004501,2025-02-03,CUST00796,Manish Nair,PROD0082,Paper Item 82,Office Supplies,Paper,East,Bihar,Patna,1284.1,1,0.2,1133.81,150.29,Debit Card
ORD0006006,2025-02-05,CUST00130,Kabir Kumar,PROD0006,Laptop Item 6,Electronics,Laptops,South,Tamil Nadu,Chennai,73985.62,2,0.2,71135.1,2850.52,UPI
ORD0004715,2025-02-10,CUST00092,Priya Mehta,PROD0049,Kids Wear Item 49,Clothing,Kids Wear,North,Delhi,New Delhi,2664.35,1,0.0,1466.93,1197.42,UPI
ORD0004463,2025-02-22,CUST00293,Neha Rao,PROD0035,Sofa Item 35,Furniture,Sofas,North,Delhi,New Delhi,53354.84,3,0.1,35684.28,17670.56,UPI
ORD0005270,2025-02-13,CUST00611,Riya Singh,PROD0079,Personal Care Item 79,Grocery,Personal Care,West,Maharashtra,Mumbai,1755.01,2,0.2,1317.64,437.37,Credit Card
ORD0004230,2025-02-06,CUST00804,Ishaan Kumar,PROD0065,Snack Item 65,Grocery,Snacks,East,Odisha,Bhubaneswar,854.33,1,0.05,585.24,269.09,Credit Card
ORD0004072,2025-02-27,CUST00251,Diya Das,PROD0078,Personal Care Item 78,Grocery,Personal Care,East,Bihar,Gaya,752.1,2,0.0,540.52,211.58,UPI
ORD0006644,2025-02-23,CUST00053,Shreya Joshi,PROD0037,Storage Unit Item 37,Furniture,Storage Units,East,Bihar,Gaya,12413.91,-3,0.15,11380.08,2539.25,UPI
ORD0006750,2025-02-15,CUST00730,Rohan Singh,PROD0067,Snack Item 67,Grocery,Snacks,East,Bihar,Gaya,4002.2,7,0.1,3454.22,547.98,Credit Card
ORD0003782,2025-02-24,CUST00568,Karan Sharma,PROD0098,Appliance Item 98,Office Supplies,Appliances,South,Karnataka,Mysuru,15117.97,5,0.15,11605.2,3512.77,UPI
ORD0004885,27/02/2025,CUST00860,Neha Singh,PROD0045,Women's Wear Item 45,Clothing,Women's Wear,East,Bihar,Gaya,7051.01,5,0.1,5865.0,1186.01,Credit Card
ORD0005333,02-03-2025,CUST00519,Sneha Sharma,PROD0055,,Clothing,Footwear,South,Karnataka,Bengaluru,8960.61,4,0.25,7948.36,1012.25,Cash on Delivery
ORD0004261,2025-02-28,CUST00747,Aarav Nair,PROD0012,Television Item 12,Electronics,Televisions,North,Haryana,Gurugram,150320.96,5,0.2,128823.4,21497.56,Net Banking
ORD0005681,2025-02-02,CUST00659,Tanvi Kumar,PROD0096,Storage Item 96,Office Supplies,Storage,East,Odisha,Bhubaneswar,1517.34,1,0.0,1079.14,438.2,Net Banking
ORD0005708,2025-02-23,CUST00186,Arjun Das,PROD0097,Appliance Item 97,Office Supplies,Appliances,East,West Bengal,Kolkata,3433.28,2,0.05,2220.62,1212.66,Net Banking
ORD0004783,12/02/2025,CUST00750,Priya Chatterjee,PROD0014,Headphone Item 14,Electronics,Headphones,East,Bihar,Patna,68532.98,7,0.1,58099.44,10433.54,Credit Card
ORD0006221,2025-02-27,CUST00326,Priya Das,PROD0012,Television Item 12,Electronics,Televisions,East,West Bengal,Kolkata,178506.14,5,0.05,128823.4,49682.74,UPI
ORD0005351,2025-02-02,CUST00846,Shreya Rao,PROD0025,Table Item 25,Furniture,Tables,West,Rajasthan,Udaipur,184262.82,6,0.0,116975.64,67287.18,Cash on Delivery
ORD0006498,2025-02-24,CUST00731,Shreya Nair,PROD0006,Laptop Item 6,Electronics,Laptops,North,Haryana,Faridabad,104042.27,3,0.25,106702.65,-2660.38,UPI
ORD0006472,10-Feb-2025,CUST00283,Amit Gupta,PROD0052,Kids Wear Item 52,Clothing,Kids Wear,West,Rajasthan,Udaipur,3109.64,4,0.0,1828.72,1280.92,Net Banking
ORD0006634,2025-02-15,CUST00682,Arjun Gupta,PROD0023,Chair Item 23,Furniture,Chairs,South,Telangana,Hyderabad,68787.06,5,0.15,49471.25,19315.81,UPI
ORD0003800,2025-02-18,CUST00878,Karan Nair,PROD0064,Beverage Item 64,Grocery,Beverages,South,Tamil Nadu,Chennai,1823.47,2,0.2,1462.38,361.09,UPI
ORD0005923,2025-02-01,CUST00761,Divya Mehta,PROD0011,Television Item 11,Electronics ,Televisions,West,Maharashtra,Nagpur,36583.37,6,0.15,32772.24,3811.13,Net Banking
ORD0006771,2025-02-19,CUST00663,Divya Gupta,PROD0029,Bookcase Item 29,Furniture,Bookcases,West,Gujarat,Surat,65725.61,3,0.2,55818.75,9906.86,Debit Card
ORD0004814,01-Feb-2025,CUST00551,Priya Khan,PROD0094,Storage Item 94,Office Supplies,Storage,West,Gujarat,Ahmedabad,11067.7,3,0.2,10246.59,821.11,Credit Card
ORD0004881,2025-02-22,CUST00718,Ananya Verma,PROD0098,Appliance Item 98,Office Supplies,Appliances,West,Maharashtra,Pune,16896.56,5,0.05,11605.2,5291.36,Net Banking
ORD0005394,2025-02-22,CUST00395,Vikram Sharma,PROD0062,Beverage Item 62,Grocery,Beverages,North,Punjab,Ludhiana,1785.87,2,0.25,1625.98,159.89,Credit Card
ORD0004045,2025-02-10,CUST00880,Pooja Kumar,PROD0060,Accessorie Item 60,Clothing,Accessories,West,Rajasthan,Jaipur,1436.61,-4,0.2,1189.52,642.49,Net Banking
ORD0004831,2025-02-28,CUST00148,Vikram Singh,PROD0040,Storage Unit Item 40,Furniture,Storage Units,South,Tamil Nadu,Coimbatore,113943.0,6,0.0,68002.32,45940.68,UPI
ORD0004172,2025-02-03,CUST00016,Rahul Gupta,PROD0077,Personal Care Item 77,Grocery,Personal Care,West,Rajasthan,Jaipur,1832.15,5,0.0,1071.2,760.95,Credit Card
ORD0004405,2025-02-02,CUST00548,Ananya Verma,PROD0042,Men's Wear Item 42,Clothing,Men's Wear,East,Odisha,Bhubaneswar,12175.88,4,0.0,8123.64,4052.24,Cash on Delivery
ORD0006300,12/02/2025,CUST00172,Karan Singh,PROD0015,Headphone Item 15,Electronics,Headphones,East,Bihar,Gaya,199793.05,7,0.2,183255.8,16537.25,Net Banking
ORD0004119,2025-02-02,CUST00009,Sanya Patel,PROD0021,Chair Item 21,Furniture,Chairs,North,Haryana,Faridabad,17725.07,2,,14999.74,2725.33,Credit Card
ORD0005700,2025-02-03,CUST00089,Tanvi Patel,PROD0053,Footwear Item 53,Clothing,Footwear,West,Gujarat,Ahmedabad,7918.35,3,0.0,5132.94,4735.32,Credit Card
ORD0006199,2025-02-18,CUST00068,Shreya Iyer,PROD0072,Dairy Item 72,Groceries,Dairy,South,Tamil Nadu,Chennai,4019.25,5,0.0,2876.7,1142.55,Debit Card
ORD0006276,2025-02-27,CUST00801,Ananya Mehta,PROD0090,Art Supplie Item 90,Office Supplies,Art Supplies,South,Tamil Nadu,Coimbatore,13787.96,4,0.1,9705.64,4082.32,Cash on Delivery
ORD0004714,2025-02-28,CUST00640,Aarav Chatterjee,PROD0095,Storage Item 95,Office Supplies,Storage,East,Odisha,Cuttack,12476.26,5,0.15,9747.8,2728.46,Net Banking
ORD0006743,2025-02-27,CUST00700,Aarav Iyer,PROD0080,Personal Care Item 80,Grocery,Personal Care,East,Odisha,Bhubaneswar,639.72,1,0.05,488.44,151.28,Net Banking
ORD0004638,2025-02-11,CUST00139,Priya Joshi,PROD0077,Personal Care Item 77,Grocery,Personal Care,East,West Bengal,Kolkata,2565.01,7,0.0,1499.68,1065.33,UPI
ORD0006019,2025-02-21,CUST00223,Sanya Das,PROD0087,Binder Item 87,Office Supplies,Binders,South,Telangana,Warangal,13596.3,5,0.0,10659.3,2937.0,UPI
ORD0005056,2025-02-24,CUST00205,Rajesh Sharma,PROD0022,Chair Item 22,Furnitures,Chairs,East,West Bengal,Kolkata,41631.78,6,0.0,27201.9,14429.88,Credit Card
ORD0004117,2025-02-10,CUST00795,Divya Sharma,PROD0026,Table Item 26,Furniture,Tables,West,Maharashtra,Nagpur,80559.09,5,0.15,58012.15,22546.94,UPI
ORD0006622,2025-02-18,CUST00733,Divya Verma,PROD0073,Staple Item 73,Grocery,Staples,East,West Bengal,Kolkata,218.19,4,0.25,183.76,34.43,Credit Card
ORD0004411,2025-02-26,CUST00409,Vivaan Verma,PROD0087,Binder Item 87,Office Supplies,Binders,North,Delhi,Rohini,4894.67,2,0.1,4263.72,630.95,Net Banking
ORD0004657,2025-02-14,CUST00118,Priya Mehta,PROD0041,Men's Wear Item 41,Clothing,Men's Wear,South,Telangana,Warangal,7519.88,2,0.05,5972.98,1546.9,Debit Card
ORD0006661,15/02/2025,CUST00045,Shreya Chatterjee,PROD0043,Men's Wear Item 43,Clothing,Men's Wear,South,Karnataka,Mysuru,1947.71,3,0.25,2026.05,-78.34,Debit Card
ORD0003803,02-03-2025,CUST00564,Divya Das,PROD0037,Storage Unit Item 37,Furniture,Storage Units,South,Telangana,Warangal,3651.15,1,0.25,3793.36,-142.21,Credit Card
ORD0004524,2025-02-15,CUST00724,Rajesh Malhotra,PROD0027,Table Item 27,Furniture,Tables,East,Bihar,Gaya,18344.08,2,0.0,10828.76,7515.32,Cash on Delivery
ORD0004259,2025-02-04,CUST00686,Amit Nair,PROD0037,Storage Unit Item 37,Furniture,Storage Units,East,Odisha,Bhubaneswar,19472.8,5,0.2,18966.8,506.0,Debit Card
ORD0006734,2025-02-23,CUST00754,Sneha Khan,PROD0055,Footwear Item 55,Clothing,Footwear,West,Gujarat,Ahmedabad,20908.09,7,0.0,13909.63,6998.46,UPI
ORD0005800,2025-02-04,CUST00735,Shreya Sharma,PROD0056,Footwear Item 56,Clothing,Footwear,East,Odisha,Bhubaneswar,13983.28,6,0.15,11514.42,2468.86,UPI
ORD0004415,2025-02-11,CUST00347,Sneha Malhotra,PROD0009,Television Item 9,ELECTRONICS,Televisions,East,Bihar,Patna,11403.2,2,0.0,6664.58,4738.62,Cash on Delivery
ORD0006258,2025-02-17,CUST00688,Amit Malhotra,PROD0051,Kids Wear Item 51,Clothing,Kids Wear,South,Tamil Nadu,Chennai,1588.89,4,0.25,1407.88,181.01,Debit Card
ORD0004294,2025-02-18,CUST00691,Pallavi Iyer,PROD0094,Storage Item 94,Office Supplies,Storage,East,West Bengal,Kolkata,9223.08,2,0.0,6831.06,2392.02,Credit Card
ORD0003711,2025-02-24,CUST00469,Ishaan Patel,PROD0095,Storage Item 95,Office Supplies,Storage,North,Haryana,Gurugram,5284.06,2,0.1,3899.12,1384.94,Credit Card
ORD0004819,2025-02-05,CUST00300,Karan Das,PROD0001,Mobile Phone Item 1,Electronics,Mobile Phones,West,Gujarat,Ahmedabad,86707.11,3,0.0,53312.73,33394.38,Cash on Delivery
ORD0005090,2025-02-13,CUST00429,Rohan Sharma,PROD0096,Storage Item 96,Office Supplies,Storage,West,Rajasthan,Jaipur,1213.87,1,0.2,1079.14,134.73,UPI
ORD0004926,2025-02-08,CUST00202,Ananya Malhotra,PROD0093,Storage Item 93,Office Supplies,Storage,West,Rajasthan,Jaipur,35228.46,6,0.0,25936.86,9291.6,UPI
ORD0005209,2025-02-02,CUST00797,Kavya Sharma,PROD0090,Art Supplie Item 90,Office Supplies,Art Supplies,South,Tamil Nadu,Chennai,21830.94,6,,14558.46,7272.48,Net Banking
ORD0006042,2025-02-01,CUST00412,Ishaan Das,PROD0039,Storage Unit Item 39,Furniture,Storage Units,North,Delhi,New Delhi,66813.92,5,0.2,54295.75,12518.17,Net Banking
ORD0004683,2025-02-19,CUST00447,Sanya Malhotra,PROD0032,Bookcase Item 32,Furniture,Bookcases,North,Delhi,Dwarka,4244.82,1,0.2,3085.0,1159.82,Credit Card
ORD0004887,2025-02-21,CUST00240,Riya Verma,PROD0065,Snack Item 65,Grocery,Snacks,South,Telangana,Warangal,3417.3,4,0.05,2340.96,1076.34,Cash on Delivery
ORD0005194,2025-02-11,CUST00036,Shreya Gupta,PROD0019,Camera Item 19,Electronics,Cameras,East,Bihar,Gaya,56580.02,1,0.0,32825.68,23754.34,Credit Card
ORD0006780,2025-02-15,CUST00140,Vivaan Verma,PROD0056,Footwear Item 56,clothing,Footwear,East,Bihar,Gaya,12338.19,5,0.1,9595.35,2742.84,UPI
ORD0005932,2025-02-19,CUST00087,Shreya Mehta,PROD0047,Women's Wear Item 47,Clothing,Women's Wear,South,Telangana,Hyderabad,18447.76,6,0.05,11709.24,6738.52,UPI
ORD0004523,02-05-2025,CUST00447,Sanya Malhotra,PROD0064,Beverage Item 64,GROCERY,Beverages,East,West Bengal,Howrah,5983.27,7,0.25,5118.33,864.94,Credit Card
ORD0005177,2025-02-05,CUST00582,Divya Singh,PROD0036,Sofa Item 36,Furniture,Sofas,West,Gujarat,Surat,47294.55,5,0.0,26367.35,20927.2,UPI
ORD0006502,2025-02-26,CUST00268,Pooja Patel,PROD0081,Paper Item 81,Office Supplies,Paper,North,Haryana,Faridabad,11444.48,2,0.0,8039.92,3404.56,Debit Card
ORD0005040,15-Feb-2025,CUST00341,Tanvi Patel,PROD0011,Television Item 11,Electronics,Televisions,East,Odisha,Cuttack,16139.72,3,0.25,16386.12,-246.4,Debit Card
ORD0004207,2025-02-06,CUST00436,Rahul Gupta,PROD0008,Laptop Item 8,Electronics,Laptops,North,Delhi,Rohini,265358.03,5,0.1,232409.35,32948.68,Net Banking
ORD0003882,2025-02-21,CUST00257,Divya Chatterjee,PROD0065,Snack Item 65,Grocery,Snacks,South,Karnataka,Bengaluru,5350.78,7,0.15,4096.68,1254.1,Debit Card
ORD0006741,2025-02-09,CUST00374,Sanya Nair,PROD0014,Headphone Item 14,Electronics,Headphones,West,Maharashtra,Nagpur,10878.25,1,0.0,8299.92,2578.33,Net Banking
ORD0005000,2025-02-21,CUST00817,Aditi Rao,PROD0096,Storage Item 96,Office Supplies,Storage,North,Punjab,Ludhiana,2276.01,2,0.25,2158.28,117.73,Net Banking
ORD0004762,2025-02-20,CUST00871,Neha Mehta,PROD0089,Art Supplie Item 89,Office Supplies,Art Supplies,East,Odisha,Cuttack,19877.04,6,0.0,13366.44,6510.6,UPI
ORD0005982,2025-02-26,CUST00215,Aarav Mehta,PROD0095,Storage Item 95,Office Supplies,Storage,North,Delhi,Rohini,11742.36,4,0.0,7798.24,3944.12,UPI
ORD0005672,02-02-2025,CUST00142,Aryan Khan,PROD0079,Personal Care Item 79,Grocery,Personal Care,North,Delhi,Dwarka,1755.01,2,,1317.64,437.37,Credit Card
ORD0006310,02-20-2025,CUST00682,Arjun Gupta,PROD0005,Laptop Item 5,Electronics,Laptops,East,Odisha,Cuttack,65070.08,4,0.0,40583.8,24486.28,Cash on Delivery
ORD0005642,24/02/2025,CUST00826,Kabir Sharma,PROD0041,Men's Wear Item 41,Clothing,Men's Wear,East,Bihar,Patna,17810.24,-5,0.1,14932.45,2877.79,Credit Card
ORD0005083,2025-02-05,CUST00083,Neha Chatterjee,PROD0012,Television Item 12,Electronics,Televisions,West,Rajasthan,Jaipur,0,2,0.05,51529.36,19873.1,Net Banking
ORD0004775,2025-02-17,,Nikhil Mehta,PROD0056,Footwear Item 56,Clothing,Footwear,West,Gujarat,Ahmedabad,15628.37,6,0.05,11514.42,4113.95,Net Banking
ORD0005023,2025-02-04,CUST00453,Rahul Mehta,PROD0082,Paper Item 82,Office Supplies,Paper,North,Delhi,Dwarka,4815.39,3,0.0,3401.43,1413.96,Credit Card
ORD0005481,2025-02-16,CUST00845,Rajesh Verma,PROD0026,Table Item 26, Furniture,Tables,North,Punjab,Amritsar,16111.82,1,0.15,11602.43,4509.39,UPI
ORD0005866,2025-02-19,CUST00383,Arjun Joshi,PROD0087,Binder Item 87,Office Supplies,Binders,North,Delhi,Rohini,16179.6,7,0.15,14923.02,1256.58,Credit Card
ORD0006553,2025-02-24,CUST00610,Nikhil Khan,PROD0064,Beverage Item 64,Grocery,Beverages,West,Maharashtra,Nagpur,1937.44,2,0.15,1462.38,475.06,UPI
ORD0004222,2025-02-22,CUST00649,Rohan Das,PROD0056,Footwear Item 56,Clothing,Footwear,North,Delhi,Rohini,4386.91,2,0.2,3838.14,548.77,Credit Card
ORD0004428,2025-02-13,CUST00216,Aditi Mehta,PROD0075,Staple Item 75,GROCERY,Staples,West,Rajasthan,Jaipur,935.75,1,0.1,635.97,299.78,UPI
ORD0005027,2025-02-09,CUST00191,Aarav Rao,PROD0035,Sofa Item 35,Furniture,Sofas,South,Telangana,Warangal,98805.25,5,0.0,59473.8,39331.45,UPI
ORD0005141,25 February 2025,CUST00705,Aarav Iyer,PROD0081,Paper Item 81,Office Supplies,Paper,East,West Bengal,Kolkata,5436.13,1,0.05,4019.96,1416.17,UPI
ORD0006205,17/02/2025,CUST00107,Shreya Khan,PROD0076,Staple Item 76,Groceries,Staples,East,West Bengal,Howrah,3067.61,5,0.25,2381.85,685.76,Credit Card
ORD0006476,03/02/2025,CUST00694,Vikram Nair,PROD0011,Television Item 11,Electronics,Televisions,North,Delhi,Rohini,14346.42,2,0.0,10924.08,3422.34,UPI
ORD0004131,2025-02-18,CUST00611,Riya Singh,PROD0021,Chair Item 21,Furniture,Chairs,South,Tamil Nadu,Chennai,8862.53,1,0.1,7499.87,1362.66,UPI
ORD0005458,19-Feb-2025,CUST00173,Sneha Iyer,PROD0073,Staple Item 73,Grocery,Staples,North,Delhi,New Delhi,54.55,1,0.25,45.94,8.61,UPI
ORD0005639,2025-02-04,CUST00277,Nikhil Nair,PROD0008,Laptop Item 8,Electronics,Laptops,East,West Bengal,Kolkata,412779.15,7,0.0,325373.09,87406.06,Credit Card
ORD0004505,2025-02-20,CUST00050,Riya Patel,PROD0085,Binder Item 85,Office Supplies,Binders,South,Karnataka,Bengaluru,1422.24,6,0.0,924.48,497.76,UPI
ORD0003887,2025-02-11,CUST00685,Rajesh Das,PROD0059,Accessorie Item 59,Clothing,Accessories,West,Gujarat,Surat,unknown,5,0.25,10695.1,-161.54,Credit Card
ORD0005494,2025-02-17,CUST00248,Saanvi Reddy,PROD0073,Staple Item 73,Grocery,Staples,East,West Bengal,Kolkata,483.65,7,0.05,321.58,162.07,Cash on Delivery
ORD0005992,11 February 2025,CUST00743,Neha Chatterjee,PROD0096,Storage Item 96,Office Supplies,Storage,North,Delhi,Rohini,9559.24,7,0.1,7553.98,2005.26,Debit Card
ORD0004870,2025-02-23,CUST00568,Karan Sharma,PROD0020,Camera Item 20,Electronics,Cameras,East,Bihar,Gaya,323538.84,6,0.0,186066.84,137472.0,Credit Card
ORD0005433,2025-02-28,CUST00689,Rajesh Joshi,PROD0002,Mobile Phone Item 2,Electronics,Mobile Phones,South,Telangana,Hyderabad,21127.41,6,0.15,16662.66,4464.75,UPI
ORD0003892,23/02/2025,CUST00547,Divya Reddy,PROD0026,Table Item 26, Furniture,Tables,West,Rajasthan,Jaipur,90984.38,6,,69614.58,21369.8,UPI
ORD0005739,2025-02-20,CUST00443,Nikhil Mehta,PROD0028,Table Item 28,Furniture,Tables,East,West Bengal,Kolkata,49422.98,2,0.25,50872.54,-1449.56,Debit Card
ORD0006119,2025-02-21,CUST00862,Riya Mehta,PROD0019,Camera Item 19,Electronics,Cameras,West,Gujarat,Ahmedabad,144279.05,3,0.15,98477.04,45802.01,Credit Card
ORD0004977,2025-02-07,CUST00015,Vikram Khan,PROD0061,Beverage Item 61,Grocery,Beverages,West,Rajasthan,Udaipur,7534.52,7,0.0,5555.97,1978.55,UPI
ORD0006108,2025-02-26,CUST00487,Priya Khan,PROD0054,Footwear Item 54,Clothing,Footwear,South,Karnataka,Mysuru,14843.4,5,0.2,11685.25,3158.15,Credit Card
ORD0005028,2025-02-07,CUST00361,Ishaan Rao,PROD0072,Dairy Item 72,Grocery,Dairy,West,Gujarat,Surat,2411.55,4,0.25,2301.36,110.19,UPI
ORD0004468,2025-02-20,CUST00711,Rajesh Malhotra,PROD0070,Dairy Item 70,Grocery,Dairy,West,Maharashtra,Pune,1779.39,4,0.2,1293.28,486.11,UPI
ORD0006423,2025-02-01,CUST00184,Priya Nair,PROD0054,Footwear Item 54,CLOTHING,Footwear,West,Maharashtra,Nagpur,16698.82,5,0.1,11685.25,5013.57,Debit Card
ORD0006493,2025-02-07,CUST00642,Kavya Joshi,PROD0076,Staple Item 76,Grocery,Staples,East,Bihar,Patna,3926.54,6,0.2,2858.22,1068.32,Cash on Delivery
ORD0006008,2025-02-09,CUST00565,Vikram Das,PROD0036,Sofa Item 36,Furniture,Sofas,North,Haryana,Gurugram,25539.06,3,0.1,15820.41,9718.65,Credit Card
ORD0004194,2025-02-03,CUST00688,Amit Malhotra,PROD0086,Binder Item 86,Office Supplies,Binders,West,Rajasthan,Jaipur,5263.13,1,0.0,3697.65,1565.48,Debit Card
ORD0003705,2025-02-06,CUST00098,Rajesh Verma,PROD0009,Television Item 9,Electronics,Televisions,West,Maharashtra,Pune,4846.36,1,0.15,3332.29,1514.07,Credit Card
ORD0005283,2025-02-06,CUST00701,Divya Gupta,PROD0009,Television Item 9,Electronics,Televisions,North,Haryana,Gurugram,17104.8,4,0.25,13329.16,3775.64,Cash on Delivery
ORD0006708,08-Feb-2025,CUST00239,Divya Sharma,PROD0003,Mobile Phone Item 3,Electronics,Mobile Phones,South,Telangana,Hyderabad,302509.94,7,0.25,287638.47,14871.47,Debit Card
ORD0006308,2025-02-01,CUST00012,Kabir Rao,PROD0012,Television Item 12,Electronics,Televisions,East,Bihar,Gaya,75160.48,2,0.0,51529.36,23631.12,UPI
ORD0005681,2025-02-02,CUST00659,Tanvi Kumar,PROD0096,Storage Item 96,Office Supplies,Storage,East,Odisha,Bhubaneswar,1517.34,1,0.0,1079.14,438.2,Net Banking
ORD0004409,2025-02-19,CUST00397,Tanvi Chatterjee,PROD0087,Binder Item 87,Office Supplies,Binders,West,Maharashtra,Mumbai,7749.89,3,0.05,6395.58,1354.31,Credit Card
ORD0005860,2025-02-03,CUST00059,Vivaan Patel,PROD0052,Kids Wear Item 52,Clothing,Kids Wear,North,Delhi,New Delhi,583.06,1,0.25,457.18,125.88,Debit Card
ORD0006048,2025-02-20,CUST00544,Nikhil Malhotra,PROD0025,Table Item 25,Furniture,Tables,North,Punjab,Amritsar,92131.41,3,0.0,58487.82,33643.59,UPI
ORD0005651,2025-02-19,CUST00409,Vivaan Verma,PROD0021,Chair Item 21,Furniture,Chairs,West,Gujarat,Surat,9847.26,1,0.0,7499.87,2347.39,Credit Card
ORD0005770,2025-02-22,CUST00801,Ananya Mehta,PROD0036,Sofa Item 36,Furniture,Sofas,North,Delhi,Rohini,34052.08,4,0.1,21093.88,12958.2,Debit Card
ORD0005529,2025-02-13,CUST00386,Riya Malhotra,PROD0005,Laptop Item 5,Electronics,Laptops,South,Telangana,Hyderabad,85404.48,7,0.25,71021.65,14382.83,Debit Card
ORD0004753,2025-02-14,CUST00146,Nikhil Iyer,PROD0086,Binder Item 86,Office Supplies,Binders,South,Karnataka,Bengaluru,21052.52,4,0.0,14790.6,6261.92,Credit Card
ORD0005033,2025-02-06,CUST00557,Kabir Iyer,PROD0036,Sofa Item 36,Furniture,Sofas,South,Telangana,Warangal,59591.13,7,0.1,36914.29,22676.84,UPI
ORD0004717,2025-02-15,CUST00881,Kavya Reddy,PROD0019,Camera Item 19,Electronics,Cameras,South,Telangana,Warangal,113160.04,2,0.0,65651.36,47508.68,UPI
ORD0005649,2025-02-01,CUST00338,Karan Mehta,PROD0045,Women's Wear Item 45,CLOTHING,Women's Wear,South,Karnataka,Bengaluru,7051.0,6,0.25,7038.0,13.0,UPI
ORD0004090,2025-02-19,CUST00889,Ananya Patel,PROD0024,Chair Item 24,Furniture,Chairs,South,Karnataka,Bengaluru,37635.58,2,0.25,38279.58,-644.0,Debit Card
ORD0005206,2025-02-18,CUST00067,Aditi Singh,PROD0037,Storage Unit Item 37,Furniture,Storage Units,West,Gujarat,Ahmedabad,30669.66,7,0.1,26553.52,4116.14,Debit Card
ORD0006337,2025-02-10,CUST00606,Karan Joshi,PROD0075,Staple Item 75,Grocery,Staples,West,Rajasthan,Jaipur,1663.55,2,0.2,1271.94,391.61,Credit Card
ORD0006223,2025-02-12,CUST00697,Pallavi Mehta,PROD0099,Appliance Item 99,OfficeSupplies,Appliances,North,Delhi,New Delhi,5286.75,4,0.05,4196.08,3012.84,Debit Card
ORD0003836,02-04-2025,CUST00627,Aditi Joshi,PROD0059,Accessorie Item 59,clothing,Accessories,West,Gujarat,Ahmedabad,12640.27,6,0.25,12834.12,-193.85,Net Banking
ORD0004629,2025-02-04,CUST00522,Neha Nair,PROD0065,Snack Item 65,Grocery,Snacks,South,Telangana,Hyderabad,2562.98,3,0.05,1755.72,807.26,UPI
ORD0004611,2025-02-10,CUST00737,Rahul Gupta,PROD0076,Staple Item 76,Grocery,Staples,South,Karnataka,Bengaluru,2454.09,4,0.25,1905.48,548.61,UPI
ORD0006569,2025-02-26,CUST00566,Neha Das,PROD0027,Table Item 27,Furniture,Tables,West,Rajasthan,Jaipur,45860.2,5,0.0,27071.9,18788.3,Debit Card
ORD0003979,2025-02-28,CUST00341,Tanvi Patel,PROD0019,Camera Item 19,Electronics,Cameras,South,Karnataka,Bengaluru,50922.02,1,0.1,32825.68,18096.34,Debit Card
ORD0004292,2025-02-10,CUST00367,Sneha Joshi,PROD0009,Television Item 9,Electronics,Televisions,North,Delhi,Rohini,4276.2,1,0.25,3332.29,943.91,Credit Card
ORD0003947,2025-02-09,CUST00560,Tanvi Khan,PROD0028,Table Item 28,Furniture,Tables,West,Maharashtra,Mumbai,98845.95,4,0.25,101745.08,-2899.13,Net Banking
ORD0005160,2025-02-06,CUST00455,Kavya Verma,PROD0092,Art Supplie Item 92,Office Supplies,Art Supplies,North,Delhi,New Delhi,16652.58,3,0.0,12669.78,3982.8,UPI
ORD0003750,2025-02-13,CUST00460,Rohan Das,PROD0056,Footwear Item 56,clothing,Footwear,South,Tamil Nadu,Coimbatore,19192.74,7,0.0,13433.49,5759.25,Credit Card
ORD0006388,2025-02-13,CUST00667,Neha Joshi,PROD0053,Footwear Item 53,Clothing,Footwear,West,Maharashtra,Pune,7918.35,3,0.0,5132.94,2785.41,Credit Card
ORD0006031,2025-02-07,CUST00723,Ishaan Sharma,PROD0068,Snack Item 68,Grocery,Snacks,North,Haryana,Gurugram,3193.2,6,0.0,2272.8,920.4,Credit Card
ORD0004507,2025-02-17,CUST00829,Divya Chatterjee,PROD0072,Dairy Item 72,Grocery ,Dairy,East,Odisha,Cuttack,1808.66,3,0.25,1726.02,82.64,Credit Card
ORD0005062,10/02/2025,CUST00833,Sanya Reddy,PROD0009,Television Item 9,Electronic,Televisions,West,Gujarat,Ahmedabad,39911.2,7,0.0,23326.03,16585.17,Net Banking
ORD0004738,18 February 2025,CUST00233,Aarav Malhotra,PROD0066,Snack Item 66,Grocery,Snacks,West,Maharashtra,Nagpur,2088.27,4,0.25,2032.44,55.83,Cash on Delivery
ORD0005419,2025-02-25,CUST00373,Shreya Nair,PROD0004,Mobile Phone Item 4,Electronics,Mobile Phones,North,Delhi,Dwarka,160057.43,7,0.25,123281.13,36776.3,UPI
ORD0005634,2025-02-09,CUST00873,Meera Malhotra,PROD0059,Accessorie Item 59,Clothing,Accessories,South,Tamil Nadu,Chennai,8426.85,4,0.25,8556.08,-129.23,Credit Card
ORD0003942,2025-02-20,CUST00140,Vivaan Verma,PROD0093,Storage Item 93,Office Supplies,Storage,West,Maharashtra,Nagpur,17614.23,4,0.25,17291.24,322.99,Debit Card
ORD0005224,2025-02-17,CUST00745,Diya Singh,PROD0042,Men's Wear Item 42,Clothing,Men's Wear,South,Telangana,Hyderabad,2282.98,1,0.25,2030.91,252.07,UPI
ORD0005172,2025-02-11,CUST00090,Sneha Singh,PROD0084,Paper Item 84,Office Supplies,Paper,East,Odisha,Bhubaneswar,14011.11,6,0.05,10638.96,3372.15,Cash on Delivery
ORD0004744,09/02/2025,CUST00253,Saanvi Khan,PROD0078,Personal Care Item 78,Grocery,Personal Care,South,Tamil Nadu,Chennai,1805.04,6,0.2,1621.56,183.48,Credit Card
ORD0004074,2025-02-20,CUST00404,Vikram Verma,PROD0076,Staple Item 76,Grocery ,Staples,West,Rajasthan,Udaipur,4908.18,6,0.0,2858.22,2049.96,Net Banking
ORD0004013,2025-02-21,CUST00585,Pallavi Rao,PROD0003,Mobile Phone Item 3,Electronics ,Mobile Phones,West,Gujarat,Ahmedabad,230483.76,4,0.0,164364.84,66118.92,Net Banking
ORD0005536,2025-02-11,CUST00357,Tanvi Joshi,PROD0063,Beverage Item 63,Grocery,Beverages,South,Karnataka,Bengaluru,3842.75,5,0.05,2530.65,1312.1,UPI
ORD0005503,2025-02-28,CUST00336,Rajesh Kumar,PROD0006,Laptop Item 6,Electronics,Laptops,East,Bihar,Patna,83233.82,2,0.1,71135.1,12098.72,Credit Card
ORD0004335,2025-02-09,CUST00343,Kabir Joshi,PROD0058,Accessorie Item 58,clothing,Accessories,North,Haryana,Gurugram,9329.84,7,0.15,6523.3,2806.54,Credit Card
ORD0005576,2025-02-03,CUST00235,Kabir Rao,PROD0036,Sofa Item 36,Furniture,Sofas,North,Delhi,Dwarka,16080.15,2,0.15,10546.94,5533.21,UPI
ORD0004439,2025-02-19,CUST00282,Priya Patel,PROD0069,Dairy Item 69,Grocery,Dairy,South,Tamil Nadu,Coimbatore,2218.6,5,0.0,1446.6,772.0,Cash on Delivery
ORD0006744,2025-02-07,CUST00673,Kabir Malhotra,PROD0031,Bookcase Item 31,Furniture,Bookcases,South,Tamil Nadu,Coimbatore,90965.49,5,0.05,63066.95,27898.54,Credit Card
ORD0004916,2025-02-06,CUST00771,Priya Gupta,PROD0006,Laptop Item 6,Electronics,Laptops,East,Odisha,Cuttack,184964.04,4,0.0,142270.2,42693.84,Debit Card
ORD0006709,2025-02-19,CUST00860,Neha Singh,PROD0061,Beverage Item 61,Grocery,Beverages,North,Haryana,Gurugram,2744.72,3,0.15,2381.13,363.59,UPI
ORD0006577,15 February 2025,CUST00890,Ananya Das,PROD0088,Binder Item 88,Office Supplies,Binders,East,Bihar,Gaya,28775.66,7,0.2,22680.77,6094.89,Net Banking
ORD0004569,2025-02-11,CUST00694,Vikram Nair,PROD0086,Binder Item 86,Office Supplies,Binders,East,West Bengal,Howrah,15789.39,3,0.0,11092.95,4696.44,UPI
ORD0006105,2025-02-25,CUST00265,Sneha Rao,PROD0088,Binder Item 88,Office-Supplies,Binders,West,Maharashtra,Nagpur,16443.23,4,,12960.44,3482.79,Credit Card
ORD0006383,2025-02-23,CUST00644,Sneha Gupta,PROD0009,Television Item 9,Electronics,Televisions,West,Gujarat,Surat,10833.04,2,0.05,6664.58,4168.46,Credit Card
ORD0006053,23/02/2025,CUST00821,Tanvi Sharma,PROD0045,Women's Wear Item 45,Clothing,Women's Wear,East,Odisha,Bhubaneswar,10968.23,7,0.0,8211.0,2757.23,UPI
ORD0004987,2025-02-15,CUST00383,Arjun Joshi,PROD0002,Mobile Phone Item 2,Electronics,Mobile Phones,South,Telangana,Warangal,17606.18,5,0.15,13885.55,3720.63,UPI
ORD0005262,24 February 2025,CUST00050,Riya Patel,PROD0054,Footwear Item 54,Clothing,Footwear,West,Maharashtra,Pune,6308.44,2,0.15,4674.1,1634.34,UPI
ORD0006628,18 February 2025,CUST00203,Priya Singh,PROD0045,Women's Wear Item 45,Clothing,Women's Wear,North,Punjab,Amritsar,4700.67,3,0.0,3519.0,1181.67,Debit Card
ORD0005120,2025-02-12,CUST00338,Karan Mehta,PROD0085,Binder Item 85,Office Supplies,Binders,East,West Bengal,Howrah,1327.42,7,0.2,1078.56,248.86,Cash on Delivery
ORD0005294,2025-02-17,CUST00500,Rajesh Singh,PROD0091,Art Supplie Item 91,Office Supplies,Art Supplies,East,Odisha,Bhubaneswar,5546.92,4,0.1,4796.04,750.88,Debit Card
ORD0006751,2025-02-08,CUST00527,Sanya Malhotra,PROD0091,Art Supplie Item 91,Office Supplies,Art Supplies,North,Delhi,Dwarka,6163.24,4,0.0,4796.04,1367.2,UPI
ORD0004362,2025-02-16,CUST00690,Sanya Singh,PROD0059,Accessorie Item 59,Clothing,Accessories,North,Haryana,Gurugram,14044.75,5,0.0,10695.1,3349.65,Net Banking
ORD0005555,2025-02-27,CUST00560,Tanvi Khan,PROD0022,Chair Item 22,Furniture,Chairs,West,Gujarat,Surat,0,1,0.25,4533.65,670.32,Credit Card
ORD0005069,2025-02-20,CUST00392,Diya Verma,PROD0054,Footwear Item 54,Clothing,Footwear,East,West Bengal,Howrah,17626.54,5,0.05,11685.25,5941.29,Net Banking
ORD0004790,02-14-2025,CUST00535,Arjun Sharma,PROD0018,Camera Item 18,Electronics,Cameras,North,Delhi,New Delhi,84028.77,2,0.1,56178.22,27850.55,UPI
ORD0004217,2025-02-25,CUST00744,Ishaan Sharma,PROD0053,Footwear Item 53,Clothing,Footwear,North,Punjab,Amritsar,7918.35,4,0.25,6843.92,1074.43,Cash on Delivery
ORD0004005,2025-02-01,CUST00144,Ishaan Kumar,PROD0067,Snack Item 67,Grocery,Snacks,East,West Bengal,Kolkata,2286.97,4,0.1,1973.84,313.13,Debit Card
ORD0004669,2025-02-10,CUST00194,Aditi Chatterjee,PROD0091,Art Supplie Item 91,Office Supplies,Art Supplies,North,Delhi,New Delhi,10785.67,7,0.0,8393.07,2392.6,Debit Card
ORD0006409,25-Feb-2025,CUST00386,Riya Malhotra,PROD0044,Men's Wear Item 44,Clothing,Men's Wear,West,Maharashtra,Pune,7034.09,6,0.25,5275.8,1758.29,UPI
ORD0005668,2025-02-26,CUST00118,Priya Mehta,PROD0007,Laptop Item 7,Electronics,Laptops,North,Delhi,Rohini,108492.1,2,0.0,86375.14,48641.26,UPI
ORD0006512,2025-02-04,CUST00504,Divya Singh,PROD0066,Snack Item 66,Grocery,Snacks,North,Delhi,New Delhi,696.09,1,,508.11,187.98,Net Banking
ORD0004708,2025-02-26,CUST00769,Ishaan Verma,PROD0033,Sofa Item 33,Furniture,Sofas,South,Telangana,Hyderabad,133467.76,4,0.0,89491.16,43976.6,UPI
ORD0005671,25-Feb-2025,CUST00380,Diya Mehta,PROD0079,Personal Care Item 79,Grocery,Personal Care,East,Odisha,Cuttack,6910.34,7,0.1,4611.74,6147.95,UPI
ORD0004101,2025-02-22,CUST00208,Aarav Das,PROD0011,Television Item 11,Electronics,Televisions,West,Maharashtra,Mumbai,35866.05,5,0.0,27310.2,8555.85,UPI
ORD0006106,2025-02-26,CUST00582,Divya Singh,PROD0069,Dairy Item 69,Grocery,Dairy,West,Rajasthan,Jaipur,443.72,1,0.0,289.32,154.4,Credit Card
ORD0004472,02-18-2025,CUST00705,Aarav Iyer,PROD0034,Sofa Item 34, Furniture,Sofas,West,Maharashtra,Nagpur,66799.26,2,0.0,39471.3,27327.96,Net Banking
ORD0004328,2025-02-05,CUST00729,Pallavi Khan,PROD0049,Kids Wear Item 49,Cloths,Kids Wear,South,Telangana,Hyderabad,17717.93,7,0.05,10268.51,7449.42,Credit Card
ORD0004480,2025-02-03,CUST00460,Rohan Das,PROD0068,Snack Item 68,Grocery,Snacks,West,Gujarat,Surat,2661.0,5,0.0,1894.0,767.0,Credit Card
ORD0004805,2025-02-15,CUST00466,Vikram Mehta,PROD0057,Accessorie Item 57,Apparel,Accessories,East,Odisha,Cuttack,11681.01,6,0.05,9683.16,1997.85,UPI
ORD0004807,2025-02-13,CUST00046,Rahul Joshi,PROD0096,Storage Item 96,Office Supplies,Storage,East,Bihar,Patna,1517.34,1,0.0,1079.14,438.2,Net Banking
ORD0006657,02-02-2025,CUST00275,Sanya Das,PROD0056,Footwear Item 56,Clothing,Footwear,North,Delhi,Dwarka,4112.73,2,0.25,3838.14,274.59,Debit Card
ORD0005096,2025-02-22,CUST00321,Aryan Rao,PROD0071,Dairy Item 71,Grocery,Dairy,East,Odisha,Bhubaneswar,155.48,1,0.0,111.46,44.02,UPI
ORD0004264,2025-02-23,CUST00333,Pooja Mehta,PROD0061,Beverage Item 61,Grocery,Beverages,East,Bihar,Patna,7534.52,7,0.0,5555.97,1978.55,Debit Card
ORD0004644,16/02/2025,CUST00666,Rahul Mehta,PROD0039,Storage Unit Item 39,Furniture,Storage Units,East,Odisha,Cuttack,30066.26,2,0.1,21718.3,8347.96,Debit Card
ORD0005608,2025-02-13,CUST00066,Vikram Singh,PROD0079,Personal Care Item 79,Grocery,Personal Care,South,Karnataka,Mysuru,1096.88,1,0.0,658.82,438.06,Net Banking
ORD0006494,2025-02-19,CUST00050,Riya Patel,PROD0018,Camera Item 18,Electronics,Cameras,South,Telangana,Warangal,149384.48,4,0.2,112356.44,37028.04,Credit Card
ORD0004730,2025-02-09,CUST00191,Aarav Rao,PROD0097,Appliance Item 97,Office Supplies,Appliances,South,Tamil Nadu,Coimbatore,12648.93,7,0.0,7772.17,4876.76,Debit Card
ORD0005571,16-Feb-2025,CUST00347,Sneha Malhotra,PROD0047,Women's Wear Item 47,Clothing,Women's Wear,West,Maharashtra,Pune,12945.8,4,0.0,7806.16,5139.64,Debit Card
ORD0003911,2025-02-01,CUST00350,Vivaan Verma,PROD0055,Footwear Item 55,Clothing,Footwear,West,Maharashtra,Mumbai,2837.53,1,0.05,1987.09,850.44,Credit Card
ORD0004932,2025-02-10,CUST00524,Rohan Kumar,PROD0037,Storage Unit Item 37,Furniture,Storage Units,South,Tamil Nadu,Chennai,3651.15,1,0.25,3793.36,-142.21,Credit Card
ORD0005746,2025-02-04,CUST00075,Nikhil Sharma,PROD0045,Women's Wear Item 45,Clothing,Women's Wear,South,Karnataka,Mysuru,1331.86,1,0.15,1173.0,158.86,Cash on Delivery
ORD0005655,2025-02-20,CUST00006,Sanya Malhotra,PROD0050,Kids Wear Item 50,Clothing,Kids Wear,West,Rajasthan,Jaipur,23852.76,6,0.0,14794.08,9058.68,UPI
ORD0006032,2025-02-01,CUST00668,Vikram Malhotra,PROD0016,Headphone Item 16,Electronics,Headphones,East,Bihar,Gaya,14113.44,1,0.25,12096.41,2017.03,Debit Card
ORD0004604,2025-02-14,CUST00201,Pallavi Joshi,PROD0066,Snack Item 66,Grocery,Snacks,East,Odisha,Bhubaneswar,3758.89,6,0.1,3048.66,710.23,Credit Card
ORD0004656,2025-02-20,CUST00412,Ishaan Das,PROD0069,Dairy Item 69,Grocery,Dairy,South,Karnataka,Bengaluru,443.72,1,0.0,289.32,154.4,Debit Card
ORD0004966,2025-02-28,CUST00877,Karan Reddy,PROD0072,Dairy Item 72,Grocery,Dairy,West,Maharashtra,Mumbai,602.89,1,0.25,575.34,27.55,Debit Card
ORD0006086,2025-02-14,CUST00894,Kabir Verma,PROD0100,Appliance Item 100,Office Supplies,Appliances,South,Telangana,Hyderabad,29510.95,6,0.05,18387.66,11123.29,UPI
ORD0003802,2025-02-06,CUST00626,Rohan Reddy,PROD0009,Television Item 9,Electronics,Televisions,East,Bihar,Gaya,37915.64,7,0.05,23326.03,14589.61,UPI
ORD0006641,2025-02-19,CUST00558,Kabir Khan,PROD0050,Kids Wear Item 50,CLOTHING,Kids Wear,East,Odisha,Cuttack,21467.48,6,0.1,14794.08,6673.4,Debit Card
ORD0005699,2025-02-13,CUST00286,Rajesh Reddy,PROD0097,Appliance Item 97,Office Supplies,Appliances,South,Karnataka,Bengaluru,2891.18,2,0.2,2220.62,670.56,Debit Card
ORD0004296,2025-02-02,CUST00483,Rajesh Kumar,PROD0013,Headphone Item 13,Electronics,Headphones,North,Haryana,Faridabad,50268.19,6,0.25,41106.9,9161.29,Cash on Delivery
ORD0005686,2025-02-05,CUST00275,Sanya Das,PROD0048,Women's Wear Item 48,Clothing,Women's Wear,South,Telangana,Warangal,2974.4,1,0.2,2452.01,522.39,Net Banking
ORD0004841,2025-02-05,CUST00511,Vivaan Verma,PROD0041,Men's Wear Item 41,Clothing,Men's Wear,North,Delhi,Dwarka,15831.32,4,0.0,11945.96,3885.36,Debit Card
ORD0004650,2025-02-22,CUST00209,Pallavi Verma,PROD0022,Chair Item 22,Furniture,Chairs,North,Delhi,Rohini,38856.33,7,0.2,31735.55,7120.78,Credit Card
ORD0004581,2025-02-14,CUST00490,Arjun Kumar,PROD0028,Table Item 28,furniture,Tables,South,Karnataka,Bengaluru,219108.52,7,0.05,178053.89,41054.63,Net Banking
ORD0006445,2025-02-15,CUST00264,Sneha Patel,PROD0044,Men's Wear Item 44,Clothing,Men's Wear,South,Tamil Nadu,Chennai,1484.97,1,0.05,879.3,605.67,Debit Card
ORD0004785,2025-02-10,CUST00188,Amit Verma,PROD0077,Personal Care Item 77,Grocery,Personal Care,East,West Bengal,Howrah,1099.29,4,0.25,856.96,242.33,UPI
ORD0005102,2025-02-06,CUST00748,Neha Reddy,PROD0094,Storage Item 94,Office Supplies,Storage,North,Punjab,Amritsar,17293.28,5,0.25,17077.65,215.63,Credit Card
ORD0006156,2025-02-26,CUST00765,Aarav Rao,PROD0018,Camera Item 18,Electronics,Cameras,East,Bihar,Patna,74692.24,2,0.2,56178.22,18514.02,UPI
ORD0004835,2025-02-21,CUST00840,Sneha Singh,PROD0029,Bookcase Item 29,Furniture,Bookcases,East,Bihar,Patna,24647.1,1,0.1,18606.25,6040.85,Debit Card
ORD0004055,02-19-2025,CUST00054,Shreya Das,PROD0043,Men's Wear Item 43,Clothing,Men's Wear,East,Odisha,Bhubaneswar,3289.47,4,0.05,2701.4,588.07,Credit Card
ORD0004758,2025-02-06,CUST00163,Pallavi Gupta,PROD0019,Camera Item 19,Electronics,Cameras,East,Bihar,Gaya,56580.02,1,0.0,32825.68,65811.96,UPI
ORD0005207,22/02/2025,CUST00358,Sneha Joshi,PROD0095,Storage Item 95,Office Supplies,Storage,North,Delhi,New Delhi,13210.16,5,0.1,9747.8,3462.36,Debit Card
ORD0003730,2025-02-01,CUST00722,Rajesh Reddy,PROD0023,Chair Item 23,Furniture,Chairs,North,Punjab,Ludhiana,80925.95,5,0.0,49471.25,31454.7,Cash on Delivery
ORD0006402,2025-02-09,CUST00003,Neha Chatterjee,PROD0058,Accessorie Item 58,Clothing,Accessories,East,Bihar,Gaya,3528.09,3,0.25,2795.7,1759.42,UPI
ORD0004228,15/02/2025,CUST00286,Rajesh Reddy,PROD0049,Kids Wear Item 49,Clothing,Kids Wear,West,Gujarat,Ahmedabad,4795.83,2,0.1,2933.86,1861.97,UPI
ORD0004572,2025-02-22,CUST00145,Vikram Khan,PROD0082,Paper Item 82,Office Supplies,Paper,East,Odisha,Bhubaneswar,1364.36,1,0.15,1133.81,230.55,Credit Card
ORD0003965,2025-02-14,CUST00598,Sanya Das,PROD0035,Sofa Item 35,Furniture,Sofas,North,Delhi,New Delhi,83984.46,5,0.15,59473.8,24510.66,Credit Card
ORD0006340,2025-02-17,CUST00367,Sneha Joshi,PROD0091,Art Supplie Item 91,Office Supplies,Art Supplies,East,Bihar,Gaya,6163.24,4,0.0,4796.04,1367.2,UPI
ORD0005677,2025-02-19,CUST00234,Ishaan Kumar,PROD0067,Snack Item 67,Groceries,Snacks,West,Rajasthan,Udaipur,476.45,1,0.25,493.46,-17.01,Credit Card
ORD0004336,2025-02-17,CUST00404,Vikram Verma,PROD0068,Snack Item 68,Grocery,Snacks,East,Odisha,Bhubaneswar,2128.8,5,0.2,1894.0,234.8,UPI
ORD0005418,09/02/2025,CUST00254,Sanya Gupta,PROD0065,Snack Item 65,Grocery,Snacks,South,Karnataka,Mysuru,6295.03,7,0.0,4096.68,2198.35,Credit Card
ORD0005683,2025-02-06,CUST00054,Shreya Das,PROD0041,Men's Wear Item 41,Clothing,Men's Wear,North,Haryana,Faridabad,27704.81,7,0.0,20905.43,6799.38,Debit Card
ORD0004936,2025-02-05,CUST00441,Aditi Chatterjee,PROD0038,Storage Unit Item 38,Furniture,Storage Units,West,Maharashtra,Nagpur,35389.29,3,0.0,24844.41,10544.88,Credit Card
ORD0006358,2025-02-21,CUST00319,Rohan Iyer,PROD0094,Storage Item 94,Office Supplies,Storage,West,Rajasthan,Udaipur,23057.7,5,0.0,17077.65,5980.05,Net Banking
ORD0004884,2025-02-03,CUST00130,Kabir Kumar,PROD0035,Sofa Item 35,Furniture,Sofas,West,Rajasthan,Jaipur,67187.57,4,0.15,47579.04,19608.53,UPI
ORD0005789,2025-02-15,CUST00447,Sanya Malhotra,PROD0089,Art Supplie Item 89,Office Supplies,Art Supplies,North,Delhi,Rohini,13251.36,5,0.2,11138.7,2112.66,UPI
ORD0006322,2025-02-22,CUST00400,Ananya Khan,PROD0029,Bookcase Item 29,Furniture,Bookcases,West,Maharashtra,Mumbai,82157.01,3,0.0,55818.75,26338.26,UPI
ORD0005661,2025-02-18,CUST00350,Vivaan Verma,PROD0018,Camera Item 18,Electronics ,Cameras,East,Odisha,Cuttack,105035.96,3,0.25,84267.33,20768.63,Net Banking
ORD0006799,2025-02-14,CUST00215,Aarav Mehta,PROD0053,Footwear Item 53,Clothing,Footwear,North,Haryana,Gurugram,3959.18,2,0.25,3421.96,537.22,Debit Card
ORD0006700,2025-02-02,CUST00505,Manish Singh,PROD0096,Storage Item 96,Office Supplies,Storage,South,Tamil Nadu,Coimbatore,6448.7,5,0.15,5395.7,1053.0,UPI
ORD0005525,2025-02-09,CUST00027,Arjun Khan,PROD0066,Snack Item 66,Grocery,Snacks,South,Tamil Nadu,Chennai,2645.14,4,0.05,2032.44,612.7,UPI
ORD0005553,2025-02-04,CUST00568,Karan Sharma,PROD0052,Kids Wear Item 52,Clothing,Kids Wear,North,Haryana,Gurugram,5169.78,7,0.05,3200.26,1969.52,Credit Card
ORD0006526,2025-02-16,CUST00540,Neha Chatterjee,PROD0054,Footwear Item 54,Clothing,Footwear,South,Telangana,Hyderabad,6308.44,2,0.15,4674.1,1634.34,Credit Card
ORD0005169,2025-02-12,CUST00421,Saanvi Das,PROD0014,Headphone Item 14,Electronics,Headphones,North,Delhi,Dwarka,9246.51,1,0.15,8299.92,946.59,Credit Card
ORD0004083,2025-02-04,CUST00670,Shreya Reddy,PROD0080,Personal Care Item 80,Grocery ,Personal Care,South,Karnataka,Mysuru,1818.15,3,0.1,1465.32,352.83,Net Banking
ORD0003715,2025-02-17,CUST00668,Vikram Malhotra,PROD0027,Table Item 27,Furniture,Tables,North,Delhi,New Delhi,41274.18,5,0.1,27071.9,14202.28,Debit Card
ORD0005183,26/02/2025,CUST00215,Aarav Mehta,PROD0055,Footwear Item 55,Clothing,Footwear,East,Odisha,Bhubaneswar,20908.09,7,0.0,13909.63,6998.46,UPI
ORD0003773,2025-02-08,CUST00812,Sneha Sharma,PROD0092,Art Supplie Item 92,OfficeSupplies,Art Supplies,West,Maharashtra,Mumbai,11101.72,2,0.0,8446.52,2655.2,UPI
ORD0005488,2025-02-17,CUST00518,Vivaan Mehta,PROD0078,Personal Care Item 78,Grocery,Personal Care,East,Odisha,Cuttack,357.25,1,0.05,270.26,86.99,Credit Card
ORD0005089,2025-02-22,CUST00693,Kavya Gupta,PROD0025,Table Item 25,Furniture,Tables,North,Delhi,New Delhi,61420.94,2,0.0,38991.88,22429.06,UPI
ORD0005477,02-15-2025,CUST00369,Tanvi Nair,PROD0062,Beverage Item 62,Grocery,Beverages,North,Punjab,Ludhiana,4047.97,4,,3251.96,796.01,Debit Card
ORD0005454,2025-02-06,CUST00744,Ishaan Sharma,PROD0030,Bookcase Item 30,Furniture,Bookcases,North,Delhi,Dwarka,42189.1,3,0.2,35989.23,6199.87,Cash on Delivery
ORD0004852,2025-02-25,CUST00867,Aryan Chatterjee,PROD0009,Television Item 9,Electronics,Televisions,East,Bihar,Patna,5416.52,1,0.05,3332.29,2084.23,UPI
ORD0005984,02-02-2025,CUST00653,Karan Das,PROD0042,Men's Wear Item 42,Clothing,Men's Wear,North,Haryana,Faridabad,9131.91,3,0.0,6092.73,3039.18,Credit Card
ORD0004904,2025-02-24,CUST00414,Aryan Rao,PROD0056,Footwear Item 56,Clothing,Footwear,East,Odisha,Cuttack,11652.74,5,0.15,9595.35,2057.39,Credit Card
ORD0004562,2025-02-05,CUST00605,Saanvi Malhotra,PROD0049,Kids Wear Item 49,Clothing,Kids Wear,East,Odisha,Bhubaneswar,9058.79,4,0.15,5867.72,3191.07,Credit Card
ORD0004324,2025-02-24,CUST00739,Priya Reddy,PROD0020,Camera Item 20,Electronics,Cameras,West,Maharashtra,Mumbai,377461.98,7,0.0,217077.98,160384.0,Net Banking
ORD0006551,2025-02-11,CUST00160,Rajesh Joshi,PROD0097,Appliance Item 97,Office Supplies,Appliances,North,Delhi,New Delhi,8583.2,5,0.05,5551.55,5616.07,Net Banking
ORD0006351,2025-02-22,CUST00462,Rahul Patel,PROD0013,Headphone Item 13,Electronics,Headphones,West,Gujarat,Ahmedabad,28485.31,N/A,0.15,20553.45,7931.86,Debit Card
ORD0004800,2025-02-21,CUST00861,Aditi Mehta,PROD0091,Art Supplie Item 91,Office Supplies,Art Supplies,North,Haryana,Gurugram,5238.75,4,0.15,4796.04,442.71,UPI
ORD0003880,2025-02-23,CUST00424,Ishaan Sharma,PROD0074,Staple Item 74,Grocery,Staples,East,Bihar,Gaya,-1415.15,6,0.15,1239.54,175.61,Debit Card
ORD0004269,2025-02-16,CUST00649,Rohan Das,PROD0020,Camera Item 20,Electronic,Cameras,North,Delhi,Dwarka,51226.98,1,0.05,31011.14,20215.84,UPI
ORD0003835,2025-02-01,CUST00330,Aditi Iyer,PROD0048,Women's Wear Item 48,Clothing,Women's Wear,East,Odisha,Bhubaneswar,11154.0,3,0.0,7356.03,3797.97,Credit Card
ORD0005342,2025-02-16,CUST00381,Kabir Singh,PROD0022,Chair Item 22,Furniture,Chairs,South,Tamil Nadu,Coimbatore,6938.63,1,0.0,4533.65,2404.98,Credit Card
ORD0005318,2025-02-24,CUST00441,Aditi Chatterjee,PROD0075,Staple Item 75,Grocery,Staples,East,Odisha,Bhubaneswar,1559.58,2,0.25,1271.94,783.91,Debit Card
ORD0004603,2025-02-09,CUST00208,Aarav Das,PROD0009,Television Item 9,Electronics,Televisions,East,Bihar,Gaya,39911.2,7,0.0,23326.03,16585.17,UPI
ORD0004350,2025-02-18,CUST00697,Pallavi Mehta,PROD0035,Sofa Item 35,Furniture,Sofas,South,Karnataka,Bengaluru,118566.3,6,0.0,71368.56,47197.74,Cash on Delivery
ORD0005151,2025-02-02,CUST00291,Aditi Chatterjee,PROD0029,Bookcase Item 29,Furniture,Bookcases,South,Telangana,Hyderabad,102696.26,5,0.25,93031.25,9665.01,UPI
ORD0004163,01 February 2025,CUST00395,Vikram Sharma,PROD0006,,Electronics,Laptops,North,Delhi,Rohini,73985.62,2,0.2,71135.1,2850.52,Credit Card
ORD0004801,2025-02-13,CUST00004,Aditi Mehta,PROD0094,Storage Item 94,OFFICE SUPPLIES,Storage,East,Bihar,Patna,27669.24,6,0.0,20493.18,7176.06,Net Banking
ORD0005507,26 February 2025,CUST00798,Tanvi Patel,PROD0099,Appliance Item 99,Office Supplies,Appliances,North,Delhi,Rohini,1321.69,1,0.05,1049.02,272.67,Credit Card
ORD0005921,2025-02-28,CUST00826,Kabir Sharma,PROD0093,Storage Item 93,Office Supplies,Storage,West,Maharashtra,Pune,26421.34,6,0.25,25936.86,484.48,Cash on Delivery
ORD0003740,27 February 2025,CUST00677,,PROD0034,Sofa Item 34,Furniture,Sofas,West,Rajasthan,Jaipur,66799.26,2,0.0,39471.3,27327.96,Debit Card
ORD0003893,2025-02-27,CUST00298,Ananya Joshi,PROD0086,Binder Item 86,Office Supplies,Binders,North,Delhi,Rohini,11842.04,3,0.25,11092.95,749.09,UPI
ORD0006135,2025-02-25,CUST00036,Shreya Gupta,PROD0009,Television Item 9,Electronics,Televisions,North,Punjab,Ludhiana,22806.4,5,0.2,16661.45,6144.95,UPI
ORD0006746,2025-02-17,CUST00228,Pooja Singh,PROD0040,Storage Unit Item 40,FURNITURE,Storage Units,North,Punjab,Amritsar,42728.62,3,0.25,34001.16,8727.46,UPI
ORD0004252,2025-02-20,CUST00382,Rajesh Rao,PROD0054,Footwear Item 54,Clothing,Footwear,East,Odisha,Cuttack,22265.1,6,0.0,14022.3,8242.8,Net Banking
ORD0004773,2025-02-09,CUST00180,Aditi Mehta,PROD0060,Accessorie Item 60,Clothing,Accessories,East,Bihar,Gaya,1795.76,5,0.2,1486.9,308.86,Net Banking
ORD0003766,2025-02-27,CUST00791,Saanvi Gupta,PROD0038,Storage Unit Item 38, Furniture,Storage Units,East,Bihar,Gaya,70778.58,6,0.0,49688.82,21089.76,UPI
ORD0004764,02-25-2025,CUST00850,Arjun Malhotra,PROD0011,Television Item 11,Electronics,Televisions,West,Rajasthan,Jaipur,28692.84,4,0.0,21848.16,6844.68,Credit Card
ORD0004087,06-Feb-2025,CUST00660,Rahul Reddy,PROD0064,Beverage Item 64,Grocery,Beverages,North,Delhi,Dwarka,3646.94,4,0.2,2924.76,722.18,Debit Card
ORD0006685,2025-02-01,CUST00721,Shreya Singh,PROD0016,Headphone Item 16,Electronics,Headphones,East,Odisha,Bhubaneswar,84680.64,6,0.25,72578.46,12102.18,UPI
ORD0006716,2025-02-17,CUST00719,Neha Das,PROD0098,Appliance Item 98,Office Supplies,Appliances,East,Odisha,Bhubaneswar,17785.85,5,0.0,11605.2,6180.65,Debit Card
ORD0005836,2025-02-08,CUST00321,Aryan Rao,PROD0096,Storage Item 96,Office Supplies,Storage,East,Bihar,Patna,7586.7,5,0.0,5395.7,2191.0,Debit Card
ORD0006633,2025-02-07,CUST00527,Sanya Malhotra,PROD0062,Beverage Item 62,Grocery,Beverages,East,Bihar,Patna,8334.06,7,0.0,5690.93,2643.13,Debit Card
ORD0005018,2025-02-17,CUST00647,Rahul Sharma,PROD0069,Dairy Item 69,Grocery,Dairy,West,Maharashtra,Pune,399.35,1,0.1,289.32,110.03,Net Banking
ORD0005795,2025-02-28,CUST00217,Nikhil Patel,PROD0002,Mobile Phone Item 2,Electronics,Mobile Phones,East,West Bengal,Howrah,16570.52,4,0.0,11108.44,5462.08,Credit Card
ORD0004060,2025-02-03,CUST00862,Riya Mehta,PROD0081,Paper Item 81,Office Supplies,Paper,East,West Bengal,Kolkata,17166.72,3,0.0,12059.88,5106.84,UPI
ORD0005438,2025-02-26,CUST00212,Manish Kumar,PROD0015,Headphone Item 15,Electronics,Headphones,East,Odisha,Cuttack,101680.39,3,0.05,78538.2,23142.19,Credit Card
ORD0006188,2025-02-15,CUST00283,Amit Gupta,PROD0081,Paper Item 81,Office Supplies,Paper,West,Gujarat,Ahmedabad,8583.36,2,0.25,8039.92,543.44,Credit Card
ORD0003811,2025-02-14,CUST00221,Pallavi Iyer,PROD0099,Appliance Item 99,Office Supplies,Appliances,East,West Bengal,Kolkata,7095.38,6,0.15,6294.12,1703.79,Debit Card
ORD0006374,2025-02-09,CUST00466,Vikram Mehta,PROD0038,Storage Unit Item 38,Furniture,Storage Units,South,Telangana,Warangal,50134.83,5,0.15,41407.35,8727.48,Debit Card
ORD0006208,2025-02-25,CUST00102,Priya Mehta,PROD0082,Paper Item 82,Office Supplies,Paper,East,Bihar,Patna,4815.39,4,0.25,4535.24,280.15,UPI
ORD0005339,2025-02-14,CUST00503,Diya Rao,PROD0014,Headphone Item 14,Electronics,Headphones,East,West Bengal,Howrah,40793.44,5,0.25,41499.6,-706.16,Net Banking
ORD0006421,2025-02-26,CUST00615,Ishaan Iyer,PROD0056,Footwear Item 56,Clothing,Footwear,South,Telangana,Warangal,10967.28,5,0.2,9595.35,1371.93,UPI
ORD0004157,2025-02-14,CUST00314,Arjun Nair,PROD0064,Beverage Item 64,Grocery,Beverages,East,West Bengal,Howrah,6838.02,6,0.0,4387.14,2450.88,UPI
ORD0004079,2025-02-02,CUST00192,Rajesh Gupta,PROD0001,Mobile Phone Item 1,Electronics,Mobile Phones,West,Maharashtra,Pune,86707.11,3,0.0,53312.73,33394.38,Debit Card
ORD0005038,2025-02-04,CUST00316,Manish Nair,PROD0069,,GROCERY,Dairy,West,Maharashtra,Nagpur,2218.6,5,0.0,1446.6,772.0,Credit Card
ORD0006625,2025-02-25,CUST00196,Manish Patel,PROD0032,Bookcase Item 32,Furniture,Bookcases,East,Odisha,Cuttack,25203.6,5,0.05,15425.0,9778.6,Credit Card
ORD0005900,2025-02-08,CUST00009,Sanya Patel,PROD0046,Women's Wear Item 46,Clothing,Women's Wear,South,Telangana,Hyderabad,18228.14,7,0.0,13447.07,4781.07,Credit Card
ORD0005763,2025-02-07,CUST00027,Arjun Khan,PROD0011,Television Item 11,Electronics,Televisions,West,Maharashtra,Mumbai,35866.05,5,0.0,27310.2,8555.85,UPI
ORD0004126,2025-02-07,CUST00255,Saanvi Gupta,PROD0008,Laptop Item 8,Electronics,Laptops,West,Maharashtra,Pune,150369.55,3,0.15,139445.61,10923.94,Credit Card
ORD0005612,2025-02-01,CUST00551,Priya Khan,PROD0087,Binder Item 87,Office Supplies,Binders,East,West Bengal,Kolkata,2719.26,1,0.0,2131.86,587.4,Debit Card
ORD0005582,2025-02-17,CUST00366,Tanvi Reddy,PROD0068,Snack Item 68,Grocery,Snacks,North,Delhi,Dwarka,2022.36,4,0.05,1515.2,507.16,Credit Card
ORD0005901,02-27-2025,CUST00636,Kavya Verma,PROD0036,Sofa Item 36,Furniture,Sofas,West,Rajasthan,Jaipur,24120.22,3,0.15,15820.41,8299.81,Credit Card
ORD0005105,2025-02-19,CUST00092,Priya Mehta,PROD0019,Camera Item 19,Electronics,Cameras,East,West Bengal,Howrah,unknown,3,0.0,98477.04,71263.02,UPI
ORD0004776,2025-02-09,CUST00193,Aarav Verma,PROD0013,Headphone Item 13,Electronics,Headphones,West,Gujarat,Surat,40214.56,4,0.1,27404.6,12809.96,Debit Card
ORD0004496,2025-02-16,CUST00313,Karan Gupta,PROD0032,Bookcase Item 32,Furniture,Bookcases,North,Delhi,Rohini,10612.04,2,0.0,6170.0,11048.28,Debit Card
ORD0005053,17/02/2025,CUST00717,Kabir Singh,PROD0070,Dairy Item 70,Grocery,Dairy,North,Delhi,Rohini,1000.91,2,0.1,646.64,354.27,UPI
ORD0005618,2025-02-09,CUST00028,Priya Sharma,PROD0010,Television Item 10,Electronics,Televisions,West,Maharashtra,Nagpur,49243.79,3,0.15,39871.5,9372.29,Net Banking
ORD0004574,2025-02-25,CUST00286,Rajesh Reddy,PROD0046,Women's Wear Item 46,Clothing,Women's Wear,South,Telangana,Hyderabad,2083.22,1,0.2,1921.01,162.21,Debit Card
ORD0006182,2025-02-08,CUST00611,Riya Singh,PROD0011,Television Item 11,Electronics,Televisions,West,Rajasthan,Udaipur,50212.47,7,0.0,38234.28,11978.19,Credit Card
ORD0006777,2025-02-16,CUST00541,Sneha Malhotra,PROD0059,Accessorie Item 59,Clothing,Accessories,South,Tamil Nadu,Coimbatore,16011.01,6,0.05,12834.12,3176.89,Debit Card
ORD0003787,2025-02-20,CUST00571,Amit Nair,PROD0087,Binder Item 87,Office Supplies,Binders,North,Haryana,Faridabad,9245.48,4,0.15,8527.44,718.04,Cash on Delivery
ORD0006011,2025-02-07,CUST00190,Kavya Iyer,PROD0083,Paper Item 83,Office Supplies,Paper,North,Haryana,Faridabad,5972.7,3,0.0,4742.52,1230.18,Net Banking
ORD0004808,2025-02-14,CUST00732,Vivaan Sharma,PROD0013,Headphone Item 13,electronics,Headphones,East,West Bengal,Kolkata,53619.41,6,0.2,41106.9,12512.51,UPI
ORD0005575,02-26-2025,CUST00697,Pallavi Mehta,PROD0022,Chair Item 22,Furniture,Chairs,North,Haryana,Gurugram,24979.07,4,0.1,18134.6,6844.47,UPI
ORD0005139,2025-02-05,CUST00850,Arjun Malhotra,PROD0095,Storage Item 95,Office Supplies,Storage,West,Maharashtra,Pune,11155.24,4,0.05,7798.24,3357.0,UPI
ORD0006216,2025-02-05,CUST00720,Ananya Malhotra,PROD0017,Camera Item 17,Electronics,Cameras,North,Delhi,New Delhi,113328.09,5,0.1,93181.35,20146.74,Credit Card
ORD0005884,04/02/2025,CUST00670,Shreya Reddy,PROD0024,Chair Item 24,Furniture,Chairs,East,Bihar,Patna,25090.39,1,0.0,19139.79,5950.6,Debit Card
ORD0005108,2025-02-24,CUST00413,Karan Verma,PROD0095,Storage Item 95,Office Supplies,Storage,North,Haryana,Faridabad,16439.3,7,0.2,13646.92,2792.38,UPI
ORD0004659,09/02/2025,CUST00383,Arjun Joshi,PROD0070,Dairy Item 70,Grocery,Dairy,East,Bihar,Patna,417.04,1,0.25,323.32,93.72,UPI
ORD0004825,2025-02-25,CUST00019,Divya Chatterjee,PROD0069,Dairy Item 69,Grocery,Dairy,South,Telangana,Hyderabad,1996.74,5,0.1,1446.6,550.14,UPI
ORD0006541,24-Feb-2025,CUST00002,Riya Khan,PROD0037,Storage Unit Item 37,Furniture,Storage Units,West,Rajasthan,Jaipur,10953.45,3,0.25,11380.08,-426.63,Debit Card
ORD0005941,2025-02-21,CUST00473,Diya Verma,PROD0001,,Electronics,Mobile Phones,South,Tamil Nadu,Coimbatore,65030.33,3,0.25,53312.73,11717.6,UPI
ORD0004680,2025-02-06,CUST00774,Aryan Chatterjee,PROD0059,Accessorie Item 59,Clothing,Accessories,South,Karnataka,Mysuru,13482.96,6,0.2,12834.12,648.84,UPI
ORD0004624,2025-02-16,CUST00205,Rajesh Sharma,PROD0053,Footwear Item 53,Apparel,Footwear,East,West Bengal,Kolkata,16628.54,7,0.1,11976.86,4651.68,UPI
ORD0006697,2025-02-18,CUST00271,Tanvi Sharma,PROD0072,Dairy Item 72,Grocery,Dairy,East,West Bengal,Kolkata,683.27,1,0.15,575.34,107.93,Debit Card
ORD0004469,02-22-2025,CUST00895,Priya Joshi,PROD0036,Sofa Item 36,Furniture,Sofas,North,Punjab,Amritsar,56753.46,6,0.0,31640.82,25112.64,UPI
ORD0005904,2025-02-12,CUST00370,Manish Rao,PROD0073,Staple Item 73,Grocery,Staples,East,West Bengal,Kolkata,363.65,-5,0.0,229.7,133.95,UPI
ORD0005628,2025-02-01,CUST00172,Karan Singh,PROD0028,Table Item 28,Furniture,Tables,West,Gujarat,Ahmedabad,28006.35,1,0.15,25436.27,2570.08,Net Banking
ORD0005081,2025-02-24,CUST00234,Ishaan Kumar,PROD0077,Personal Care Item 77,Grocery,Personal Care,West,Rajasthan,Udaipur,0,7,0.05,1499.68,937.08,Net Banking
ORD0006566,2025-02-17,CUST00181,Divya Rao,PROD0025,Table Item 25,Furniture,Tables,East,West Bengal,Howrah,110557.69,4,0.1,77983.76,32573.93,UPI
ORD0006142,2025-02-14,CUST00470,Rahul Singh,PROD0007,Laptop Item 7,Electronics,Laptops,West,Rajasthan,Jaipur,154601.24,3,0.05,129562.71,25038.53,Net Banking
ORD0004305,12-Feb-2025,CUST00685,Rajesh Das,PROD0064,Beverage Item 64,Grocery,Beverages,East,Odisha,Cuttack,6838.02,6,0.0,4387.14,2450.88,Credit Card
ORD0005643,2025-02-08,CUST00324,,PROD0076,Staple Item 76,Grocery,Staples,West,Maharashtra,Nagpur,818.03,1,0.0,476.37,341.66,UPI
ORD0003763,2025-02-13,CUST00700,Aarav Iyer,PROD0045,Women's Wear Item 45,Clothing,Women's Wear,South,Telangana,Warangal,4465.64,3,0.05,3519.0,946.64,Credit Card
ORD0005236,20/02/2025,CUST00767,Sneha Gupta,PROD0003,Mobile Phone Item 3,Electronics,Mobile Phones,North,Punjab,Amritsar,230483.76,5,0.2,205456.05,25027.71,UPI
ORD0006430,2025-02-17,CUST00255,Saanvi Gupta,PROD0038,Storage Unit Item 38,Furniture,Storage Units,North,Haryana,Faridabad,23592.86,2,0.0,16562.94,7029.92,UPI
ORD0006726,2025-02-06,CUST00841,Rajesh Sharma,PROD0043,Men's Wear Item 43,Clothing,Men's Wear,East,Odisha,Cuttack,4328.25,5,0.0,3376.75,951.5,Debit Card
ORD0005350,2025-02-10,CUST00634,Vivaan Nair,PROD0010,Television Item 10,Electronics,Televisions,South,Karnataka,Bengaluru,38622.58,2,0.0,26581.0,12041.58,UPI
ORD0005417,2025-02-11,CUST00768,Nikhil Sharma,PROD0030,Bookcase Item 30,Furniture,Bookcases,West,Gujarat,Surat,59767.89,4,0.15,47985.64,11782.25,Debit Card
ORD0006635,2025-02-05,CUST00419,Nikhil Gupta,PROD0055,Footwear Item 55,Clothing,Footwear,North,Delhi,Rohini,17771.88,7,0.15,13909.63,3862.25,UPI
ORD0006268,2025-02-21,CUST00609,Sanya Mehta,PROD0056,Footwear Item 56,Clothing,Footwear,East,West Bengal,Kolkata,17273.47,7,0.1,13433.49,3839.98,Debit Card
ORD0005514,2025-02-01,CUST00443,Nikhil Mehta,PROD0019,Camera Item 19,Electronics,Cameras,South,Karnataka,Mysuru,96186.03,2,0.15,65651.36,60400.73,Debit Card
ORD0004438,2025-02-24,CUST00684,Ananya Khan,PROD0039,Storage Unit Item 39,Furniture,Storage Units,East,Bihar,Gaya,12527.61,1,0.25,10859.15,1668.46,UPI
ORD0004949,2025-02-19,CUST00298,Ananya Joshi,PROD0002,Mobile Phone Item 2,Electronics,Mobile Phones,West,Rajasthan,Udaipur,6628.21,2,0.2,5554.22,1073.99,UPI
ORD0006132,2025-02-05,CUST00858,Riya Rao,PROD0003,Mobile Phone Item 3,Electronics,Mobile Phones,South,Tamil Nadu,Chennai,311153.08,6,0.1,246547.26,64605.82,UPI
ORD0004027,20-Feb-2025,CUST00609,Sanya Mehta,PROD0022,Chair Item 22,Furniture,Chairs,South,Telangana,Warangal,0,4,0.25,18134.6,2681.29,UPI
ORD0005703,2025-02-21,CUST00753,Pooja Gupta,PROD0024,Chair Item 24,Furniture,Chairs,South,Telangana,Warangal,75271.17,3,0.0,57419.37,17851.8,Debit Card
ORD0003966,2025-02-21,CUST00488,Ishaan Gupta,PROD0022,Chair Item 22,furniture,Chairs,North,Delhi,Rohini,20815.89,3,0.0,13600.95,7214.94,Credit Card
ORD0006583,2025-02-01,CUST00825,Pallavi Chatterjee,PROD0080,Personal Care Item 80,Grocery,Personal Care,East,Odisha,Cuttack,3030.26,5,0.1,2442.2,588.06,Cash on Delivery
ORD0006126,2025-02-15,CUST00638,Manish Mehta,PROD0097,Appliance Item 97,Office Supplies,Appliances,East,Bihar,Gaya,8131.46,5,0.1,5551.55,2579.91,Cash on Delivery
ORD0004965,2025-02-13,CUST00616,Nikhil Mehta,PROD0069,Dairy Item 69,Grocery,Dairy,East,West Bengal,Kolkata,2218.6,5,0.0,1446.6,772.0,Credit Card
ORD0006345,2025-02-01,CUST00415,Divya Sharma,PROD0053,Footwear Item 53,Clothing,Footwear,North,Delhi,New Delhi,12537.39,5,0.05,8554.9,3982.49,Credit Card
ORD0004378,12 February 2025,CUST00262,Kabir Chatterjee,PROD0025,Table Item 25,Furniture,Tables,South,Karnataka,Mysuru,52207.8,2,0.15,38991.88,13215.92,Credit Card
ORD0004908,2025-02-17,CUST00898,Priya Gupta,PROD0068,Snack Item 68,Grocery,Snacks,North,Delhi,New Delhi,798.3,2,0.25,757.6,40.7,Credit Card
ORD0005760,2025-02-24,CUST00466,Vikram Mehta,PROD0026,Table Item 26,Furniture,Tables,South,Karnataka,Mysuru,56865.24,3,0.0,34807.29,22057.95,UPI
ORD0004414,05/02/2025,CUST00093,Priya Khan,PROD0017,Camera Item 17,electronics,Cameras,West,Gujarat,Surat,50368.04,2,0.0,37272.54,13095.5,UPI
ORD0004340,2025-02-01,CUST00196,Manish Patel,PROD0076,Staple Item 76,Grocery,Staples,East,West Bengal,Kolkata,3681.14,5,0.1,2381.85,1299.29,Debit Card
ORD0005487,2025-02-04,CUST00877,Karan Reddy,PROD0024,Chair Item 24,Furniture,Chairs,North,Delhi,Rohini,95343.48,4,0.05,76559.16,18784.32,UPI
ORD0004368,2025-02-17,CUST00625,Ananya Malhotra,PROD0046,Women's Wear Item 46,Clothing,Women's Wear,East,Odisha,Cuttack,11067.08,5,,9605.05,1462.03,Debit Card
ORD0004709,2025-02-06,CUST00435,Rahul Sharma,PROD0083,Paper Item 83,Office Supplies,Paper,South,Tamil Nadu,Coimbatore,7465.88,5,0.25,7904.2,-1237.89,Cash on Delivery
ORD0006694,2025-02-16,CUST00059,Vivaan Patel,PROD0066,Snack Item 66,Grocery,Snacks,West,Maharashtra,Nagpur,4872.63,7,0.0,3556.77,3232.63,UPI
ORD0004610,2025-02-09,CUST00567,Shreya Joshi,PROD0076,Staple Item 76,Grocery,Staples,South,Tamil Nadu,Coimbatore,1308.85,2,0.2,952.74,356.11,Credit Card
ORD0004745,2025-02-20,CUST00187,Neha Nair,PROD0056,Footwear Item 56,Clothing,Footwear,North,Haryana,Gurugram,2330.55,1,0.15,1919.07,411.48,UPI
ORD0005725,2025-02-22,CUST00389,Neha Verma,PROD0083,Paper Item 83,Office Supplies,Paper,North,Delhi,New Delhi,8959.05,5,0.1,7904.2,1054.85,UPI
ORD0004092,06 February 2025,CUST00148,Vikram Singh,PROD0086,Binder Item 86,Office Supplies,Binders,West,Rajasthan,Jaipur,31578.78,6,0.0,22185.9,9392.88,Credit Card
ORD0003938,02-08-2025,CUST00551,Priya Khan,PROD0054,Footwear Item 54,Clothing,Footwear,East,Odisha,Bhubaneswar,6679.53,2,0.1,4674.1,2005.43,UPI
ORD0005239,13-Feb-2025,CUST00455,Kavya Verma,PROD0047,Women's Wear Item 47,Clothing,Women's Wear,West,Gujarat,Surat,6149.25,2,0.05,3903.08,2246.17,Debit Card
ORD0005058,2025-02-05,CUST00598,Sanya Das,PROD0090,Art Supplie Item 90,office supplies,Art Supplies,West,Gujarat,Surat,12255.97,4,0.2,9705.64,2550.33,Net Banking
ORD0004482,2025-02-18,CUST00295,Divya Chatterjee,PROD0022,Chair Item 22,Furniture,Chairs,East,Bihar,Patna,39550.19,6,0.05,27201.9,12348.29,UPI
ORD0006255,2025-02-18,CUST00898,Priya Gupta,PROD0003,Mobile Phone Item 3,Electronics,Mobile Phones,West,Maharashtra,Mumbai,342844.59,7,0.15,287638.47,55206.12,Net Banking
ORD0005581,2025-02-21,CUST00651,Manish Reddy,PROD0055,Footwear Item 55,Clothing,Footwear,West,Maharashtra,Mumbai,2986.87,1,0.0,1987.09,999.78,UPI
ORD0005130,2025-02-23,CUST00105,Rohan Joshi,PROD0053,Footwear Item 53,Clothing,Footwear,West,Maharashtra,Pune,10557.8,4,0.0,6843.92,3713.88,UPI
ORD0004861,2025-02-05,CUST00513,Nikhil Sharma,PROD0065,Snack Item 65,Grocery,Snacks,North,Haryana,Faridabad,3821.98,5,0.15,2926.2,895.78,Net Banking
ORD0005953,2025-02-15,CUST00078,Rahul Das,PROD0027,Table Item 27,Furniture,Tables,South,Tamil Nadu,Chennai,45860.2,5,0.0,27071.9,18788.3,Debit Card
ORD0005367,2025-02-07,CUST00363,Shreya Verma,PROD0003,Mobile Phone Item 3,Electronics,Mobile Phones,West,Gujarat,Ahmedabad,51858.85,1,0.1,41091.21,10767.64,UPI
ORD0005710,2025-02-16,CUST00263,Ananya Iyer,PROD0044,Men's Wear Item 44,Clothing,Men's Wear,East,Odisha,Bhubaneswar,3126.26,2,0.0,1758.6,1367.66,Debit Card
ORD0004533,2025-02-11,CUST00374,Sanya Nair,PROD0031,Bookcase Item 31,Furniture,Bookcases,West,Maharashtra,Mumbai,71814.86,5,0.25,63066.95,8747.91,Cash on Delivery
ORD0004162,2025-02-02,CUST00861,Aditi Mehta,PROD0057,Accessorie Item 57,Clothing,Accessories,North,Delhi,New Delhi,10246.5,5,0.0,8069.3,2177.2,UPI
ORD0004247,2025-02-27,CUST00308,Aryan Das,PROD0047,Women's Wear Item 47,Apparel,Women's Wear,West,Rajasthan,Jaipur,6472.9,2,0.0,3903.08,2569.82,Debit Card
ORD0004737,13/02/2025,CUST00007,Manish Joshi,PROD0017,Camera Item 17,Electronics,Cameras,East,Odisha,Bhubaneswar,50368.04,2,0.0,37272.54,13095.5,Credit Card
ORD0004930,25/02/2025,CUST00341,Tanvi Patel,PROD0051,Kids Wear Item 51,Clothing,Kids Wear,West,Maharashtra,Pune,397.22,1,0.25,351.97,45.25,Cash on Delivery
ORD0005214,2025-02-21,CUST00305,Pallavi Chatterjee,PROD0024,Chair Item 24,Furnitures,Chairs,West,Maharashtra,Pune,50180.78,2,0.0,38279.58,11901.2,Credit Card
ORD0004844,2025-02-22,CUST00448,Manish Kumar,PROD0098,Appliance Item 98,Office Supplies,Appliances,South,Karnataka,Bengaluru,14228.68,4,0.0,9284.16,4944.52,UPI
ORD0003704,2025-02-08,CUST00416,Rohan Gupta,PROD0096,Storage Item 96,Office Supplies,Storage,North,Delhi,Dwarka,3034.68,2,0.0,2158.28,876.4,UPI
ORD0006005,2025-02-23,CUST00302,Manish Patel,PROD0043,Men's Wear Item 43,Clothing,Men's Wear,East,Odisha,Cuttack,2770.08,4,0.2,2701.4,68.68,Debit Card
ORD0006407,2025-02-10,CUST00759,Priya Sharma,PROD0009,Television Item 9,Electronics,Televisions,West,Rajasthan,Jaipur,10262.88,2,0.1,6664.58,3598.3,UPI
ORD0005589,2025-02-27,CUST00152,Aarav Rao,PROD0005,Laptop Item 5,Electronics,Laptops,West,Rajasthan,Jaipur,32535.04,2,0.0,20291.9,12243.14,Credit Card
ORD0003842,18 February 2025,CUST00778,Rahul Patel,PROD0082,Paper Item 82,Office Supplies,Paper,South,Karnataka,Mysuru,8025.65,5,0.0,5669.05,2356.6,Debit Card
ORD0004765,2025-02-13,CUST00746,Saanvi Khan,PROD0098,Appliance Item 98,Office Supplies,Appliances,South,Karnataka,Bengaluru,6402.91,2,0.1,4642.08,1760.83,Cash on Delivery
ORD0005303,2025-02-07,CUST00657,Shreya Chatterjee,PROD0046,Women's Wear Item 46,Clothing,Women's Wear,North,Punjab,Amritsar,15624.12,6,0.0,11526.06,4098.06,Credit Card
ORD0004565,2025-02-17,CUST00464,Vikram Iyer,PROD0051,Kids Wear Item 51,Clothing,Kids Wear,West,Maharashtra,Nagpur,2383.34,5,0.1,1759.85,623.49,Credit Card
ORD0004268,2025-02-28,CUST00748,Neha Reddy,PROD0057,Accessorie Item 57,Clothing,Accessories,North,Delhi,New Delhi,9734.17,5,0.05,8069.3,1664.87,UPI
ORD0006403,2025-02-14,CUST00283,Amit Gupta,PROD0029,Bookcase Item 29,Furniture,Bookcases,South,Telangana,Hyderabad,23277.82,1,0.15,18606.25,4671.57,UPI
ORD0006071,2025-02-14,CUST00320,Shreya Malhotra,PROD0017,Camera Item 17,Electronics,Cameras,West,Gujarat,Ahmedabad,64219.25,3,0.15,55908.81,8310.44,Debit Card
ORD0004606,2025-02-26,CUST00707,Rohan Joshi,PROD0077,Personal Care Item 77,Grocery,Personal Care,East,Odisha,Cuttack,1648.94,5,0.1,1071.2,577.74,Cash on Delivery
ORD0004116,2025-02-01,CUST00492,Vikram Das,PROD0046,Women's Wear Item 46,Clothing,Women's Wear,West,Rajasthan,Jaipur,6249.65,3,0.2,5763.03,486.62,Credit Card
ORD0005223,2025-02-02,CUST00250,Sneha Reddy,PROD0100,Appliance Item 100,Office Supplies,Appliances,North,Punjab,Ludhiana,4918.49,1,0.05,3064.61,1853.88,UPI
ORD0005822,2025-02-11,CUST00896,Pooja Rao,PROD0009,Television Item 9,Electronics,Televisions,South,Telangana,Hyderabad,28508.0,5,0.0,16661.45,11846.55,Cash on Delivery
ORD0004733,2025-02-12,CUST00252,Rajesh Chatterjee,PROD0049,Kids Wear Item 49,Clothing,Kids Wear,East,Bihar,Patna,15986.1,6,0.0,8801.58,7184.52,Credit Card
ORD0004863,2025-02-02,CUST00362,Divya Verma,PROD0082,Paper Item 82,Office Supplies,Paper,West,Rajasthan,Udaipur,8186.16,6,0.15,6802.86,2674.99,Net Banking
ORD0005502,2025-02-25,CUST00079,Diya Singh,PROD0097,Appliance Item 97,office supplies,Appliances,North,Haryana,Faridabad,7227.96,4,0.0,4441.24,2786.72,UPI
ORD0003970,2025-02-04,CUST00603,Riya Rao,PROD0011,Television Item 11,Electronics,Televisions,East,Odisha,Cuttack,21519.63,3,0.0,16386.12,5133.51,UPI
ORD0006439,15/02/2025,CUST00404,Vikram Verma,PROD0044,Men's Wear Item 44,Clothing,Men's Wear,West,Maharashtra,Mumbai,3985.98,3,0.15,2637.9,1348.08,UPI
ORD0004133,2025-02-06,CUST00850,Arjun Malhotra,PROD0002,Mobile Phone Item 2,Electronics,Mobile Phones,South,Telangana,Hyderabad,11806.5,3,0.05,8331.33,3475.17,Credit Card
ORD0006703,02/02/2025,CUST00730,Rohan Singh,PROD0042,Men's Wear Item 42,Clothing,Men's Wear,South,Tamil Nadu,Coimbatore,18263.82,6,0.0,12185.46,6078.36,UPI
ORD0004508,02-21-2025,CUST00898,Priya Gupta,PROD0086,Binder Item 86,Office Supplies,Binders,North,Punjab,Amritsar,31578.78,6,0.0,22185.9,9392.88,Cash on Delivery
ORD0006604,2025-02-04,CUST00365,Priya Das,PROD0071,Dairy Item 71,Grocery,Dairy,North,Delhi,New Delhi,132.16,1,0.15,111.46,46.27,UPI
ORD0006311,02-17-2025,CUST00182,Meera Rao,PROD0043,Men's Wear Item 43,Clothing,Men's Wear,East,West Bengal,Kolkata,4847.64,7,0.2,4727.45,120.19,UPI
ORD0003895,2025-02-03,CUST00009,Sanya Patel,PROD0040,Storage Unit Item 40,Furniture,Storage Units,East,Odisha,Cuttack,56971.5,3,0.0,34001.16,22970.34,Debit Card
ORD0006553,2025-02-24,CUST00610,Nikhil Khan,PROD0064,Beverage Item 64,Grocery,Beverages,West,Maharashtra,Nagpur,1937.44,2,0.15,1462.38,475.06,UPI
ORD0004889,02-06-2025,CUST00145,Vikram Khan,PROD0086,Binder Item 86,office supplies,Binders,South,Karnataka,Bengaluru,21052.52,5,0.2,18488.25,2564.27,UPI
ORD0004486,2025-02-21,CUST00206,Kabir Gupta,PROD0041,Men's Wear Item 41,Clothing,Men's Wear,West,Gujarat,Surat,15831.32,5,0.2,14932.45,898.87,UPI
ORD0004343,2025-02-19,CUST00158,Rohan Das,PROD0037,Storage Unit Item 37,Furniture,Storage Units,South,Karnataka,Bengaluru,7302.3,2,0.25,7586.72,-284.42,UPI
ORD0004203,2025-02-01,CUST00477,Karan Reddy,PROD0082,Paper Item 82,OFFICE SUPPLIES,Paper,West,Gujarat,Ahmedabad,9630.78,6,0.0,6802.86,2827.92,UPI
ORD0004963,2025-02-12,CUST00208,Aarav Das,PROD0036,Sofa Item 36,Furniture,Sofas,South,Telangana,Warangal,14188.36,2,0.25,10546.94,3641.42,Net Banking
ORD0005414,02/02/2025,CUST00095,Rohan Iyer,PROD0070,Dairy Item 70,GROCERY,Dairy,East,Odisha,Bhubaneswar,528.26,1,0.05,323.32,204.94,Credit Card
ORD0005002,2025-02-03,CUST00236,Manish Joshi,PROD0073,Staple Item 73,Grocery ,Staples,West,Maharashtra,Pune,218.19,-4,0.25,183.76,34.43,UPI
ORD0005632,2025-02-13,CUST00608,Aditi Verma,PROD0100,Appliance Item 100,Office Supplies,Appliances,West,Maharashtra,Pune,15532.08,3,0.0,9193.83,6338.25,Credit Card
ORD0003864,2025-02-17,CUST00515,Vikram Nair,PROD0079,Personal Care Item 79,Grocery,Personal Care,North,Haryana,Faridabad,2961.58,3,0.1,1976.46,985.12,UPI
ORD0004568,24/02/2025,CUST00589,Ananya Gupta,PROD0063,Beverage Item 63,Grocery,Beverages,North,Haryana,Faridabad,3236.0,4,0.0,2024.52,1211.48,UPI
ORD0003865,2025-02-06,CUST00742,Saanvi Verma,PROD0055,Footwear Item 55,Cloths,Footwear,South,Telangana,Hyderabad,19862.69,7,0.05,13909.63,5953.06,Cash on Delivery
ORD0004337,2025-02-11,CUST00849,Priya Patel,PROD0041,Men's Wear Item 41,Clothing,Men's Wear,East,Bihar,Patna,27704.81,7,0.0,20905.43,6799.38,Credit Card
ORD0006127,2025-02-20,CUST00270,Vikram Sharma,PROD0003,Mobile Phone Item 3,electronics,Mobile Phones,West,Maharashtra,Pune,218959.57,4,0.05,164364.84,54594.73,Credit Card
ORD0006057,2025-02-11,CUST00660,Rahul Reddy,PROD0099,Appliance Item 99,Office Supplies,Appliances,South,Tamil Nadu,Coimbatore,9738.75,7,0.0,7343.14,2395.61,Credit Card
ORD0005510,2025-02-27,CUST00828,Ishaan Gupta,PROD0037,Storage Unit Item 37,Furniture,Storage Units,North,Haryana,Gurugram,34077.4,7,0.0,26553.52,7523.88,Cash on Delivery
ORD0004096,2025-02-02,CUST00335,Sneha Patel,PROD0030,Bookcase Item 30,Furniture,Bookcases,North,Haryana,Faridabad,105472.74,6,0.0,71978.46,33494.28,Net Banking
ORD0005254,2025-02-05,CUST00394,Aarav Das,PROD0056,Footwear Item 56,Clothing,Footwear,East,West Bengal,Kolkata,2604.73,N/A,0.05,1919.07,685.66,UPI
ORD0006461,2025-02-07,CUST00617,Pallavi Mehta,PROD0058,Accessorie Item 58,Apparel,Accessories,East,West Bengal,Kolkata,6272.16,4,0.0,3727.6,2544.56,Credit Card
ORD0004475,2025-02-02,CUST00599,Tanvi Malhotra,PROD0076,Staple Item 76,Grocery,Staples,South,Tamil Nadu,Chennai,736.23,1,0.1,476.37,259.86,Debit Card
ORD0003717,2025-02-17,CUST00472,Sneha Khan,PROD0035,Sofa Item 35,Furniture,Sofas,North,Punjab,Ludhiana,44462.36,3,0.25,35684.28,8778.08,UPI
ORD0005308,2025-02-16,CUST00343,Kabir Joshi,PROD0085,Binder Item 85,Office Supplies,Binders,South,Karnataka,Mysuru,1125.94,5,0.05,770.4,355.54,UPI
ORD0006452,2025-02-09,CUST00143,Rahul Malhotra,PROD0072,Dairy Item 72,Grocery,Dairy,North,Delhi,New Delhi,3215.4,4,0.0,2301.36,914.04,Debit Card
ORD0003989,2025-02-05,CUST00336,Rajesh Kumar,PROD0032,Bookcase Item 32,Furniture,Bookcases,North,Haryana,Gurugram,121801.45,1,0.15,3085.0,1425.12,Debit Card
ORD0004865,2025-02-05,CUST00783,Vikram Khan,PROD0083,Paper Item 83,Office Supplies,Paper,West,Gujarat,Ahmedabad,7963.6,5,0.2,7904.2,59.4,UPI
ORD0006213,2025-02-08,CUST00898,Priya Gupta,PROD0072,Dairy Item 72,Grocery,Dairy,South,Karnataka,Mysuru,1808.66,3,0.25,1726.02,82.64,UPI
ORD0005740,07-Feb-2025,CUST00470,Rahul Singh,PROD0068,Snack Item 68,Grocery,Snacks,West,Rajasthan,Jaipur,1596.6,3,0.0,1136.4,460.2,UPI
ORD0004794,2025-02-24,CUST00347,Sneha Malhotra,PROD0039,Storage Unit Item 39,furniture,Storage Units,West,Rajasthan,Udaipur,42593.87,3,0.15,32577.45,10016.42,Credit Card
ORD0006719,2025-02-25,CUST00879,Arjun Kumar,PROD0082,Paper Item 82,Office Supplies,Paper,South,Telangana,Warangal,1284.1,1,0.2,1133.81,150.29,Debit Card
ORD0006289,2025-02-28,CUST00213,Neha Gupta,PROD0011,Television Item 11,Electronics,Televisions,East,West Bengal,Howrah,47701.85,7,0.05,38234.28,9467.57,UPI
ORD0003922,14/02/2025,CUST00657,Shreya Chatterjee,PROD0055,Footwear Item 55,Clothing,Footwear,North,Haryana,Gurugram,19862.69,7,0.05,13909.63,5953.06,Credit Card
ORD0005592,2025-02-26,CUST00677,Priya Rao,PROD0067,Snack Item 67,Grocery,Snacks,East,Bihar,Gaya,1619.94,3,0.15,1480.38,139.56,UPI
ORD0006739,2025-02-24,CUST00545,Riya Patel,PROD0019,Camera Item 19,Electronics,Cameras,West,Maharashtra,Pune,50922.02,1,0.1,32825.68,18096.34,Credit Card
ORD0006588,2025-02-12,CUST00281,Vikram Sharma,PROD0019,Camera Item 19,Electronics,Cameras,North,Haryana,Faridabad,90528.03,2,0.2,65651.36,24876.67,UPI
ORD0003861,2025-02-11,CUST00291,Aditi Chatterjee,PROD0075,Staple Item 75,Grocery,Staples,East,Odisha,Cuttack,3119.16,3,0.0,1907.91,1211.25,UPI
ORD0003765,06/02/2025,CUST00546,Sanya Khan,PROD0063,Beverage Item 63,Grocery,Beverages,South,Tamil Nadu,Chennai,2912.4,4,0.1,2024.52,887.88,Debit Card
ORD0004880,2025-02-20,CUST00052,Nikhil Sharma,PROD0035,Sofa Item 35,Furniture,Sofas,East,Odisha,Cuttack,98805.25,5,0.0,59473.8,39331.45,Net Banking
ORD0004658,2025-02-01,CUST00633,Rohan Sharma,PROD0058,Accessorie Item 58,Clothing,Accessories,South,Tamil Nadu,Coimbatore,1568.04,1,0.0,931.9,636.14,Net Banking
ORD0004220,2025-02-02,CUST00799,Riya Mehta,PROD0071,Dairy Item 71,Grocery,Dairy,North,Punjab,Amritsar,777.4,5,0.0,557.3,220.1,UPI
ORD0006579,2025-02-27,CUST00287,Saanvi Sharma,PROD0023,Chair Item 23,Furniture,Chairs,South,Karnataka,Mysuru,97111.14,6,0.0,59365.5,37745.64,Debit Card
ORD0004334,2025-02-02,CUST00378,Vikram Khan,PROD0006,Laptop Item 6,Electronics,Laptops,South,Tamil Nadu,Chennai,275134.01,7,0.15,248972.85,26161.16,Credit Card
ORD0003869,2025-02-28,CUST00858,Riya Rao,PROD0010,Television Item 10,Electronics,Televisions,East,West Bengal,Howrah,72417.34,5,0.25,66452.5,5964.84,Net Banking
ORD0005749,2025-02-01,CUST00723,Ishaan Sharma,PROD0043,Men's Wear Item 43,Clothing,Men's Wear,East,West Bengal,Howrah,5193.9,6,0.0,4052.1,1141.8,UPI
ORD0004418,2025-02-28,CUST00550,Vivaan Reddy,PROD0029,Bookcase Item 29, Furniture,Bookcases,North,Haryana,Gurugram,123235.51,6,0.25,111637.5,11598.01,Credit Card
ORD0006296,2025-02-25,CUST00516,Priya Patel,PROD0012,Television Item 12,Electronics,Televisions,North,Punjab,Amritsar,37580.24,1,0.0,25764.68,11815.56,Debit Card
ORD0005214,21 February 2025,CUST00305,Pallavi Chatterjee,PROD0024,Chair Item 24,Furniture,Chairs,West,Maharashtra,Pune,50180.78,2,0.0,38279.58,11901.2,Credit Card
ORD0003993,2025-02-18,CUST00850,Arjun Malhotra,PROD0095,Storage Item 95,office supplies,Storage,East,Bihar,Gaya,6605.08,3,0.25,5848.68,756.4,Net Banking
ORD0006525,2025-02-23,CUST00504,Divya Singh,PROD0013,Headphone Item 13,Electronics,Headphones,East,West Bengal,Kolkata,18990.21,2,0.15,13702.3,5287.91,UPI
ORD0004421,2025-02-27,CUST00062,Riya Khan,PROD0043,Men's Wear Item 43,Clothing,Men's Wear,South,Telangana,Hyderabad,1731.3,2,0.0,1350.7,380.6,Credit Card
ORD0003843,2025-02-26,CUST00640,Aarav Chatterjee,PROD0008,Laptop Item 8,Electronics,Laptops,West,Gujarat,Ahmedabad,353810.7,6,0.0,278891.22,74919.48,Credit Card
ORD0006500,2025-02-04,CUST00553,Ananya Patel,PROD0058,Accessorie Item 58,Clothing,Accessories,North,Punjab,Amritsar,5331.34,4,0.15,3727.6,1603.74,UPI
ORD0005894,2025-02-27,CUST00457,Kavya Malhotra,PROD0051,Kids Wear Item 51,Clothing,Kids Wear,West,Rajasthan,Jaipur,3707.41,7,0.0,2463.79,1243.62,Net Banking
ORD0004128,14 February 2025,CUST00560,Tanvi Khan,PROD0059,Accessorie Item 59,Clothing,Accessories,West,Rajasthan,Jaipur,11235.8,4,0.0,8556.08,2679.72,Debit Card
ORD0005784,2025-02-14,CUST00110,Rahul Rao,PROD0062,Beverage Item 62,Grocery,Beverages,North,Delhi,Dwarka,5952.9,5,0.0,4064.95,1887.95,Credit Card
ORD0005776,2025-02-20,CUST00069,Karan Sharma,PROD0041,Men's Wear Item 41,Clothing,Men's Wear,South,Karnataka,Bengaluru,24934.33,7,0.1,20905.43,4028.9,UPI
ORD0004720,05 February 2025,CUST00140,Vivaan Verma,PROD0036,Sofa Item 36,Furniture,Sofas,North,Delhi,New Delhi,40200.37,5,0.15,26367.35,13833.02,Net Banking
ORD0003956,2025-02-02,CUST00900,Priya Singh,PROD0017,Camera Item 17,Electronics,Cameras,West,Maharashtra,Pune,135993.71,6,0.1,111817.62,24176.09,Net Banking
ORD0004788,2025-02-01,CUST00738,Pallavi Iyer,PROD0009,Television Item 9,Electronics,Televisions,North,Delhi,New Delhi,12828.6,3,0.25,9996.87,2831.73,Credit Card
ORD0003959,2025-02-14,CUST00635,Rajesh Sharma,PROD0065,Snack Item 65,Grocery,Snacks,South,Karnataka,Mysuru,5395.74,6,0.0,3511.44,1884.3,Credit Card
ORD0006274,2025-02-11,CUST00592,Aryan Khan,PROD0050,Kids Wear Item 50,Clothing,Kids Wear,North,Punjab,Ludhiana,23653.99,7,0.15,17259.76,6394.23,UPI
ORD0005805,2025-02-12,CUST00841,Rajesh Sharma,PROD0051,Kids Wear Item 51,Clothing,Kids Wear,West,Maharashtra,Pune,3707.41,7,0.0,2463.79,1243.62,Net Banking
ORD0006759,2025-02-16,CUST00627,Aditi Joshi,PROD0005,Laptop Item 5,Electronics,Laptops,North,Haryana,Faridabad,82964.35,6,0.15,60875.7,22088.65,Debit Card
ORD0004671,2025-02-03,CUST00229,Ishaan Das,PROD0025,Table Item 25,Furniture,Tables,West,Rajasthan,Jaipur,46065.7,2,0.25,38991.88,7073.82,Net Banking
ORD0004497,05-Feb-2025,CUST00762,Kabir Patel,PROD0036,Sofa Item 36,Furniture,Sofas,West,Gujarat,Surat,9458.91,1,0.0,5273.47,4185.44,Credit Card
ORD0005598,2025-02-09,CUST00776,Saanvi Chatterjee,PROD0084,Paper Item 84,Office Supplies,Paper,North,Delhi,New Delhi,9340.74,4,0.05,7092.64,2248.1,Credit Card
ORD0005729,2025-02-06,CUST00188,Amit Verma,PROD0064,Beverage Item 64,Grocery,Beverages,West,Rajasthan,Jaipur,4558.68,4,0.0,2924.76,1633.92,UPI
ORD0006442,2025-02-22,CUST00281,Vikram Sharma,PROD0067,Snack Item 67,Grocery,Snacks,South,Karnataka,Mysuru,3017.53,5,0.05,2467.3,550.23,UPI
ORD0003747,2025-02-06,CUST00708,Pooja Joshi,PROD0013,Headphone Item 13,Electronics,Headphones,South,Telangana,Warangal,10053.64,1,,6851.15,3202.49,Debit Card
ORD0004201,2025-02-02,CUST00450,Aditi Kumar,PROD0075,Staple Item 75,Grocery,Staples,North,Punjab,Ludhiana,6186.33,7,0.15,4451.79,1734.54,Debit Card
ORD0006306,2025-02-18,CUST00817,Aditi Rao,PROD0029,Bookcase Item 29,Furniture,Bookcases,South,Tamil Nadu,Coimbatore,27385.67,1,0.0,18606.25,8779.42,UPI
ORD0004575,2025-02-26,CUST00895,Priya Joshi,PROD0024,Chair Item 24,Furniture,Chairs,South,Tamil Nadu,Chennai,85307.33,4,0.15,76559.16,8748.17,UPI
ORD0006061,2025-02-23,CUST00769,Ishaan Verma,PROD0004,Mobile Phone Item 4,Electronics ,Mobile Phones,East,Bihar,Patna,103656.24,4,0.15,70446.36,33209.88,Credit Card
ORD0003985,2025-02-26,CUST00590,Rohan Sharma,PROD0092,Art Supplie Item 92,Office Supplies,Art Supplies,South,Tamil Nadu,Chennai,36913.22,7,0.05,29562.82,7350.4,Debit Card
ORD0006247,14-Feb-2025,CUST00216,Aditi Mehta,PROD0092,Art Supplie Item 92,Office Supplies,Art Supplies,East,Odisha,Bhubaneswar,15819.95,3,0.05,12669.78,3150.17,UPI
ORD0006192,2025-02-15,CUST00058,Sanya Kumar,PROD0028,Table Item 28,Furniture,Tables,North,Delhi,Dwarka,56012.7,2,0.15,50872.54,5140.16,Credit Card
ORD0004587,2025-02-01,CUST00326,Priya Das,PROD0016,Headphone Item 16,Electronics,Headphones,East,Odisha,Cuttack,71508.1,4,0.05,48385.64,23122.46,Credit Card
ORD0006450,2025-02-18,CUST00263,Ananya Iyer,PROD0029,Bookcase Item 29,Furniture,Bookcases,East,Bihar,Patna,164314.02,6,0.0,111637.5,52676.52,Credit Card
ORD0004139,2025-02-22,CUST00872,Rahul Sharma,PROD0097,Appliance Item 97,Office Supplies,Appliances,North,Delhi,New Delhi,3071.88,2,0.15,2220.62,851.26,Cash on Delivery
ORD0003943,2025-02-02,CUST00149,Divya Khan,PROD0085,Binder Item 85,Office Supplies,Binders,South,Tamil Nadu,Coimbatore,888.9,5,0.25,770.4,118.5,Debit Card
ORD0004699,2025-02-15,CUST00029,Vikram Patel,PROD0029,Bookcase Item 29,Furniture,Bookcases,North,Delhi,Dwarka,109542.68,5,0.2,93031.25,16511.43,Credit Card
ORD0006134,2025-02-24,CUST00446,Aditi Mehta,PROD0045,Women's Wear Item 45,Clothing,Women's Wear,East,Odisha,Cuttack,4230.6,3,0.1,3519.0,711.6,UPI
ORD0006702,2025-02-05,CUST00248,Saanvi Reddy,PROD0080,Personal Care Item 80,Grocery,Personal Care,South,Karnataka,Mysuru,4242.36,7,0.1,3419.08,823.28,UPI
ORD0004512,20-Feb-2025,CUST00682,Arjun Gupta,PROD0029,Bookcase Item 29,Furniture,Bookcases,West,Gujarat,Surat,27385.67,1,0.0,18606.25,8779.42,UPI
ORD0005512,2025-02-19,CUST00604,Sanya Mehta,PROD0074,Staple Item 74,Grocery,Staples,East,Odisha,Cuttack,1179.29,5,0.15,1032.95,146.34,Cash on Delivery
ORD0006536,2025-02-05,CUST00098,Rajesh Verma,PROD0099,Appliance Item 99,Office Supplies,Appliances,West,Gujarat,Surat,5565.0,5,0.2,5245.1,319.9,UPI
ORD0003726,16-Feb-2025,CUST00881,Kavya Reddy,PROD0031,Bookcase Item 31,Furniture,Bookcases,North,Haryana,Faridabad,134054.41,7,0.0,88293.73,45760.68,Net Banking
ORD0005415,2025-02-02,CUST00476,Aditi Iyer,PROD0009,Television Item 9,Electronics,Televisions,West,Maharashtra,Pune,31928.96,7,0.2,23326.03,8602.93,UPI
ORD0006598,2025-02-20,CUST00785,Sneha Malhotra,PROD0083,Paper Item 83,Office Supplies,Paper,West,Maharashtra,Mumbai,11945.4,6,0.0,9485.04,2460.36,Net Banking
ORD0006317,2025-02-04,CUST00264,Sneha Patel,PROD0077,Personal Care Item 77,Grocery,Personal Care,East,Bihar,Gaya,934.4,3,0.15,642.72,291.68,Debit Card
ORD0005142,01 February 2025,CUST00085,Arjun Sharma,PROD0066,Snack Item 66,Grocery,Snacks,West,Rajasthan,Udaipur,3132.4,6,0.25,3048.66,83.74,Net Banking
ORD0006007,2025-02-25,CUST00707,Rohan Joshi,PROD0043,Men's Wear Item 43,Clothing,Men's Wear,West,Rajasthan,Udaipur,2077.56,3,0.2,2026.05,51.51,Cash on Delivery
ORD0004991,2025-02-22,CUST00333,Pooja Mehta,PROD0057,Accessorie Item 57,Clothing,Accessories,West,Rajasthan,Udaipur,1946.84,1,0.05,1613.86,332.98,UPI
ORD0005841,2025-02-03,CUST00142,Aryan Khan,PROD0066,Snack Item 66,Grocery,Snacks,North,Haryana,Gurugram,1392.18,2,0.0,1016.22,375.96,Net Banking
ORD0004161,2025-02-17,CUST00293,Neha Rao,PROD0066,Snack Item 66,Grocery,Snacks,West,Rajasthan,Jaipur,4141.74,7,0.15,3556.77,891.44,UPI
ORD0005676,2025-02-08,CUST00784,Pallavi Kumar,PROD0031,Bookcase Item 31,Furniture,Bookcases,West,Maharashtra,Mumbai,68942.27,4,0.1,50453.56,18488.71,Credit Card
ORD0005719,2025-02-01,CUST00770,Tanvi Kumar,PROD0094,Storage Item 94,office supplies,Storage,North,Delhi,New Delhi,10375.96,3,0.25,10246.59,129.37,Cash on Delivery
ORD0003725,2025-02-07,CUST00578,Ananya Kumar,PROD0016,Headphone Item 16,ELECTRONICS,Headphones,North,Punjab,Amritsar,45163.01,3,0.2,36289.23,8873.78,UPI
ORD0005041,2025-02-01,CUST00500,Rajesh Singh,PROD0085,Binder Item 85,Office Supplies,Binders,South,Telangana,Warangal,1185.2,5,0.0,770.4,414.8,UPI
ORD0005918,2025-02-10,CUST00816,Pooja Rao,PROD0064,Beverage Item 64,Grocery,Beverages,South,Telangana,Warangal,3419.01,3,0.0,2193.57,1225.44,UPI
ORD0005654,2025-02-28,CUST00632,Rahul Chatterjee,PROD0047,Women's Wear Item 47,Clothing,Women's Wear,East,Odisha,Cuttack,2589.16,1,0.2,1951.54,637.62,Debit Card
ORD0005609,2025-02-27,CUST00213,Neha Gupta,PROD0060,Accessorie Item 60,Clothing,Accessories,South,Telangana,Hyderabad,2289.59,6,0.15,1784.28,505.31,Credit Card
ORD0005258,2025-02-17,CUST00149,Divya Khan,PROD0050,Kids Wear Item 50,Clothing,Kids Wear,West,Maharashtra,Nagpur,16895.7,5,0.15,12328.4,4567.3,Credit Card
ORD0003908,2025-02-07,CUST00249,Diya Nair,PROD0028,Table Item 28,Furniture,Tables,South,Tamil Nadu,Coimbatore,88961.36,3,0.1,76308.81,12652.55,UPI
ORD0006043,2025-02-18,CUST00494,Karan Nair,PROD0095,Storage Item 95,Office Supplies,Storage,East,Bihar,Gaya,14090.83,6,0.2,11697.36,2393.47,UPI
ORD0006575,2025-02-07,CUST00840,Sneha Singh,PROD0069,Dairy Item 69,Grocery,Dairy,West,Gujarat,Ahmedabad,1331.16,3,,867.96,463.2,UPI
ORD0006669,2025-02-28,CUST00095,Rohan Iyer,PROD0050,Kids Wear Item 50,Clothing,Kids Wear,East,Odisha,Bhubaneswar,10733.74,3,0.1,7397.04,3336.7,Credit Card
ORD0005355,2025-02-01,CUST00169,Rajesh Nair,PROD0013,Headphone Item 13,Electronics,Headphones,West,Gujarat,Surat,22341.42,2,0.0,13702.3,8639.12,Debit Card
ORD0004375,2025-02-13,CUST00415,Divya Sharma,PROD0027,Table Item 27,Furniture,Tables,South,Telangana,Hyderabad,38981.17,5,0.15,27071.9,11909.27,Debit Card
ORD0004697,06-Feb-2025,CUST00055,Priya Mehta,PROD0022,Chair Item 22,Furniture,Chairs,East,Odisha,Bhubaneswar,34693.15,5,0.0,22668.25,12024.9,Credit Card
ORD0005682,2025-02-18,CUST00272,Kabir Patel,PROD0063,Beverage Item 63,GROCERY,Beverages,North,Punjab,Amritsar,2427.0,4,0.25,2024.52,402.48,Credit Card
ORD0006691,2025-02-15,CUST00777,Sanya Kumar,PROD0004,Mobile Phone Item 4,Electronics,Mobile Phones,North,Delhi,New Delhi,22865.35,1,0.25,17611.59,5253.76,UPI
ORD0006110,2025-02-17,CUST00563,Divya Chatterjee,PROD0010,Television Item 10,Electronics,Televisions,East,Bihar,Gaya,96556.45,5,0.0,66452.5,30103.95,Debit Card
ORD0004219,2025-02-02,CUST00785,Sneha Malhotra,PROD0068,Snack Item 68,Grocery,Snacks,West,Maharashtra,Mumbai,798.3,2,0.25,757.6,40.7,UPI
ORD0005107,2025-02-24,CUST00621,Sanya Joshi,PROD0040,Storage Unit Item 40,furniture,Storage Units,South,Karnataka,Mysuru,72163.9,4,0.05,45334.88,26829.02,Credit Card
ORD0004464,2025-02-09,CUST00731,Shreya Nair,PROD0019,Camera Item 19,Electronics,Cameras,North,Punjab,Amritsar,181056.06,4,0.2,131302.72,49753.34,Credit Card
ORD0004983,2025-02-06,CUST00489,Aditi Kumar,PROD0078,Personal Care Item 78,GROCERY,Personal Care,South,Tamil Nadu,Coimbatore,714.5,2,0.05,540.52,173.98,Cash on Delivery
ORD0005240,2025-02-19,CUST00867,Aryan Chatterjee,PROD0038,Storage Unit Item 38,Furniture,Storage Units,North,Haryana,Faridabad,23592.86,2,0.0,16562.94,7029.92,Net Banking
ORD0006312,2025-02-20,CUST00288,Aarav Nair,PROD0014,Headphone Item 14,Electronics,Headphones,West,Maharashtra,Nagpur,32634.75,4,0.25,33199.68,-564.93,Debit Card
ORD0006549,02-06-2025,CUST00739,Priya Reddy,PROD0035,Sofa Item 35,Furniture,Sofas,East,Odisha,Cuttack,79044.2,4,0.0,47579.04,31465.16,Debit Card
ORD0004333,2025-02-15,CUST00114,Nikhil Kumar,PROD0075,Staple Item 75,Grocery,Staples,North,Haryana,Gurugram,935.75,1,0.1,635.97,299.78,UPI
ORD0003780,2025-02-11,CUST00742,Saanvi Verma,PROD0053,Footwear Item 53,Clothing,Footwear,East,Bihar,Patna,7126.52,3,0.1,5132.94,1993.58,Cash on Delivery
ORD0004125,2025-02-06,CUST00521,Tanvi Chatterjee,PROD0041,Men's Wear Item 41,Clothing,Men's Wear,West,Maharashtra,Mumbai,21372.28,6,0.1,17918.94,3453.34,Credit Card
ORD0004450,2025-02-07,CUST00006,Sanya Malhotra,PROD0016,Headphone Item 16,Electronics,Headphones,East,Odisha,Bhubaneswar,101616.77,6,0.1,72578.46,29038.31,UPI
ORD0004263,2025-02-27,CUST00522,Neha Nair,PROD0001,Mobile Phone Item 1,Electronics,Mobile Phones,East,Odisha,Cuttack,57804.74,2,0.0,35541.82,22262.92,Debit Card
ORD0004838,2025-02-02,CUST00339,Pooja Verma,PROD0021,Chair Item 21,Furniture,Chairs,South,Tamil Nadu,Chennai,39389.04,4,,29999.48,9389.56,Debit Card
ORD0005188,2025-02-16,CUST00486,Saanvi Reddy,PROD0099,Appliance Item 99,Office Supplies,Appliances,West,Maharashtra,Mumbai,3339.0,3,0.2,3147.06,191.94,Debit Card
ORD0005409,2025-02-21,CUST00244,Arjun Singh,PROD0017,Camera Item 17,Electronics,Cameras,South,Telangana,Hyderabad,135993.71,6,0.1,111817.62,24176.09,UPI
ORD0006078,2025-02-22,CUST00548,Ananya Verma,PROD0018,Camera Item 18,Electronic,Cameras,South,Tamil Nadu,Chennai,233413.25,5,0.0,140445.55,92967.7,Net Banking
ORD0006695,2025-02-17,CUST00549,Divya Joshi,PROD0032,Bookcase Item 32,Furniture,Bookcases,North,Delhi,Dwarka,3979.52,1,0.25,3085.0,894.52,Debit Card
ORD0004623,2025-02-24,CUST00004,Aditi Mehta,PROD0051,Kids Wear Item 51,Clothing,Kids Wear,South,Karnataka,Mysuru,1906.67,4,0.1,1407.88,498.79,Cash on Delivery
ORD0004749,2025-02-10,CUST00496,Arjun Singh,PROD0056,Footwear Item 56,Clothing,Footwear,West,Maharashtra,Pune,14805.83,6,0.1,11514.42,3291.41,UPI
ORD0006281,2025-02-09,CUST00462,Rahul Patel,PROD0046,Women's Wear Item 46,Clothing,Women's Wear,North,Delhi,Rohini,4166.43,2,0.2,3842.02,324.41,Cash on Delivery
ORD0003897,2025-02-26,CUST00444,Vivaan Gupta,PROD0066,Snack Item 66,Grocery,Snacks,South,Karnataka,Bengaluru,522.07,1,0.25,508.11,13.96,UPI
ORD0004941,2025-02-06,CUST00004,Aditi Mehta,PROD0051,Kids Wear Item 51,Clothing,Kids Wear,South,Tamil Nadu,Coimbatore,397.22,1,0.25,351.97,71.03,UPI
ORD0006662,2025-02-25,CUST00201,Pallavi Joshi,PROD0035,Sofa Item 35,Furniture,Sofas,West,Rajasthan,Jaipur,18773.0,1,0.05,11894.76,6878.24,Cash on Delivery
ORD0004663,2025-02-17,CUST00612,Rajesh Das,PROD0004,Mobile Phone Item 4,Electronics,Mobile Phones,South,Telangana,Warangal,213409.91,7,0.0,123281.13,90128.78,Debit Card
ORD0006116,2025-02-18,CUST00629,Meera Singh,PROD0069,Dairy Item 69,Grocery,Dairy,West,Gujarat,Ahmedabad,2218.6,5,0.0,1446.6,772.0,Net Banking
ORD0004369,2025-02-25,CUST00026,Manish Gupta,PROD0049,Kids Wear Item 49,Clothing,Kids Wear,South,Telangana,Hyderabad,18650.45,7,0.0,10268.51,8381.94,Debit Card
ORD0006137,2025-02-13,CUST00581,Pooja Khan,PROD0016,Headphone Item 16,electronics,Headphones,South,Karnataka,Mysuru,131725.44,7,0.0,84674.87,47050.57,UPI
ORD0005757,2025-02-05,CUST00004,Aditi Mehta,PROD0053,Footwear Item 53,Clothing,Footwear,East,West Bengal,Howrah,10557.8,4,0.0,6843.92,6262.15,Debit Card
ORD0005189,2025-02-04,,Tanvi Patel,PROD0003,Mobile Phone Item 3,Electronics,Mobile Phones,West,Gujarat,Surat,259294.23,6,0.25,246547.26,12746.97,Debit Card
ORD0005233,2025-02-13,CUST00660,Rahul Reddy,PROD0019,Camera Item 19,Electronics,Cameras,North,Haryana,Faridabad,113160.04,2,0.0,65651.36,47508.68,UPI
ORD0004062,2025-02-25,CUST00149,Divya Khan,PROD0082,Paper Item 82,Office Supplies,Paper,West,Rajasthan,Udaipur,1444.62,1,0.1,1133.81,310.81,Net Banking
ORD0003909,2025-02-10,CUST00512,Amit Chatterjee,PROD0063,Beverage Item 63,Grocery,Beverages,West,Gujarat,Surat,5663.0,7,0.0,3542.91,2120.09,Net Banking
ORD0005061,28 February 2025,CUST00848,Ishaan Das,PROD0015,Headphone Item 15,Electronics,Headphones,East,West Bengal,Howrah,199793.05,7,0.2,183255.8,16537.25,UPI
ORD0004114,2025-02-09,CUST00391,Amit Das,PROD0077,Personal Care Item 77,Grocery,Personal Care,West,Maharashtra,Pune,1099.29,3,0.0,642.72,456.57,Credit Card
ORD0003973,02-20-2025,CUST00708,Pooja Joshi,PROD0005,Laptop Item 5,Electronics,Laptops,South,Tamil Nadu,Coimbatore,65070.08,4,0.0,40583.8,24486.28,UPI
ORD0006224,10/02/2025,CUST00690,Sanya Singh,PROD0090,Art Supplie Item 90,Office-Supplies,Art Supplies,North,Punjab,Ludhiana,15319.96,5,0.2,12132.05,3187.91,UPI
ORD0005400,2025-02-23,CUST00718,Ananya Verma,PROD0051,Kids Wear Item 51,Clothing,Kids Wear,East,Bihar,Patna,529.63,1,0.0,351.97,177.66,Debit Card
ORD0006249,2025-02-25,CUST00884,Sanya Khan,PROD0017,Camera Item 17,Electronics,Cameras,East,Odisha,Cuttack,151104.12,6,0.0,111817.62,39286.5,Debit Card
ORD0004724,2025-02-11,CUST00102,Priya Mehta,PROD0010,Television Item 10,Electronics,Televisions,South,Telangana,Hyderabad,86900.8,6,0.25,79743.0,7157.8,UPI
ORD0004767,2025-02-08,CUST00844,Neha Reddy,PROD0100,Appliance Item 100,Office Supplies,Appliances,East,Odisha,Cuttack,31064.16,6,0.0,18387.66,12676.5,Net Banking
ORD0004017,2025-02-09,CUST00621,Sanya Joshi,PROD0051,Kids Wear Item 51,Clothing,Kids Wear,North,Punjab,Ludhiana,1271.11,3,0.2,1055.91,215.2,Net Banking
ORD0005449,2025-02-06,CUST00878,Karan Nair,PROD0071,Dairy Item 71,GROCERY,Dairy,West,Maharashtra,Mumbai,590.82,4,0.05,445.84,144.98,Debit Card
ORD0006092,2025-02-08,CUST00838,Tanvi Malhotra,PROD0098,Appliance Item 98,Office Supplies,Appliances,South,Karnataka,Mysuru,12805.81,4,0.1,9284.16,3521.65,Net Banking
ORD0003907,2025-02-02,CUST00815,Kavya Patel,PROD0005,Laptop Item 5,Electronics,Laptops,South,Telangana,Warangal,85404.48,7,,71021.65,14382.83,Credit Card
ORD0004323,2025-02-01,CUST00168,Rahul Joshi,PROD0026,Table Item 26,Furniture,Tables,North,Delhi,Rohini,108043.96,6,0.05,69614.58,38429.38,Net Banking
ORD0005859,2025-02-22,CUST00143,Rahul Malhotra,PROD0049,Kids Wear Item 49,Clothing,Kids Wear,West,Gujarat,Surat,4795.83,2,0.1,2933.86,1861.97,UPI
ORD0006404,15-Feb-2025,CUST00880,Pooja Kumar,PROD0009,Television Item 9,Electronics,Televisions,South,Telangana,Warangal,22806.4,4,0.0,13329.16,9477.24,Debit Card
ORD0003778,2025-02-21,CUST00589,Ananya Gupta,PROD0036,Sofa Item 36,Furniture,Sofas,West,Gujarat,Surat,49659.28,7,0.25,36914.29,12744.99,UPI
ORD0004779,2025-02-16,CUST00580,Kavya Nair,PROD0077,Personal Care Item 77,Grocery,Personal Care,North,Punjab,Ludhiana,2198.58,6,0.0,1285.44,913.14,Credit Card
ORD0004077,2025-02-23,CUST00225,Sanya Iyer,PROD0052,Kids Wear Item 52,Clothing,Kids Wear,North,Delhi,New Delhi,2332.23,3,0.0,1371.54,960.69,Debit Card
ORD0004646,06-Feb-2025,CUST00049,Rohan Das,PROD0051,Kids Wear Item 51,Clothing,Kids Wear,West,Maharashtra,Nagpur,2542.22,6,0.2,2111.82,430.4,Credit Card
ORD0004303,2025-02-18,CUST00799,Riya Mehta,PROD0040,Storage Unit Item 40,Furniture,Storage Units,East,Odisha,Bhubaneswar,71214.38,5,0.25,56668.6,14545.78,Net Banking
ORD0005804,2025-02-11,CUST00777,Sanya Kumar,PROD0071,Dairy Item 71,Grocery,Dairy,North,Haryana,Faridabad,N/A,3,0.1,334.38,85.42,Debit Card
ORD0006376,02-22-2025,CUST00453,Rahul Mehta,PROD0069,Dairy Item 69,Grocery,Dairy,West,Maharashtra,Nagpur,887.44,2,0.0,578.64,308.8,UPI
ORD0003918,2025-02-05,CUST00638,Manish Mehta,PROD0003,Mobile Phone Item 3,Electronics,Mobile Phones,South,Telangana,Hyderabad,129647.12,3,0.25,123273.63,6373.49,UPI
ORD0006302,2025-02-08,CUST00228,Pooja Singh,PROD0054,Footwear Item 54,Cloths,Footwear,North,Haryana,Gurugram,10019.3,3,0.1,7011.15,3008.15,Credit Card
ORD0006582,2025-02-23,CUST00548,Ananya Verma,PROD0053,Footwear Item 53,Clothing,Footwear,West,Rajasthan,Udaipur,13197.25,5,0.0,8554.9,4642.35,UPI
ORD0003715,2025-02-17,CUST00668,Vikram Malhotra,PROD0027,Table Item 27,Furniture,Tables,North,Delhi,New Delhi,41274.18,5,0.1,27071.9,14202.28,Debit Card
ORD0004354,2025-02-02,CUST00763,Karan Sharma,PROD0023,Chair Item 23,furniture,Chairs,South,Tamil Nadu,Coimbatore,113296.33,7,0.0,69259.75,44036.58,UPI
ORD0003868,2025-02-17,CUST00088,Aryan Khan,PROD0035,Sofa Item 35,Furniture,Sofas,West,Maharashtra,Nagpur,75091.99,4,0.05,47579.04,27512.95,Credit Card
ORD0004910,2025-02-02,CUST00215,Aarav Mehta,PROD0057,Accessorie Item 57,Clothing,Accessories,South,Karnataka,Bengaluru,1536.98,1,0.25,1613.86,-76.88,UPI
ORD0004306,2025-02-24,CUST00250,Sneha Reddy,PROD0068,Snack Item 68,Grocery,Snacks,East,Bihar,Patna,2128.8,5,0.2,1894.0,234.8,Credit Card
ORD0005442,2025-02-04,CUST00679,Arjun Patel,PROD0026,Table Item 26,Furniture,Tables,West,Maharashtra,Mumbai,113730.48,6,0.0,69614.58,44115.9,Net Banking
ORD0004150,2025-02-27,CUST00105,Rohan Joshi,PROD0054,Footwear Item 54,Clothing,Footwear,West,Maharashtra,Pune,3710.85,1,0.0,2337.05,1373.8,Net Banking
ORD0006561,2025-02-20,CUST00447,Sanya Malhotra,PROD0078,Personal Care Item 78,Grocery,Personal Care,East,Bihar,Patna,1278.57,4,0.15,1081.04,197.53,UPI
ORD0005191,2025-02-15,CUST00759,Priya Sharma,PROD0027,Table Item 27,Furniture,Tables,West,Maharashtra,Mumbai,8254.84,1,0.1,5414.38,2840.46,Cash on Delivery
ORD0006530,2025-02-20,CUST00719,Neha Das,PROD0082,Paper Item 82,Office Supplies,Paper,North,Haryana,Faridabad,6420.52,5,0.2,5669.05,751.47,Debit Card
ORD0005163,2025-02-25,CUST00524,Rohan Kumar,PROD0013,Headphone Item 13,Electronics,Headphones,East,Bihar,Patna,35746.27,4,0.2,27404.6,8341.67,Debit Card
ORD0005967,26 February 2025,CUST00765,Aarav Rao,PROD0057,Accessorie Item 57,Clothing,Accessories,East,West Bengal,Kolkata,9836.64,6,0.2,9683.16,153.48,Debit Card
ORD0006030,2025-02-09,CUST00750,Priya Chatterjee,PROD0029,Bookcase Item 29,Furniture,Bookcases,West,Gujarat,Ahmedabad,191699.69,7,0.0,130243.75,61455.94,UPI
ORD0005444,2025-02-14,CUST00885,Aditi Gupta,PROD0053,Footwear Item 53,Clothing,Footwear,North,Haryana,Faridabad,4223.12,2,0.2,3421.96,801.16,UPI
ORD0004716,2025-02-17,CUST00842,Vivaan Joshi,PROD0029,Bookcase Item 29,Furniture,Bookcases,South,Karnataka,Mysuru,87634.14,4,0.2,74425.0,13209.14,UPI
ORD0005220,2025-02-25,CUST00395,Vikram Sharma,PROD0047,Women's Wear Item 47,Clothing,Women's Wear,North,Delhi,Rohini,12298.51,4,0.05,7806.16,4492.35,Net Banking
ORD0005440,2025-02-17,CUST00157,Diya Iyer,PROD0077,Personal Care Item 77,Grocery,Personal Care,West,Maharashtra,Mumbai,1978.72,6,0.1,1285.44,693.28,UPI
ORD0005125,2025-02-08,CUST00178,Pallavi Malhotra,PROD0094,Storage Item 94,Office Supplies,Storage,South,Telangana,Warangal,17523.85,4,0.05,13662.12,3861.73,UPI
ORD0005622,2025-02-28,CUST00868,Divya Joshi,PROD0053,Footwear Item 53,CLOTHING,Footwear,North,Delhi,New Delhi,16628.54,7,0.1,11976.86,4651.68,Credit Card
ORD0006107,2025-02-13,CUST00020,Saanvi Das,PROD0033,Sofa Item 33,Furniture,Sofas,North,Punjab,Amritsar,53387.1,2,0.2,44745.58,8641.52,Net Banking
ORD0004413,2025-02-06,CUST00451,Aarav Sharma,PROD0027,Table Item 27,Furniture,Tables,North,Haryana,Faridabad,23388.7,3,0.15,16243.14,12522.56,UPI
ORD0006749,15/02/2025,CUST00728,Pooja Verma,PROD0098,Appliance Item 98,Office Supplies,Appliances,North,Delhi,Rohini,3557.17,1,0.0,2321.04,1236.13,Net Banking
ORD0006017,2025-02-18,CUST00129,Aryan Verma,PROD0093,Storage Item 93,Office Supplies,Storage,West,Maharashtra,Nagpur,11742.82,2,0.0,8645.62,3097.2,Credit Card
ORD0004416,18-Feb-2025,CUST00844,Neha Reddy,PROD0041,Men's Wear Item 41,Clothing,Men's Wear,East,West Bengal,Kolkata,10686.14,3,0.1,8959.47,1726.67,UPI
ORD0006544,2025-02-23,CUST00654,Rohan Gupta,PROD0036,Sofa Item 36,Furniture,Sofas,North,Punjab,Amritsar,56753.46,6,0.0,31640.82,25112.64,Credit Card
ORD0004147,2025-02-18,CUST00495,Rohan Joshi,PROD0039,Storage Unit Item 39,Furniture,Storage Units,East,West Bengal,Kolkata,33406.96,2,0.0,21718.3,11688.66,UPI
ORD0004322,2025-02-24,CUST00237,Neha Khan,PROD0024,Chair Item 24,Furniture,Chairs,West,Rajasthan,Udaipur,125451.95,5,0.0,95698.95,29753.0,Credit Card
ORD0004495,2025-02-08,CUST00853,Sneha Chatterjee,PROD0086,Binder Item 86,Office Supplies,Binders,South,Telangana,Hyderabad,15789.39,4,0.25,14790.6,998.79,Debit Card
ORD0006601,2025-02-10,CUST00781,Saanvi Iyer,PROD0008,Laptop Item 8,Electronics,Laptops,East,Odisha,Cuttack,112040.06,2,0.05,92963.74,19076.32,UPI
ORD0004517,2025-02-19,CUST00713,Rohan Chatterjee,PROD0057,Accessorie Item 57,Clothing,Accessories,West,Maharashtra,Pune,5533.11,3,0.1,4841.58,691.53,Credit Card
ORD0003784,09 February 2025,CUST00442,Rahul Patel,PROD0005,Laptop Item 5,Electronics,Laptops,North,Punjab,Ludhiana,81337.6,5,0.0,50729.75,59936.05,Net Banking
ORD0005587,2025-02-04,CUST00322,Divya Khan,PROD0004,Mobile Phone Item 4,Electronics,Mobile Phones,East,Bihar,Gaya,213409.91,7,0.0,123281.13,90128.78,Credit Card
ORD0004871,2025-02-02,CUST00484,Karan Nair,PROD0088,Binder Item 88,Office Supplies,Binders,North,Delhi,Dwarka,24407.92,5,0.05,16200.55,8207.37,UPI
ORD0005026,02-19-2025,CUST00013,Shreya Das,PROD0012,Television Item 12,Electronics,Televisions,South,Karnataka,Bengaluru,197296.26,7,0.25,180352.76,16943.5,Debit Card
ORD0005485,2025-02-04,CUST00569,Tanvi Nair,PROD0071,Dairy Item 71,GROCERY,Dairy,West,Maharashtra,Mumbai,116.61,1,0.25,111.46,5.15,UPI
ORD0005299,2025-02-11,CUST00650,Sanya Sharma,PROD0091,Art Supplie Item 91,office supplies,Art Supplies,North,Haryana,Faridabad,4622.43,4,0.25,4796.04,-173.61,Credit Card
ORD0005845,2025-02-12,CUST00217,Nikhil Patel,PROD0058,Accessorie Item 58,Clothing,Accessories,South,Tamil Nadu,Coimbatore,3998.5,3,0.15,2795.7,1202.8,Debit Card
ORD0003939,2025-02-03,CUST00598,Sanya Das,PROD0057,Accessorie Item 57,Clothing,Accessories,West,Gujarat,Ahmedabad,8197.2,4,0.0,6455.44,1741.76,Net Banking
ORD0005237,2025-02-26,CUST00734,Riya Reddy,PROD0032,Bookcase Item 32,Furniture,Bookcases,East,Odisha,Bhubaneswar,26530.1,5,0.0,15425.0,11105.1,UPI
ORD0004924,2025-02-16,CUST00776,Saanvi Chatterjee,PROD0007,Laptop Item 7,Electronics,Laptops,West,Maharashtra,Pune,195285.78,4,0.1,172750.28,22535.5,UPI
ORD0004331,2025-02-09,CUST00797,Kavya Sharma,PROD0047,Women's Wear Item 47,Clothing,Women's Wear,South,Tamil Nadu,Coimbatore,19418.7,6,0.0,11709.24,7709.46,UPI
ORD0003818,2025-02-16,CUST00770,Tanvi Kumar,PROD0070,Dairy Item 70,Grocery,Dairy,North,Haryana,Faridabad,1668.18,3,0.0,969.96,698.22,UPI
ORD0003941,2025-02-24,CUST00081,Pallavi Das,PROD0073,Staple Item 73,Grocery,Staples,North,Delhi,Dwarka,72.73,1,0.0,45.94,26.79,UPI
ORD0005116,2025-02-08,CUST00241,Saanvi Chatterjee,PROD0072,Dairy Item 72,Grocery,Dairy,North,Delhi,New Delhi,5626.95,7,0.0,4027.38,1599.57,Credit Card
ORD0004124,2025-02-07,CUST00609,Sanya Mehta,PROD0062,Beverage Item 62,Grocery,Beverages,East,Odisha,Cuttack,4762.32,4,0.0,3251.96,1510.36,Credit Card
ORD0003921,2025-02-03,CUST00095,Rohan Iyer,PROD0003,Mobile Phone Item 3,electronics,Mobile Phones,North,Punjab,Ludhiana,172862.82,3,0.0,123273.63,49589.19,UPI
ORD0005716,2025-02-23,CUST00073,Pallavi Chatterjee,PROD0078,Personal Care Item 78,grocery,Personal Care,South,Karnataka,Mysuru,2256.3,6,0.0,1621.56,634.74,Debit Card
ORD0004094,2025-02-28,CUST00163,Pallavi Gupta,PROD0090,Art Supplie Item 90,Office Supplies,Art Supplies,West,Gujarat,Ahmedabad,26809.93,7,0.0,16984.87,9825.06,UPI
ORD0004394,2025-02-11,CUST00439,Vikram Mehta,PROD0007,Laptop Item 7,Electronics,Laptops,South,Tamil Nadu,Chennai,46109.14,1,0.15,43187.57,2921.57,Credit Card
ORD0004672,2025-02-12,CUST00049,Rohan Das,PROD0062,Beverage Item 62,Grocery,Beverages,East,Bihar,Gaya,7143.48,6,0.0,4877.94,2265.54,UPI
ORD0004111,12/02/2025,CUST00075,Nikhil Sharma,PROD0033,Sofa Item 33,Furniture,Sofas,West,Gujarat,Ahmedabad,170171.39,6,0.15,134236.74,35934.65,UPI
ORD0005564,2025-02-04,CUST00250,Sneha Reddy,PROD0062,Beverage Item 62,Grocery,Beverages,West,Maharashtra,Pune,1131.05,1,0.05,812.99,318.06,UPI
ORD0004141,28-Feb-2025,CUST00456,Shreya Patel,PROD0082,Paper Item 82,Office Supplies,Paper,North,Delhi,Dwarka,3210.26,2,0.0,2267.62,942.64,Debit Card
ORD0005969,2025-02-14,CUST00302,Manish Patel,PROD0074,Staple Item 74,Grocery,Staples,South,Karnataka,Mysuru,624.33,3,0.25,619.77,4.56,Credit Card
ORD0005486,2025-02-25,CUST00249,Diya Nair,PROD0051,Kids Wear Item 51,Clothing,Kids Wear,North,Delhi,Dwarka,2118.52,4,0.0,1407.88,710.64,UPI
ORD0006489,2025-02-20,CUST00737,Rahul Gupta,PROD0021,Chair Item 21,Furniture,Chairs,West,Rajasthan,Udaipur,9847.26,1,0.0,7499.87,2347.39,Debit Card
ORD0005997,2025-02-22,CUST00070,Arjun Reddy,PROD0013,Headphone Item 13,Electronics,Headphones,West,Maharashtra,Mumbai,28485.31,3,0.15,20553.45,7931.86,Credit Card
ORD0004356,2025-02-03,CUST00500,Rajesh Singh,PROD0005,Laptop Item 5,Electronics,Laptops,East,West Bengal,Kolkata,26028.03,2,0.2,20291.9,5736.13,Cash on Delivery
ORD0004038,27/02/2025,CUST00389,Neha Verma,PROD0006,Laptop Item 6,Electronics,Laptops,North,Haryana,Faridabad,277446.06,6,0.0,213405.3,64040.76,Credit Card
ORD0006258,2025-02-17,CUST00688,Amit Malhotra,PROD0051,Kids Wear Item 51,Clothing,Kids Wear,South,Tamil Nadu,Chennai,1588.89,4,0.25,1407.88,181.01,Debit Card
ORD0005180,2025-02-23,CUST00230,Divya Verma,PROD0023,Chair Item 23,Furniture,Chairs,East,Odisha,Bhubaneswar,13757.41,1,0.15,9894.25,3863.16,UPI
ORD0004981,06/02/2025,CUST00292,Diya Sharma,PROD0015,Headphone Item 15,Electronics,Headphones,East,Odisha,Cuttack,224767.18,7,0.1,183255.8,76240.19,Cash on Delivery
ORD0003953,2025-02-13,CUST00291,Aditi Chatterjee,PROD0030,Bookcase Item 30,Furniture,Bookcases,North,Delhi,Dwarka,123051.53,7,0.0,83974.87,39076.66,Debit Card
ORD0006732,21-Feb-2025,CUST00810,Diya Malhotra,PROD0024,Chair Item 24,Furniture,Chairs,North,Punjab,Ludhiana,131724.55,7,0.25,133978.53,-2253.98,UPI
ORD0006286,2025-02-25,CUST00181,Divya Rao,PROD0010,Television Item 10,Electronics,Televisions,North,Punjab,Amritsar,14483.47,1,0.25,13290.5,1192.97,UPI
ORD0005937,2025-02-10,CUST00633,Rohan Sharma,PROD0051,Kids Wear Item 51,Clothing,Kids Wear,West,Gujarat,Surat,847.41,2,0.2,703.94,143.47,Net Banking
ORD0005166,2025-02-06,CUST00727,Vivaan Gupta,PROD0037,Storage Unit Item 37,Furniture,Storage Units,West,Rajasthan,Jaipur,34077.4,7,0.0,26553.52,7523.88,UPI
ORD0003781,02-14-2025,CUST00080,Sanya Joshi,PROD0074,Staple Item 74,Grocery,Staples,West,Rajasthan,Jaipur,1942.36,7,0.0,1446.13,496.23,Debit Card
ORD0005218,2025-02-06,CUST00146,Nikhil Iyer,PROD0038,Storage Unit Item 38,Furniture,Storage Units,North,Punjab,Ludhiana,70188.76,7,0.15,57970.29,12218.47,Net Banking
ORD0004031,2025-02-01,CUST00807,Aryan Mehta,PROD0100,Appliance Item 100,OFFICE SUPPLIES,Appliances,North,Delhi,Rohini,8283.78,2,0.2,6129.22,2154.56,Credit Card
ORD0003975,2025-02-20,CUST00460,Rohan Das,PROD0014,Headphone Item 14,Electronics,Headphones,East,Bihar,Patna,21756.5,2,0.0,16599.84,5156.66,UPI
ORD0005478,2025-02-17,CUST00272,Kabir Patel,PROD0079,Personal Care Item 79,Grocery,Personal Care,South,Tamil Nadu,Chennai,5210.18,5,0.05,3294.1,1916.08,UPI
ORD0004697,2025-02-06,CUST00055,Priya Mehta,PROD0022,Chair Item 22,Furniture,Chairs,East,Odisha,Bhubaneswar,34693.15,5,0.0,22668.25,12024.9,Credit Card
ORD0006331,2025-02-11,CUST00180,Aditi Mehta,PROD0090,Art Supplie Item 90,Office Supplies,Art Supplies,South,Karnataka,Bengaluru,13787.96,4,0.1,9705.64,4082.32,Credit Card
ORD0006796,2025-02-05,CUST00418,Divya Joshi,PROD0061,Beverage Item 61,Grocery,Beverages,East,West Bengal,Howrah,6458.16,6,0.0,4762.26,1695.9,Debit Card
ORD0005970,2025-02-24,CUST00579,Diya Chatterjee,PROD0077,Personal Care Item 77,Grocery,Personal Care,South,Karnataka,Mysuru,1648.94,6,0.25,1285.44,363.5,Credit Card
ORD0006499,17-Feb-2025,CUST00073,Pallavi Chatterjee,PROD0067,Snack Item 67,Grocery,Snacks,East,Odisha,Cuttack,3335.17,7,0.25,3454.22,-119.05,Net Banking
ORD0004592,2025-02-18,CUST00757,Manish Nair,PROD0085,Binder Item 85,Office Supplies,Binders,West,Maharashtra,Mumbai,640.01,3,0.1,462.24,177.77,Credit Card
ORD0005838,2025-02-24,CUST00708,Pooja Joshi,PROD0068,Snack Item 68,grocery,Snacks,North,Delhi,Rohini,3166.59,7,0.15,2651.6,514.99,Debit Card
ORD0004506,2025-02-18,CUST00006,Sanya Malhotra,PROD0004,Mobile Phone Item 4,Electronics,Mobile Phones,West,Rajasthan,Udaipur,97558.82,4,0.2,70446.36,27112.46,UPI
ORD0005968,2025-02-14,CUST00072,Saanvi Reddy,PROD0018,Camera Item 18,Electronics,Cameras,South,Tamil Nadu,Chennai,266091.1,6,0.05,168534.66,97556.44,Net Banking
ORD0004461,15/02/2025,CUST00644,Sneha Gupta,PROD0011,Television Item 11,Electronics,Televisions,West,Rajasthan,Udaipur,26899.54,5,0.25,27310.2,-410.66,UPI
ORD0003753,2025-02-08,CUST00763,Karan Sharma,PROD0019,Camera Item 19,Electronics,Cameras,North,Delhi,Dwarka,84870.03,2,0.25,65651.36,19218.67,UPI
ORD0005662,22-Feb-2025,CUST00464,Vikram Iyer,PROD0100,Appliance Item 100,Office Supplies,Appliances,East,Bihar,Gaya,4918.49,1,0.05,3064.61,1853.88,UPI
ORD0006074,2025-02-17,CUST00133,Pallavi Kumar,PROD0065,Snack Item 65,Grocery,Snacks,West,Gujarat,Ahmedabad,674.47,1,0.25,585.24,89.23,Credit Card
ORD0005465,2025-02-22,CUST00012,Kabir Rao,PROD0093,Storage Item 93,Office Supplies,Storage,North,Haryana,Faridabad,41099.87,7,0.0,30259.67,10840.2,Debit Card
ORD0005605,2025-02-13,CUST00773,Meera Kumar,PROD0076,Staple Item 76,Grocery,Staples,East,Bihar,Gaya,3272.12,4,0.0,1905.48,1366.64,Credit Card
ORD0004389,2025-02-25,CUST00006,Sanya Malhotra,PROD0005,Laptop Item 5,Electronics,Laptops,West,Gujarat,Ahmedabad,73203.84,5,,50729.75,22474.09,Net Banking
ORD0005268,2025-02-03,CUST00441,Aditi Chatterjee,PROD0053,Footwear Item 53,Clothing,Footwear,East,West Bengal,Howrah,8446.24,4,0.2,6843.92,1602.32,UPI
ORD0005550,02-13-2025,CUST00145,Vikram Khan,PROD0073,Staple Item 73,Grocery,Staples,South,Tamil Nadu,Chennai,327.29,5,0.1,229.7,97.59,UPI
ORD0003978,2025-02-08,CUST00828,Ishaan Gupta,PROD0012,Television Item 12,Electronics,Televisions,West,Maharashtra,Nagpur,214207.37,6,0.05,154588.08,59619.29,Net Banking
ORD0004474,2025-02-07,CUST00473,Diya Verma,PROD0014,Headphone Item 14,Electronics,Headphones,East,Odisha,Bhubaneswar,54391.25,5,0.0,41499.6,12891.65,UPI
ORD0005287,2025-02-01,CUST00576,Kavya Singh,PROD0050,Kids Wear Item 50,Clothing,Kids Wear,South,Telangana,Hyderabad,14907.97,5,0.25,12328.4,2579.57,Credit Card
ORD0004734,2025-02-18,CUST00562,Saanvi Gupta,PROD0086,Binder Item 86,Office Supplies,Binders,North,Haryana,Gurugram,26841.96,6,0.15,22185.9,4656.06,UPI
ORD0005094,2025-02-12,CUST00873,Meera Malhotra,PROD0003,Mobile Phone Item 3,Electronics,Mobile Phones,South,Telangana,Hyderabad,259294.23,6,0.25,246547.26,12746.97,Net Banking
ORD0005369,2025-02-18,CUST00105,Rohan Joshi,PROD0060,Accessorie Item 60,clothing,Accessories,South,Telangana,Hyderabad,404.05,1,0.1,297.38,106.67,Credit Card
ORD0005492,2025-02-11,CUST00767,Sneha Gupta,PROD0026,Table Item 26,Furniture,Tables,North,Punjab,Amritsar,54021.98,3,0.05,34807.29,19214.69,Cash on Delivery
ORD0005658,26/02/2025,CUST00485,Sneha Sharma,PROD0062,Beverage Item 62,Grocery ,Beverages,South,Telangana,Hyderabad,1071.52,1,0.1,812.99,258.53,Debit Card
ORD0005506,2025-02-16,CUST00344,Neha Kumar,PROD0018,Camera Item 18,Electronics,Cameras,East,Bihar,Gaya,210071.92,5,0.1,140445.55,69626.37,UPI
ORD0004106,2025-02-21,CUST00874,Pallavi Reddy,PROD0046,Women's Wear Item 46,Clothing,Women's Wear,North,Delhi,Rohini,7812.06,3,0.0,5763.03,2049.03,UPI
ORD0004948,2025-02-13,CUST00575,Aryan Chatterjee,PROD0040,Storage Unit Item 40,Furniture,Storage Units,North,Delhi,Dwarka,80709.62,5,0.15,56668.6,24041.02,UPI
ORD0004768,2025-02-12,CUST00684,Ananya Khan,PROD0086,,office supplies,Binders,West,Rajasthan,Jaipur,14999.92,3,0.05,11092.95,3906.97,UPI
ORD0005100,2025-02-20,CUST00081,Pallavi Das,PROD0095,Storage Item 95,Office Supplies,Storage,North,Punjab,Ludhiana,2788.81,1,0.05,1949.56,839.25,Credit Card
ORD0004559,2025-02-12,CUST00556,Karan Gupta,PROD0001,Mobile Phone Item 1,Electronics,Mobile Phones,North,Delhi,New Delhi,108383.89,5,0.25,88854.55,19529.34,Cash on Delivery
ORD0004281,2025-02-16,,Rohan Rao,PROD0065,Snack Item 65,Grocery,Snacks,West,Gujarat,Ahmedabad,854.33,1,0.05,585.24,269.09,Credit Card
ORD0004273,2025-02-04,CUST00263,Ananya Iyer,PROD0017,Camera Item 17,Electronics,Cameras,East,Bihar,Gaya,42812.83,2,0.15,37272.54,16559.92,Credit Card
ORD0005402,2025-02-24,CUST00119,Riya Reddy,PROD0008,Laptop Item 8,Electronics,Laptops,South,Telangana,Warangal,294842.25,5,0.0,232409.35,62432.9,Credit Card
ORD0003917,2025-02-25,CUST00205,Rajesh Sharma,PROD0043,Men's Wear Item 43,clothing,Men's Wear,West,Maharashtra,Nagpur,3246.19,5,0.25,3376.75,-130.56,Credit Card
ORD0006666,2025-02-11,CUST00245,Manish Kumar,PROD0012,Television Item 12,Electronics,Televisions,West,Maharashtra,Pune,127772.82,4,0.15,103058.72,24714.1,Debit Card
ORD0004867,2025-02-21,CUST00748,Neha Reddy,PROD0068,Snack Item 68,Grocery,Snacks,East,Odisha,Cuttack,478.98,1,0.1,378.8,100.18,Credit Card
ORD0006313,2025-02-19,CUST00588,Aarav Nair,PROD0099,Appliance Item 99,Office Supplies,Appliances,South,Tamil Nadu,Chennai,4173.75,3,0.0,3147.06,1026.69,Debit Card
ORD0004165,2025-02-21,CUST00022,Tanvi Nair,PROD0041,Men's Wear Item 41,Clothing,Men's Wear,West,Gujarat,Surat,2968.37,1,0.25,2986.49,-18.12,UPI
ORD0005222,2025-02-25,CUST00445,Aarav Iyer,PROD0099,Appliance Item 99,Office Supplies,Appliances,North,Punjab,Amritsar,7791.0,7,0.2,7343.14,447.86,Credit Card
ORD0006648,2025-02-08,CUST00452,Meera Rao,PROD0090,Art Supplie Item 90,Office Supplies,Art Supplies,West,Maharashtra,Pune,21447.94,7,0.2,16984.87,4463.07,Credit Card
ORD0004620,2025-02-17,CUST00700,Aarav Iyer,PROD0023,Chair Item 23,Furnitures,Chairs,East,Odisha,Bhubaneswar,32370.38,2,0.0,19788.5,12581.88,Credit Card
ORD0004986,2025-02-24,CUST00104,Manish Malhotra,PROD0031,Bookcase Item 31,Furniture,Bookcases,West,Rajasthan,Jaipur,48834.11,3,0.15,37840.17,10993.94,Net Banking
ORD0005359,2025-02-09,CUST00736,Amit Mehta,PROD0063,Beverage Item 63,Grocery,Beverages,West,Maharashtra,Nagpur,3033.75,5,0.25,2530.65,503.1,Credit Card
ORD0003988,2025-02-15,CUST00139,Priya Joshi,PROD0087,Binder Item 87,Office Supplies,Binders,East,West Bengal,Kolkata,19034.82,7,0.0,14923.02,4111.8,UPI
ORD0004576,2025-02-24,CUST00687,Rahul Reddy,PROD0083,Paper Item 83,Office Supplies,Paper,West,Gujarat,Surat,12542.67,7,0.1,11065.88,1476.79,UPI
ORD0005289,2025-02-01,CUST00866,Shreya Rao,PROD0084,Paper Item 84,Office Supplies,Paper,North,Haryana,Faridabad,2458.09,1,0.0,1773.16,684.93,Net Banking
ORD0005228,2025-02-01,CUST00783,Vikram Khan,PROD0099,Appliance Item 99,Office Supplies,Appliances,West,Maharashtra,Pune,8347.5,6,0.0,6294.12,2053.38,Credit Card
ORD0006155,2025-02-10,CUST00073,Pallavi Chatterjee,PROD0018,Camera Item 18,Electronics,Cameras,East,Bihar,Patna,177394.07,4,0.05,112356.44,65037.63,UPI
ORD0004614,09-Feb-2025,CUST00296,Nikhil Rao,PROD0068,Snack Item 68,Grocery,Snacks,North,Haryana,Faridabad,3193.2,6,0.0,2272.8,920.4,Debit Card
ORD0006480,2025-02-12,CUST00394,Aarav Das,PROD0055,Footwear Item 55,Clothing,Footwear,South,Karnataka,Bengaluru,17025.16,6,0.05,11922.54,5102.62,UPI
ORD0006793,2025-02-24,CUST00272,Kabir Patel,PROD0016,Headphone Item 16,Electronics,Headphones,North,Punjab,Amritsar,125139.17,7,0.05,84674.87,87136.22,Credit Card
ORD0004183,2025-02-14,CUST00236,Manish Joshi,PROD0028,Table Item 28,Furniture,Tables,West,Gujarat,Surat,79076.76,3,,76308.81,2767.95,Credit Card
ORD0005780,2025-02-25,CUST00393,Priya Kumar,PROD0063,Beverage Item 63,Grocery,Beverages,West,Maharashtra,Pune,5379.85,7,0.05,3542.91,1836.94,UPI
ORD0006676,2025-02-15,CUST00062,Riya Khan,PROD0079,Personal Care Item 79,Grocery,Personal Care,South,Telangana,Warangal,6526.44,7,0.15,4611.74,1914.7,Credit Card
ORD0006067,2025-02-28,CUST00030,Manish Das,PROD0001,Mobile Phone Item 1,Electronics,Mobile Phones,East,Bihar,Patna,54914.5,2,0.05,35541.82,19372.68,Credit Card
ORD0004003,2025-02-02,CUST00807,Aryan Mehta,PROD0024,Chair Item 24,Furniture,Chairs,East,Bihar,Patna,166851.09,7,0.05,133978.53,32872.56,UPI
ORD0004367,2025-02-05,CUST00305,Pallavi Chatterjee,PROD0004,Mobile Phone Item 4,Electronics,Mobile Phones,West,Maharashtra,Pune,129570.3,5,0.15,88057.95,41512.35,UPI
ORD0006723,2025-02-09,CUST00314,Arjun Nair,PROD0036,Sofa Item 36,Furniture,Sofas,South,Tamil Nadu,Coimbatore,28376.73,3,0.0,15820.41,12556.32,Net Banking
ORD0005450,2025-02-16,CUST00117,Aarav Joshi,PROD0064,Beverage Item 64,Grocery,Beverages,East,Odisha,Bhubaneswar,6838.02,6,0.0,4387.14,2450.88,Debit Card
ORD0006742,2025-02-24,CUST00774,Aryan Chatterjee,PROD0015,Headphone Item 15,Electronics,Headphones,South,Tamil Nadu,Chennai,214063.98,6,0.0,157076.4,56987.58,Net Banking
ORD0006570,2025-02-24,CUST00419,Nikhil Gupta,PROD0004,Mobile Phone Item 4,Electronics,Mobile Phones,East,Bihar,Patna,173776.64,6,0.05,105669.54,68107.1,Debit Card
ORD0004532,2025-02-19,CUST00549,Divya Joshi,PROD0037,Storage Unit Item 37,Furniture,Storage Units,West,Maharashtra,Pune,14604.6,3,0.0,11380.08,3224.52,Net Banking
ORD0006459,2025-02-12,CUST00707,Rohan Joshi,PROD0052,Kids Wear Item 52,Clothing,Kids Wear,East,Odisha,Cuttack,2643.19,4,0.15,1828.72,814.47,Cash on Delivery
ORD0004625,2025-02-17,CUST00296,Nikhil Rao,PROD0026,Table Item 26,Furniture,Tables,North,Delhi,Rohini,56865.24,4,0.25,46409.72,10455.52,Cash on Delivery
ORD0005381,2025-02-18,CUST00045,Shreya Chatterjee,PROD0017,Camera Item 17,Electronics,Cameras,North,Delhi,New Delhi,100736.08,5,0.2,93181.35,7554.73,Credit Card
ORD0003706,2025-02-16,CUST00259,Amit Verma,PROD0052,Kids Wear Item 52,Clothing,Kids Wear,North,Punjab,Ludhiana,3109.64,5,0.2,2285.9,823.74,UPI
ORD0004255,2025-02-05,CUST00877,Karan Reddy,PROD0069,Dairy Item 69,Grocery,Dairy,South,Telangana,Warangal,2218.6,5,0.0,1446.6,772.0,Debit Card
ORD0005457,2025-02-05,CUST00447,Sanya Malhotra,PROD0015,Headphone Item 15,Electronics,Headphones,North,Delhi,New Delhi,60651.46,2,0.15,52358.8,8292.66,Debit Card
ORD0004519,2025-02-23,CUST00476,Aditi Iyer,PROD0002,Mobile Phone Item 2,Electronics,Mobile Phones,East,Bihar,Patna,27548.49,7,0.05,19439.77,8108.72,Debit Card
ORD0006304,2025-02-18,CUST00816,Pooja Rao,PROD0093,Storage Item 93,Office Supplies,Storage,West,Maharashtra,Pune,15852.81,3,0.1,12968.43,2884.38,Net Banking
ORD0006426,2025-02-12,CUST00453,Rahul Mehta,PROD0047,Women's Wear Item 47,Clothing,Women's Wear,North,Delhi,New Delhi,19256.88,7,0.15,13660.78,5596.1,Credit Card
ORD0006100,2025-02-18,CUST00078,Rahul Das,PROD0009,Television Item 9,Electronics,Televisions,West,Gujarat,Surat,10833.04,2,0.05,6664.58,4168.46,UPI
ORD0005086,2025-02-12,CUST00405,Kavya Malhotra,PROD0012,Television Item 12,Electronics,Televisions,South,Telangana,Warangal,187901.2,5,0.0,128823.4,59077.8,Credit Card
ORD0003957,2025-02-21,CUST00638,Manish Mehta,PROD0039,Storage Unit Item 39,Furniture,Storage Units,South,Karnataka,Bengaluru,116924.36,7,0.0,76014.05,40910.31,UPI
ORD0004166,2025-02-06,CUST00019,Divya Chatterjee,PROD0035,Sofa Item 35,Furniture,Sofas,East,Odisha,Bhubaneswar,118566.3,6,0.0,71368.56,47197.74,Credit Card
ORD0004855,2025-02-23,CUST00811,Rohan Sharma,PROD0026,Table Item 26,Furniture,Tables,North,Punjab,Ludhiana,45492.19,3,0.2,34807.29,10684.9,Credit Card
ORD0003850,2025-02-26,CUST00127,Kabir Nair,PROD0064,Beverage Item 64,Grocery,Beverages,North,Delhi,Rohini,4558.68,4,0.0,2924.76,1633.92,UPI
ORD0005696,2025-02-20,CUST00613,Neha Malhotra,PROD0030,Bookcase Item 30,Furniture,Bookcases,East,Odisha,Bhubaneswar,123051.53,7,0.0,83974.87,39076.66,Credit Card
ORD0005962,2025-02-02,CUST00681,Aditi Verma,PROD0041,Men's Wear Item 41,Clothing,Men's Wear,North,Delhi,Dwarka,19789.15,5,0.0,14932.45,4856.7,Cash on Delivery
ORD0005325,02-14-2025,,Rohan Sharma,PROD0096,Storage Item 96,OFFICE SUPPLIES,Storage,West,Maharashtra,Mumbai,1441.47,1,0.05,1079.14,362.33,Net Banking
ORD0005459,2025-02-12,CUST00583,Sanya Verma,PROD0075,Staple Item 75,Grocery,Staples,West,Maharashtra,Pune,1767.52,2,0.15,1271.94,495.58,Debit Card
ORD0006789,2025-02-13,CUST00039,Ananya Gupta,PROD0027,Table Item 27,Furniture,Tables,South,Karnataka,Mysuru,7337.63,1,0.2,5414.38,1923.25,UPI
ORD0005031,2025-02-13,CUST00291,Aditi Chatterjee,PROD0099,Appliance Item 99,Office Supplies,Appliances,South,Tamil Nadu,Chennai,2365.12,2,0.15,2098.04,267.08,UPI
ORD0005818,2025-02-12,CUST00189,Manish Mehta,PROD0018,Camera Item 18,Electronics,Cameras,North,Delhi,New Delhi,37346.12,1,0.2,28089.11,9257.01,Net Banking
ORD0003962,2025-02-01,CUST00309,Rohan Iyer,PROD0039,Storage Unit Item 39,Furniture,Storage Units,North,Punjab,Ludhiana,70989.79,5,0.15,54295.75,16694.04,Debit Card
ORD0006215,2025-02-11,CUST00209,Pallavi Verma,PROD0044,Men's Wear Item 44,Clothing,Men's Wear,East,West Bengal,Howrah,3126.26,2,0.0,1758.6,1367.66,Debit Card
ORD0005981,2025-02-14,CUST00215,Aarav Mehta,PROD0082,Paper Item 82,Office Supplies,Paper,West,Gujarat,Ahmedabad,6821.8,5,0.15,5669.05,1152.75,UPI
ORD0003928,2025-02-25,CUST00705,Aarav Iyer,PROD0039,Storage Unit Item 39,Furniture,Storage Units,West,Maharashtra,Nagpur,95209.84,6,0.05,65154.9,30054.94,UPI
ORD0003872,2025-02-22,CUST00632,Rahul Chatterjee,PROD0071,Dairy Item 71,GROCERY,Dairy,South,Telangana,Hyderabad,466.44,3,0.0,334.38,132.06,Credit Card
ORD0004667,2025-02-04,CUST00817,Aditi Rao,PROD0054,Footwear Item 54,Clothing,Footwear,East,Odisha,Bhubaneswar,7421.7,2,0.0,4674.1,2747.6,Net Banking
ORD0004170,25 February 2025,CUST00633,Rohan Sharma,PROD0083,Paper Item 83,Office Supplies,Paper,West,Maharashtra,Pune,9456.78,5,0.05,7904.2,1552.58,Debit Card
ORD0004586,2025-02-25,CUST00479,Neha Das,PROD0044,Men's Wear Item 44,Clothing,Men's Wear,West,Maharashtra,Nagpur,3126.26,2,0.0,1758.6,1367.66,Credit Card
ORD0003839,2025-02-06,CUST00722,Rajesh Reddy,PROD0057,Accessorie Item 57,Clothing,Accessories,South,Karnataka,Bengaluru,7684.88,5,0.25,8069.3,-384.42,Credit Card
ORD0005627,2025-02-21,CUST00766,Aditi Sharma,PROD0095,Storage Item 95,Office Supplies,Storage,West,Maharashtra,Pune,2348.47,1,0.2,1949.56,398.91,UPI
ORD0005807,2025-02-01,CUST00592,Aryan Khan,PROD0048,Women's Wear Item 48,Clothing,Women's Wear,West,Maharashtra,Nagpur,23423.4,7,0.1,17164.07,6259.33,Cash on Delivery
ORD0004615,2025-02-01,CUST00543,Meera Chatterjee,PROD0028,Table Item 28,Furniture,Tables,South,Karnataka,Bengaluru,118615.14,4,0.1,101745.08,16870.06,Credit Card
ORD0005500,2025-02-03,CUST00446,Aditi Mehta,PROD0043,Men's Wear Item 43,Clothing,Men's Wear,South,Tamil Nadu,Chennai,2943.21,4,0.15,2701.4,379.79,Net Banking
ORD0004144,2025-02-23,CUST00135,Karan Kumar,PROD0036,Sofa Item 36,Furniture,Sofas,East,West Bengal,Howrah,17971.93,2,0.05,10546.94,7424.99,Credit Card
ORD0006266,08 February 2025,CUST00654,Rohan Gupta,PROD0038,Storage Unit Item 38,Furnitures,Storage Units,West,Gujarat,Surat,30080.9,3,0.15,24844.41,5236.49,Cash on Delivery
ORD0006335,2025-02-21,CUST00401,Aarav Iyer,PROD0065,Snack Item 65,Grocery,Snacks,North,Haryana,Faridabad,2697.87,4,0.25,2340.96,356.91,Debit Card
ORD0005155,2025-02-23,CUST00169,Rajesh Nair,PROD0048,Women's Wear Item 48,Clothing,Women's Wear,South,Tamil Nadu,Chennai,22308.0,6,0.0,14712.06,7595.94,Net Banking
ORD0005600,2025-02-05,CUST00571,Amit Nair,PROD0022,Chair Item 22,Furniture,Chairs,South,Karnataka,Bengaluru,34693.15,5,0.0,22668.25,12024.9,Debit Card
ORD0004282,2025-02-13,CUST00361,Ishaan Rao,PROD0081,Paper Item 81,Office Supplies,Paper,West,Rajasthan,Udaipur,5722.24,1,0.0,4019.96,1702.28,Credit Card
ORD0005878,2025-02-15,CUST00642,Kavya Joshi,PROD0083,Paper Item 83,Office Supplies,Paper,West,Rajasthan,Jaipur,6769.06,4,0.15,6323.36,445.7,Cash on Delivery
ORD0006355,2025-02-25,CUST00223,Sanya Das,PROD0095,Storage Item 95,OFFICE SUPPLIES,Storage,North,Haryana,Faridabad,8806.77,3,0.0,5848.68,6297.84,UPI
ORD0005856,2025-02-16,CUST00586,Karan Das,PROD0089,Art Supplie Item 89,Office Supplies,Art Supplies,West,Rajasthan,Jaipur,23189.88,7,0.0,15594.18,7595.7,UPI
ORD0005279,2025-02-15,CUST00652,Aryan Rao,PROD0037,Storage Unit Item 37,Furniture,Storage Units,West,Maharashtra,Mumbai,34077.4,7,0.0,26553.52,7523.88,UPI
ORD0006360,2025-02-27,CUST00102,Priya Mehta,PROD0095,Storage Item 95,Office Supplies,Storage,West,Maharashtra,Pune,14677.95,5,0.0,9747.8,4930.15,Debit Card
ORD0004022,2025-02-18,CUST00488,Ishaan Gupta,PROD0018,Camera Item 18,Electronics,Cameras,North,Delhi,Dwarka,39680.25,1,0.15,28089.11,11591.14,UPI
ORD0005298,2025-02-24,CUST00492,Vikram Das,PROD0016,Headphone Item 16,Electronics,Headphones,East,Odisha,Bhubaneswar,67744.51,4,0.1,48385.64,19358.87,Credit Card
ORD0004120,2025-02-03,,Rohan Sharma,PROD0094,Storage Item 94,OFFICE SUPPLIES,Storage,West,Maharashtra,Nagpur,27669.24,6,0.0,20493.18,7176.06,Credit Card
ORD0004619,2025-02-21,CUST00561,Aarav Verma,PROD0090,Art Supplie Item 90,Office Supplies,Art Supplies,East,Bihar,Gaya,15319.96,5,0.2,12132.05,3187.91,UPI
ORD0004042,2025-02-23,CUST00093,Priya Khan,PROD0028,Table Item 28,Furniture,Tables,South,Karnataka,Mysuru,29653.79,1,0.1,25436.27,4217.52,UPI
ORD0005995,2025-02-06,CUST00490,Arjun Kumar,PROD0001,Mobile Phone Item 1,Electronics,Mobile Phones,North,Haryana,Gurugram,23121.9,1,0.2,17770.91,5350.99,Credit Card
ORD0004584,2025-02-22,CUST00246,Sneha Chatterjee,PROD0008,Laptop Item 8,Electronics,Laptops,North,Delhi,Dwarka,56020.03,1,0.05,46481.87,9538.16,UPI
ORD0003807,2025-02-21,CUST00871,Neha Mehta,PROD0035,Sofa Item 35,Furniture,Sofas,North,Delhi,Rohini,53354.84,3,0.1,35684.28,17670.56,UPI
ORD0003854,2025-02-04,CUST00841,Rajesh Sharma,PROD0057,Accessorie Item 57,Clothing,Accessories,West,Gujarat,Surat,1741.91,1,0.15,1613.86,128.05,Debit Card
ORD0006366,2025-02-28,CUST00176,Sanya Sharma,PROD0043,Men's Wear Item 43,Clothing,Men's Wear,North,Delhi,Dwarka,692.52,1,0.2,675.35,17.17,Credit Card
ORD0003996,2025-02-07,CUST00855,Rohan Gupta,PROD0070,Dairy Item 70,Grocery,Dairy,East,Odisha,Cuttack,1501.36,3,0.1,969.96,531.4,Credit Card
ORD0004723,2025-02-19,CUST00608,Aditi Verma,PROD0086,Binder Item 86,Office Supplies,Binders,East,Bihar,Gaya,26315.65,5,0.0,18488.25,7827.4,Debit Card
ORD0003986,2025-02-27,CUST00419,Nikhil Gupta,PROD0048,Women's Wear Item 48,Clothing,Women's Wear,East,Odisha,Cuttack,13384.8,4,0.1,9808.04,3576.76,Credit Card
ORD0006210,2025-02-25,CUST00695,Amit Rao,PROD0035,Sofa Item 35,Furniture,Sofas,South,Tamil Nadu,Chennai,37545.99,2,0.05,23789.52,13756.47,UPI
ORD0005088,2025-02-06,CUST00196,Manish Patel,PROD0082,Paper Item 82,Office Supplies,Paper,South,Telangana,Warangal,6420.52,4,0.0,4535.24,1885.28,Credit Card
ORD0005422,2025-02-07,CUST00318,Kabir Das,PROD0037,Storage Unit Item 37,Furniture,Storage Units,North,Delhi,New Delhi,9249.58,2,0.05,7586.72,1662.86,Credit Card
ORD0003829,2025-02-19,CUST00057,Vikram Khan,PROD0091,Art Supplie Item 91,Office Supplies,Art Supplies,North,Haryana,Gurugram,1309.69,1,0.15,1199.01,110.68,UPI
ORD0006399,2025-02-09,CUST00741,Ishaan Sharma,PROD0081,Paper Item 81,Office Supplies,Paper,South,Tamil Nadu,Chennai,21744.51,4,0.05,16079.84,5664.67,Debit Card
ORD0005413,2025-02-22,CUST00674,Divya Mehta,PROD0073,Staple Item 73,Groceries,Staples,West,Gujarat,Ahmedabad,509.11,7,0.0,321.58,187.53,Credit Card
ORD0005234,2025-02-25,CUST00380,Diya Mehta,PROD0041,Men's Wear Item 41,Clothing,Men's Wear,North,Punjab,Amritsar,3166.26,1,0.2,2986.49,179.77,UPI
ORD0004466,2025-02-25,CUST00202,Ananya Malhotra,PROD0032,Bookcase Item 32,Furniture,Bookcases,North,Punjab,Amritsar,16979.26,4,0.2,12340.0,4639.26,Credit Card
ORD0004348,2025-02-22,CUST00273,Nikhil Sharma,PROD0008,Laptop Item 8,Electronics,Laptops,West,Maharashtra,Mumbai,100246.36,2,0.15,92963.74,7282.62,Cash on Delivery
ORD0005656,2025-02-15,CUST00290,Amit Verma,PROD0068,Snack Item 68,Grocery,Snacks,South,Telangana,Hyderabad,2980.32,7,0.2,2651.6,328.72,Debit Card
ORD0004975,28-Feb-2025,CUST00219,Pooja Rao,PROD0017,Camera Item 17,Electronics,Cameras,West,Gujarat,Surat,141030.51,7,0.2,130453.89,10576.62,Cash on Delivery
ORD0006762,2025-02-14,CUST00237,Neha Khan,PROD0092,Art Supplie Item 92,Office Supplies,Art Supplies,East,West Bengal,Howrah,21093.27,4,0.05,16893.04,4200.23,Debit Card
ORD0006688,2025-02-03,CUST00122,Aditi Das,PROD0038,Storage Unit Item 38,Furniture,Storage Units,South,Tamil Nadu,Coimbatore,74317.51,7,0.1,57970.29,16347.22,Cash on Delivery
ORD0006621,2025-02-09,CUST00376,Rajesh Patel,PROD0056,Footwear Item 56,Clothing,Footwear,North,Delhi,Dwarka,9322.19,4,0.15,7676.28,1645.91,UPI
ORD0005758,2025-02-21,CUST00586,Karan Das,PROD0082,Paper Item 82,Office Supplies,Paper,East,West Bengal,Howrah,4333.85,3,0.1,3401.43,932.42,Credit Card
ORD0006073,2025-02-23,CUST00847,Riya Reddy,PROD0017,Camera Item 17,Electronics,Cameras,South,Karnataka,Bengaluru,60441.65,3,0.2,55908.81,4532.84,Credit Card
ORD0005267,02-02-2025,CUST00846,Shreya Rao,PROD0065,Snack Item 65,Grocery,Snacks,East,Bihar,Patna,2697.87,3,0.0,1755.72,942.15,Debit Card
ORD0006589,2025-02-25,CUST00666,Rahul Mehta,PROD0033,Sofa Item 33,Furniture,Sofas,South,Karnataka,Mysuru,28361.9,1,0.15,22372.79,5989.11,UPI
ORD0005516,2025-02-03,CUST00070,Arjun Reddy,PROD0064,Beverage Item 64,Grocery,Beverages,South,Telangana,Warangal,6838.02,6,0.0,4387.14,2450.88,UPI
ORD0006758,2025-02-13,CUST00792,Sanya Reddy,PROD0042,Men's Wear Item 42,Clothing,Men's Wear,West,Maharashtra,Nagpur,15219.85,5,0.0,10154.55,5065.3,UPI
ORD0004189,2025-02-24,CUST00744,Ishaan Sharma,PROD0088,Binder Item 88,Office Supplies,Binders,South,Telangana,Warangal,14644.75,3,0.05,9720.33,4924.42,UPI
ORD0005161,2025-02-21,CUST00872,Rahul Sharma,PROD0084,Paper Item 84,Office Supplies,Paper,South,Tamil Nadu,Coimbatore,16346.3,7,0.05,12412.12,3934.18,Cash on Delivery
ORD0004383,2025-02-23,CUST00843,Arjun Singh,PROD0032,Bookcase Item 32,Furnitures,Bookcases,North,Haryana,Faridabad,21224.08,4,0.0,12340.0,8884.08,Net Banking
ORD0006682,2025-02-12,CUST00216,Aditi Mehta,PROD0047,Women's Wear Item 47,Clothing,Women's Wear,South,Tamil Nadu,Coimbatore,21522.39,7,0.05,13660.78,7861.61,UPI
ORD0006222,2025-02-17,CUST00717,Kabir Singh,PROD0015,Headphone Item 15,Electronics,Headphones,South,Karnataka,Bengaluru,142709.32,4,0.0,104717.6,37991.72,UPI
ORD0004628,2025-02-17,CUST00008,Tanvi Joshi,PROD0082,Paper Item 82,Office Supplies,Paper,North,Delhi,New Delhi,7624.37,5,0.05,5669.05,1955.32,UPI
ORD0006474,2025-02-14,CUST00769,Ishaan Verma,PROD0009,Television Item 9,Electronics,Televisions,South,Tamil Nadu,Coimbatore,39911.2,7,0.0,23326.03,16585.17,Debit Card
ORD0004344,2025-02-13,CUST00287,Saanvi Sharma,PROD0042,Men's Wear Item 42,Clothing,Men's Wear,East,Odisha,Cuttack,20242.4,7,0.05,14216.37,6026.03,Cash on Delivery
ORD0003878,2025-02-11,CUST00114,Nikhil Kumar,PROD0018,Camera Item 18,Electronics,Cameras,North,Punjab,Ludhiana,245083.91,7,0.25,196623.77,48460.14,UPI
ORD0005873,2025-02-17,CUST00494,Karan Nair,PROD0059,Accessorie Item 59,Clothing,Accessories,South,Karnataka,Mysuru,4494.32,2,0.2,4278.04,331.19,Credit Card
ORD0004599,2025-02-04,CUST00449,Sanya Sharma,PROD0030,Bookcase Item 30,Furniture,Bookcases,East,West Bengal,Kolkata,42189.1,3,0.2,35989.23,6199.87,Debit Card
ORD0004363,2025-02-04,CUST00788,Ishaan Nair,PROD0028,Table Item 28,Furniture,Tables,East,Bihar,Patna,65897.3,2,0.0,50872.54,15024.76,Debit Card
ORD0005691,2025-02-09,CUST00344,Neha Kumar,PROD0037,Storage Unit Item 37,Furniture,Storage Units,East,Odisha,Cuttack,23123.95,5,0.05,18966.8,4157.15,UPI
ORD0004542,03-Feb-2025,CUST00524,Rohan Kumar,PROD0013,Headphone Item 13,Electronics,Headphones,East,Odisha,Bhubaneswar,53619.41,6,0.2,41106.9,12512.51,UPI
ORD0003888,2025-02-14,CUST00898,Priya Gupta,PROD0066,Snack Item 66,Grocery,Snacks,East,Bihar,Gaya,3132.4,5,0.1,2540.55,591.85,Debit Card
ORD0006678,2025-02-06,CUST00661,Diya Iyer,PROD0034,Sofa Item 34,Furniture,Sofas,North,Punjab,Ludhiana,63459.3,2,0.05,39471.3,23988.0,Credit Card
ORD0005782,2025-02-05,CUST00167,Ananya Chatterjee,PROD0031,Bookcase Item 31,Furniture,Bookcases,South,Telangana,Warangal,109158.59,6,0.05,75680.34,33478.25,UPI
ORD0005328,2025-02-27,CUST00424,Ishaan Sharma,PROD0038,Storage Unit Item 38,Furniture,Storage Units,West,Maharashtra,Nagpur,53083.94,5,0.1,41407.35,11676.59,Cash on Delivery
ORD0005009,2025-02-08,CUST00286,Rajesh Reddy,PROD0025,Table Item 25,Furniture,Tables,North,Delhi,Dwarka,115164.26,5,0.25,97479.7,17684.56,Cash on Delivery
ORD0005666,2025-02-07,CUST00021,Ishaan Joshi,PROD0006,Laptop Item 6,Electronics,Laptops,South,Telangana,Hyderabad,231205.05,5,0.0,177837.75,53367.3,UPI
ORD0006375,14-Feb-2025,CUST00368,Meera Das,PROD0013,Headphone Item 13,Electronics,Headphones,South,Tamil Nadu,Chennai,50268.19,6,0.25,41106.9,9161.29,Net Banking
ORD0006574,2025-02-14,CUST00608,Aditi Verma,PROD0034,Sofa Item 34,Furnitures,Sofas,West,Maharashtra,Pune,80159.11,3,0.2,59206.95,20952.16,Debit Card
ORD0004020,2025-02-14,CUST00592,Aryan Khan,PROD0093,Storage Item 93,Office Supplies,Storage,West,Maharashtra,Nagpur,17614.23,3,0.0,12968.43,4645.8,Credit Card
ORD0005162,2025-02-07,CUST00702,Saanvi Nair,PROD0070,Dairy Item 70,Grocery,Dairy,West,Maharashtra,Pune,1000.91,2,0.1,646.64,354.27,Net Banking
ORD0004597,2025-02-04,CUST00734,Riya Reddy,PROD0065,Snack Item 65,Grocery,Snacks,North,Punjab,Ludhiana,3821.98,5,0.15,2926.2,895.78,Cash on Delivery
ORD0005718,2025-02-28,CUST00692,Arjun Rao,PROD0075,Staple Item 75,Grocery,Staples,South,Karnataka,Bengaluru,3535.05,4,0.15,2543.88,991.17,UPI
ORD0005468,28-Feb-2025,CUST00211,Sneha Mehta,PROD0064,Beverage Item 64,Grocery,Beverages,South,Karnataka,Mysuru,3248.06,3,0.05,2193.57,1054.49,Debit Card
ORD0003745,2025-02-26,CUST00549,Divya Joshi,PROD0056,Footwear Item 56,Clothing,Footwear,North,Delhi,Rohini,13709.1,5,0.0,9595.35,4113.75,UPI
ORD0006283,13 February 2025,CUST00873,Meera Malhotra,PROD0007,Laptop Item 7,Electronics,Laptops,South,Karnataka,Mysuru,244107.23,6,0.25,259125.42,-15018.19,Credit Card
ORD0004374,2025-02-07,CUST00665,Aryan Nair,PROD0058,Accessorie Item 58,Clothing,Accessories,East,Bihar,Patna,6272.16,5,0.2,4659.5,1612.66,UPI
ORD0006361,2025-02-06,CUST00591,Karan Rao,PROD0076,Staple Item 76,Grocery,Staples,South,Telangana,Warangal,3272.12,5,0.2,2381.85,890.27,UPI
ORD0004695,2025-02-16,CUST00507,Rohan Nair,PROD0013,Headphone Item 13,electronics,Headphones,North,Punjab,Amritsar,58646.23,7,0.25,47958.05,10688.18,UPI
ORD0006365,2025-02-10,CUST00174,Pallavi Rao,PROD0002,Mobile Phone Item 2,Electronics,Mobile Phones,East,Bihar,Gaya,20713.15,5,0.0,13885.55,6827.6,Cash on Delivery
ORD0004679,2025-02-23,CUST00428,Saanvi Chatterjee,PROD0064,Beverage Item 64,Grocery,Beverages,West,Maharashtra,Pune,7977.69,7,0.0,5118.33,2859.36,Cash on Delivery
ORD0005664,2025-02-10,CUST00656,Sanya Nair,PROD0017,Camera Item 17,Electronics,Cameras,North,Delhi,Rohini,125920.1,5,0.0,93181.35,32738.75,UPI
ORD0004974,2025-02-27,CUST00610,Nikhil Khan,PROD0081,Paper Item 81,Office Supplies,Paper,South,Karnataka,Mysuru,28611.2,5,0.0,20099.8,23916.36,Debit Card
ORD0004244,2025-02-06,CUST00488,Ishaan Gupta,PROD0031,Bookcase Item 31,Furniture,Bookcases,North,Punjab,Amritsar,16278.04,1,0.15,12613.39,3664.65,Credit Card
ORD0006382,2025-02-02,CUST00235,Kabir Rao,PROD0076,Staple Item 76,Grocery,Staples,North,Punjab,Ludhiana,2454.09,3,0.0,1429.11,1024.98,Net Banking
ORD0006000,2025-02-15,CUST00765,Aarav Rao,PROD0085,Binder Item 85,Office Supplies,Binders,South,Tamil Nadu,Chennai,948.16,4,0.0,616.32,331.84,Debit Card
ORD0004573,2025-02-24,CUST00484,Karan Nair,PROD0061,Beverage Item 61,Grocery,Beverages,East,Odisha,Bhubaneswar,1076.36,1,0.0,793.71,282.65,Debit Card
ORD0006586,2025-02-13,CUST00126,Kabir Khan,PROD0053,Footwear Item 53,Clothing,Footwear,West,Gujarat,Ahmedabad,17552.34,7,0.05,11976.86,5575.48,Net Banking
ORD0006578,26 February 2025,CUST00183,Diya Singh,PROD0029,,Furniture,Bookcases,West,Rajasthan,Udaipur,24647.1,1,0.1,18606.25,6040.85,UPI
ORD0005606,2025-02-19,CUST00703,Kabir Patel,PROD0055,Footwear Item 55,Clothing,Footwear,East,West Bengal,Howrah,6720.46,3,0.25,5961.27,759.19,Debit Card
ORD0005785,2025-02-03,CUST00800,Divya Mehta,PROD0094,Storage Item 94,Office Supplies,Storage,West,Rajasthan,Jaipur,27669.24,6,0.0,20493.18,7176.06,UPI
ORD0005773,2025-02-12,CUST00362,Divya Verma,PROD0073,Staple Item 73,Grocery,Staples,South,Telangana,Warangal,276.37,4,0.05,183.76,92.61,UPI
ORD0005870,2025-02-11,CUST00098,Rajesh Verma,PROD0070,Dairy Item 70,Grocery,Dairy,South,Telangana,Hyderabad,945.3,2,0.15,646.64,298.66,UPI
ORD0006755,2025-02-18,CUST00584,Aarav Reddy,PROD0093,Storage Item 93,Office Supplies,Storage,North,Haryana,Faridabad,4990.7,1,0.15,4322.81,667.89,UPI
ORD0005323,2025-02-13,CUST00107,Shreya Khan,PROD0028,Table Item 28, Furniture,Tables,West,Rajasthan,Jaipur,184512.44,7,0.2,178053.89,6458.55,UPI
ORD0005001,2025-02-01,CUST00105,Rohan Joshi,PROD0021,Chair Item 21,Furniture,Chairs,North,Delhi,Rohini,55144.66,7,0.2,52499.09,2645.57,Credit Card
ORD0004431,2025-02-19,CUST00198,Tanvi Chatterjee,PROD0084,Paper Item 84,Office Supplies,Paper,East,West Bengal,Howrah,2458.09,1,0.0,1773.16,684.93,Debit Card
ORD0003708,2025-02-22,CUST00032,Arjun Malhotra,PROD0079,Personal Care Item 79,Grocery,Personal Care,North,Delhi,New Delhi,5484.4,5,0.0,3294.1,2190.3,UPI
ORD0006381,2025-02-25,CUST00270,Vikram Sharma,PROD0015,Headphone Item 15,Electronics,Headphones,West,Gujarat,Ahmedabad,178386.65,5,0.0,130897.0,47489.65,Debit Card
ORD0004011,2025-02-17,CUST00045,Shreya Chatterjee,PROD0053,Footwear Item 53,Clothing,Footwear,East,Bihar,Patna,5278.9,2,0.0,3421.96,1856.94,Cash on Delivery
ORD0005261,2025-02-10,CUST00449,Sanya Sharma,PROD0099,Appliance Item 99,Office Supplies,Appliances,East,West Bengal,Howrah,6956.25,5,0.0,5245.1,1711.15,UPI
ORD0004719,2025-02-22,CUST00622,Rajesh Khan,PROD0030,Bookcase Item 30,Furniture,Bookcases,North,Haryana,Faridabad,66799.4,4,0.05,47985.64,18813.76,Credit Card
ORD0006235,2025-02-10,CUST00225,Sanya Iyer,PROD0060,Accessorie Item 60,Clothing,Accessories,North,Punjab,Ludhiana,2020.23,6,0.25,1784.28,235.95,Credit Card
ORD0005611,2025-02-02,CUST00755,Divya Das,PROD0017,Camera Item 17,Electronics,Cameras,West,Rajasthan,Jaipur,141030.51,7,,130453.89,10576.62,Debit Card
ORD0004039,2025-02-10,CUST00102,Priya Mehta,PROD0012,Television Item 12,Electronics,Televisions,North,Punjab,Amritsar,127772.82,4,,103058.72,24714.1,Net Banking
ORD0005721,2025-02-17,CUST00881,Kavya Reddy,PROD0083,Paper Item 83,Office Supplies,Paper,North,Punjab,Amritsar,3981.8,2,0.0,3161.68,820.12,Credit Card
ORD0003871,27 February 2025,CUST00065,Pooja Das,PROD0056,Footwear Item 56,Clothing,Footwear,South,Tamil Nadu,Coimbatore,2193.46,1,0.2,1919.07,274.39,Credit Card
ORD0006185,2025-02-21,CUST00789,Vikram Joshi,PROD0001,Mobile Phone Item 1,Electronics,Mobile Phones,South,Telangana,Hyderabad,173414.22,6,0.0,106625.46,66788.76,UPI
ORD0003801,2025-02-23,CUST00212,Manish Kumar,PROD0023,Chair Item 23,FURNITURE,Chairs,North,Delhi,Dwarka,14566.67,1,0.1,9894.25,4672.42,Debit Card
ORD0005566,2025-02-26,CUST00672,Diya Kumar,PROD0099,Appliance Item 99,office supplies,Appliances,East,Odisha,Cuttack,4173.75,3,0.0,3147.06,1026.69,Cash on Delivery
ORD0005379,2025-02-06,CUST00884,Sanya Khan,PROD0009,Television Item 9,Electronics,Televisions,West,Maharashtra,Mumbai,25657.2,6,0.25,19993.74,5663.46,UPI
ORD0005530,2025-02-02,CUST00214,Divya Joshi,PROD0022,Chair Item 22, Furniture,Chairs,North,Delhi,Rohini,31223.84,5,0.1,22668.25,8555.59,Credit Card
ORD0004761,2025-02-16,CUST00610,Nikhil Khan,PROD0063,Beverage Item 63,Grocery,Beverages,North,Punjab,Ludhiana,768.55,1,0.05,506.13,262.42,Debit Card
ORD0005473,2025-02-22,CUST00676,Vivaan Reddy,PROD0029,Bookcase Item 29,Furniture,Bookcases,North,Delhi,Dwarka,109542.68,4,0.0,74425.0,35117.68,UPI
ORD0006485,2025-02-06,CUST00320,Shreya Malhotra,PROD0093,Storage Item 93,office supplies,Storage,East,Bihar,Patna,22017.79,5,0.25,21614.05,403.74,Debit Card
ORD0005491,2025-02-12,CUST00843,Arjun Singh,PROD0062,Beverage Item 62,Grocery,Beverages,North,Haryana,Faridabad,952.46,1,0.2,812.99,139.47,Credit Card
ORD0004271,02-16-2025,CUST00070,Arjun Reddy,PROD0049,Kids Wear Item 49,Clothing,Kids Wear,North,Delhi,Rohini,16785.41,7,0.1,10268.51,6516.9,Debit Card
ORD0003968,2025-02-03,CUST00361,Ishaan Rao,PROD0015,Headphone Item 15,Electronic,Headphones,West,Rajasthan,Udaipur,142709.32,5,0.2,130897.0,11812.32,Credit Card
ORD0005945,2025-02-16,CUST00421,Saanvi Das,PROD0053,Footwear Item 53,Cloths,Footwear,East,West Bengal,Howrah,4487.06,2,0.15,3421.96,1065.1,Credit Card
ORD0005147,2025-02-21,CUST00531,Shreya Mehta,PROD0094,Storage Item 94,Office Supplies,Storage,East,Odisha,Bhubaneswar,4150.39,1,0.1,3415.53,734.86,Credit Card
ORD0005777,2025-02-20,CUST00687,Rahul Reddy,PROD0021,Chair Item 21,Furniture,Chairs,West,Rajasthan,Udaipur,59083.56,6,0.0,44999.22,14084.34,Debit Card
ORD0004290,2025-02-20,CUST00447,Sanya Malhotra,PROD0018,Camera Item 18,Electronics,Cameras,West,Rajasthan,Udaipur,310439.62,7,0.05,196623.77,113815.85,Debit Card
ORD0004321,2025-02-27,CUST00482,Divya Gupta,PROD0022,Chair Item 22,Furniture,Chairs,East,Odisha,Cuttack,24979.07,4,0.1,18134.6,6844.47,Cash on Delivery
ORD0003924,2025-02-22,CUST00305,Pallavi Chatterjee,PROD0036,Sofa Item 36,Furniture,Sofas,North,Haryana,Faridabad,28376.73,4,0.25,21093.88,7282.85,Credit Card
ORD0004035,2025-02-16,CUST00775,Priya Sharma,PROD0098,Appliance Item 98,Office Supplies,Appliances,North,Haryana,Faridabad,10671.51,3,0.0,6963.12,3708.39,Debit Card
ORD0006115,2025-02-03,CUST00197,Kavya Kumar,PROD0048,Women's Wear Item 48,Apparel,Women's Wear,West,Gujarat,Ahmedabad,5577.0,2,0.25,4904.02,672.98,Debit Card
ORD0004419,20 February 2025,CUST00149,Divya Khan,PROD0006,Laptop Item 6,Electronics,Laptops,West,Rajasthan,Udaipur,46241.01,1,0.0,35567.55,10673.46,Credit Card
ORD0004198,02-19-2025,CUST00054,,PROD0075,Staple Item 75,Grocery,Staples,West,Gujarat,Ahmedabad,2339.37,3,0.25,1907.91,431.46,Credit Card
ORD0004593,2025-02-20,CUST00714,Aryan Rao,PROD0049,Kids Wear Item 49,Clothing,Kids Wear,West,Gujarat,Ahmedabad,6394.44,3,0.2,4400.79,1993.65,Credit Card
ORD0005541,2025-02-12,CUST00640,Aarav Chatterjee,PROD0043,Men's Wear Item 43,Clothing,Men's Wear,South,Tamil Nadu,Coimbatore,4674.51,6,0.1,4052.1,622.41,Credit Card
ORD0004731,2025-02-22,CUST00382,Rajesh Rao,PROD0084,Paper Item 84,Office Supplies,Paper,North,Punjab,Ludhiana,14011.11,6,0.05,10638.96,3372.15,UPI
ORD0004299,2025-02-12,CUST00548,Ananya Verma,PROD0018,Camera Item 18,Electronics,Cameras,East,West Bengal,Kolkata,105035.96,3,0.25,84267.33,20768.63,Debit Card
ORD0006161,02-13-2025,CUST00835,Sanya Mehta,PROD0083,Paper Item 83,OfficeSupplies,Paper,West,Maharashtra,Mumbai,5972.7,4,0.25,6323.36,-350.66,Debit Card
ORD0006178,2025-02-17,CUST00145,Vikram Khan,PROD0011,Television Item 11,Electronics,Televisions,South,Karnataka,Mysuru,43039.26,6,0.0,32772.24,10267.02,Credit Card
ORD0006082,2025-02-13,CUST00005,Meera Verma,PROD0064,Beverage Item 64,Grocery,Beverages,South,Telangana,Hyderabad,1139.67,1,0.0,731.19,408.48,UPI
ORD0004642,2025-02-24,CUST00581,Pooja Khan,PROD0014,Headphone Item 14,electronics,Headphones,East,Bihar,Gaya,31003.01,3,0.05,24899.76,6103.25,UPI
ORD0005783,2025-02-11,CUST00459,Vikram Joshi,PROD0015,Headphone Item 15,Electronic,Headphones,West,Rajasthan,Udaipur,80273.99,3,0.25,78538.2,1735.79,Debit Card
ORD0006214,2025-02-18,CUST00215,Aarav Mehta,PROD0014,Headphone Item 14,Electronics,Headphones,North,Delhi,New Delhi,27739.54,3,0.15,24899.76,2839.78,Credit Card
ORD0006167,2025-02-10,CUST00211,Sneha Mehta,PROD0079,Personal Care Item 79,Grocery,Personal Care,South,Karnataka,Bengaluru,2797.04,3,0.15,1976.46,820.58,UPI
ORD0004070,02-17-2025,CUST00036,Shreya Gupta,PROD0026,Table Item 26,Furniture,Tables,East,Bihar,Gaya,42648.93,3,0.25,34807.29,7841.64,Credit Card
ORD0004514,20 February 2025,CUST00720,Ananya Malhotra,PROD0011,Television Item 11,Electronics,Televisions,South,Karnataka,Bengaluru,18291.69,3,0.15,16386.12,1905.57,Net Banking
ORD0004223,2025-02-13,CUST00662,Vikram Rao,PROD0083,Paper Item 83,Office Supplies,Paper,East,Odisha,Bhubaneswar,7565.42,4,0.05,6323.36,1242.06,Credit Card
ORD0005384,2025-02-13,CUST00304,Ananya Singh,PROD0069,Dairy Item 69,Grocery,Dairy,West,Maharashtra,Nagpur,N/A,7,0.0,2025.24,1080.8,Credit Card
ORD0004795,2025-02-15,CUST00304,Ananya Singh,PROD0012,Television Item 12,Electronic,Televisions,North,Delhi,Dwarka,159716.02,5,0.15,128823.4,30892.62,UPI
ORD0003838,2025-02-23,CUST00371,Nikhil Joshi,PROD0004,Mobile Phone Item 4,Electronics,Mobile Phones,North,Haryana,Gurugram,22865.35,1,0.25,17611.59,5253.76,Cash on Delivery
ORD0006033,2025-02-14,CUST00560,Tanvi Khan,PROD0059,Accessorie Item 59,Cloths,Accessories,North,Delhi,New Delhi,14746.99,7,0.25,14973.14,-226.15,UPI
ORD0003826,2025-02-07,CUST00747,Aarav Nair,PROD0034,Sofa Item 34,Furniture,Sofas,South,Karnataka,Bengaluru,133598.52,4,0.0,78942.6,54655.92,Credit Card
ORD0003995,2025-02-18,CUST00553,Ananya Patel,PROD0075,Staple Item 75,Grocery,Staples,North,Delhi,Dwarka,6550.24,7,0.1,4451.79,2098.45,Credit Card
ORD0006524,2025-02-18,CUST00638,Manish Mehta,PROD0078,Personal Care Item 78,Grocery,Personal Care,West,Gujarat,Surat,2105.88,7,0.2,1891.82,214.06,UPI
ORD0005732,2025-02-13,CUST00661,Diya Iyer,PROD0055,Footwear Item 55,clothing,Footwear,East,West Bengal,Howrah,17921.22,6,0.0,11922.54,5998.68,UPI
ORD0005265,03-Feb-2025,CUST00368,Meera Das,PROD0096,Storage Item 96,Office Supplies,Storage,North,Punjab,Ludhiana,7586.7,5,0.0,5395.7,2191.0,Credit Card
ORD0006227,2025-02-01,CUST00882,Aarav Kumar,PROD0014,Headphone Item 14,Electronics,Headphones,North,Delhi,Dwarka,32634.75,4,0.25,33199.68,-564.93,Credit Card
ORD0006164,2025-02-01,CUST00598,Sanya Das,PROD0016,Headphone Item 16,Electronics,Headphones,South,Karnataka,Mysuru,111966.62,7,0.15,84674.87,27291.75,UPI
ORD0006760,2025-02-18,CUST00434,Nikhil Chatterjee,PROD0046,Women's Wear Item 46,Clothing,Women's Wear,East,West Bengal,Howrah,4687.24,2,0.1,3842.02,2123.88,UPI
ORD0004937,25-Feb-2025,CUST00010,Divya Khan,PROD0085,Binder Item 85,Office Supplies,Binders,East,Odisha,Cuttack,1659.28,7,0.0,1078.56,580.72,Net Banking
ORD0006226,2025-02-04,CUST00639,Riya Joshi,PROD0006,Laptop Item 6,Electronics,Laptops,West,Maharashtra,Nagpur,124850.73,3,0.1,106702.65,18148.08,Credit Card
ORD0004007,2025-02-17,CUST00504,Divya Singh,PROD0004,Mobile Phone Item 4,Electronics,Mobile Phones,South,Telangana,Hyderabad,164630.5,6,0.1,105669.54,58960.96,UPI
ORD0006411,2025-02-19,CUST00522,Neha Nair,PROD0069,Dairy Item 69,Grocery,Dairy,East,Bihar,Patna,754.32,2,,578.64,175.68,Debit Card
ORD0005383,2025-02-02,CUST00442,Rahul Patel,PROD0076,Staple Item 76,Grocery,Staples,West,Maharashtra,Nagpur,3681.14,6,0.25,2858.22,822.92,Credit Card
ORD0006093,2025-02-03,CUST00472,Sneha Khan,PROD0022,Chair Item 22,Furniture,Chairs,West,Maharashtra,Mumbai,29489.18,5,0.15,22668.25,6820.93,UPI
ORD0004166,2025-02-06,CUST00019,,PROD0035,Sofa Item 35,Furniture,Sofas,East,Odisha,Bhubaneswar,118566.3,6,0.0,71368.56,47197.74,Credit Card
ORD0005364,2025-02-16,CUST00311,Rahul Khan,PROD0061,Beverage Item 61,Grocery,Beverages,South,Karnataka,Bengaluru,3659.62,4,0.15,3174.84,484.78,Credit Card
ORD0003997,2025-02-16,CUST00465,Neha Kumar,PROD0032,Bookcase Item 32,Furniture,Bookcases,South,Karnataka,Mysuru,27060.7,6,0.15,18510.0,8550.7,UPI
ORD0005167,2025-02-04,CUST00775,Priya Sharma,PROD0010,Television Item 10,Electronics,Televisions,North,Delhi,Rohini,77245.16,4,0.0,53162.0,24083.16,Debit Card
ORD0006679,2025-02-27,CUST00313,Karan Gupta,PROD0075,Staple Item 75,Grocery,Staples,West,Gujarat,Surat,883.76,1,0.15,635.97,247.79,Credit Card
ORD0005260,2025-02-11,CUST00141,Saanvi Khan,PROD0048,Women's Wear Item 48,Clothing,Women's Wear,North,Haryana,Gurugram,15801.5,5,0.15,12260.05,3541.45,Credit Card
ORD0004971,2025-02-15,CUST00683,Vikram Sharma,PROD0050,Kids Wear Item 50,clothing,Kids Wear,East,West Bengal,Kolkata,3975.46,1,0.0,2465.68,1509.78,Credit Card
ORD0006397,2025-02-02,CUST00272,Kabir Patel,PROD0097,Appliance Item 97,Office Supplies,Appliances,North,Delhi,Rohini,7227.96,5,0.2,5551.55,1676.41,Debit Card
ORD0006650,2025-02-03,CUST00782,Rohan Rao,PROD0012,Television Item 12,Electronics,Televisions,South,Telangana,Hyderabad,67644.43,2,0.1,51529.36,16115.07,Net Banking
ORD0005645,2025-02-09,CUST00651,Manish Reddy,PROD0034,Sofa Item 34,Furniture,Sofas,North,Delhi,New Delhi,125248.61,5,0.25,98678.25,26570.36,Credit Card
ORD0003890,2025-02-27,CUST00549,Divya Joshi,PROD0020,Camera Item 20,Electronics,Cameras,North,Punjab,Ludhiana,51226.98,1,0.05,31011.14,20215.84,UPI
ORD0006024,2025-02-25,CUST00209,Pallavi Verma,PROD0054,Footwear Item 54,Clothing,Footwear,East,Odisha,Cuttack,18554.25,5,0.0,11685.25,6869.0,Net Banking
ORD0006265,2025-02-02,CUST00796,Manish Nair,PROD0034,Sofa Item 34,Furniture,Sofas,North,Haryana,Gurugram,166998.15,5,0.0,98678.25,68319.9,Credit Card
ORD0006706,2025-02-23,CUST00414,Aryan Rao,PROD0024,Chair Item 24,Furniture,Chairs,East,West Bengal,Howrah,175632.73,7,0.0,133978.53,41654.2,UPI
ORD0005957,2025-02-10,CUST00071,Pallavi Gupta,PROD0054,Footwear Item 54,Clothing,Footwear,East,West Bengal,Howrah,13915.69,5,0.25,11685.25,2230.44,UPI
ORD0003984,2025-02-02,CUST00843,Arjun Singh,PROD0080,Personal Care Item 80,Grocery,Personal Care,South,Tamil Nadu,Chennai,2693.56,4,0.0,1953.76,739.8,Credit Card
ORD0006131,2025-02-02,CUST00734,Riya Reddy,PROD0004,Mobile Phone Item 4,Electronics,Mobile Phones,North,Delhi,New Delhi,97558.82,4,0.2,70446.36,27112.46,UPI
ORD0005373,2025-02-27,CUST00778,Rahul Patel,PROD0028,Table Item 28,Furniture,Tables,East,Odisha,Cuttack,131794.6,4,0.0,101745.08,30049.52,Credit Card
ORD0005275,2025-02-25,CUST00189,Manish Mehta,PROD0057,Accessorie Item 57,Clothing,Accessories,East,Bihar,Patna,14345.1,7,0.0,11297.02,3048.08,Net Banking
ORD0005245,2025-02-16,CUST00714,Aryan Rao,PROD0003,Mobile Phone Item 3,Electronics,Mobile Phones,South,Telangana,Warangal,43215.7,1,0.25,41091.21,2124.49,UPI
ORD0003936,2025-02-24,CUST00192,Rajesh Gupta,PROD0081,Paper Item 81,Office Supplies,Paper,East,West Bengal,Howrah,28611.2,5,0.0,20099.8,8511.4,Credit Card
ORD0006366,02-28-2025,CUST00176,Sanya Sharma,PROD0043,Men's Wear Item 43,Clothing,Men's Wear,North,Delhi,Dwarka,692.52,1,0.2,675.35,17.17,Credit Card
ORD0003755,2025-02-17,CUST00194,Aditi Chatterjee,PROD0017,Camera Item 17,Electronics,Cameras,South,Telangana,Warangal,151104.12,6,0.0,111817.62,39286.5,Cash on Delivery
ORD0004291,2025-02-12,CUST00826,Kabir Sharma,PROD0007,Laptop Item 7,Electronics,Laptops,East,Odisha,Cuttack,260381.04,6,0.2,259125.42,1255.62,Debit Card
ORD0005157,2025-02-22,CUST00692,Arjun Rao,PROD0045,Women's Wear Item 45,Clothing,Women's Wear,North,Punjab,Amritsar,6267.56,4,0.0,4692.0,1575.56,Debit Card
ORD0006495,2025-02-13,CUST00491,Pooja Mehta,PROD0099,Appliance Item 99,Office Supplies,Appliances,East,Bihar,Patna,2782.5,2,0.0,2098.04,684.46,Debit Card
ORD0006158,2025-02-02,CUST00487,Priya Khan,PROD0048,Women's Wear Item 48,clothing,Women's Wear,South,Tamil Nadu,Coimbatore,13384.8,4,0.1,9808.04,3576.76,Debit Card
ORD0006072,2025-02-10,CUST00874,Pallavi Reddy,PROD0083,Paper Item 83,Office Supplies,Paper,East,West Bengal,Kolkata,7963.6,4,0.0,6323.36,1640.24,Credit Card
ORD0006408,2025-02-06,CUST00500,Rajesh Singh,PROD0054,Footwear Item 54,Clothing,Footwear,West,Maharashtra,Pune,8906.04,3,0.2,7011.15,1894.89,UPI
ORD0006747,2025-02-13,CUST00391,Amit Das,PROD0066,Snack Item 66,Grocery,Snacks,North,Delhi,Rohini,2088.27,3,0.0,1524.33,563.94,UPI
ORD0005337,2025-02-11,CUST00658,Sneha Iyer,PROD0011,Television Item 11,Electronics,Televisions,North,Delhi,Dwarka,50212.47,7,0.0,38234.28,11978.19,UPI
ORD0003958,02-11-2025,CUST00336,Rajesh Kumar,PROD0060,Accessorie Item 60,Clothing,Accessories,South,Karnataka,Mysuru,3142.58,7,0.0,2081.66,1060.92,Net Banking
ORD0004317,2025-02-20,CUST00876,Sneha Rao,PROD0049,Kids Wear Item 49,Clothing,Kids Wear,North,Haryana,Gurugram,13987.84,7,0.25,10268.51,3719.33,Debit Card
ORD0004478,2025-02-22,CUST00022,Tanvi Nair,PROD0008,Laptop Item 8,Electronics,Laptops,East,Odisha,Cuttack,412779.15,7,0.0,325373.09,87406.06,Net Banking
ORD0004551,2025-02-23,CUST00493,Pooja Das,PROD0081,Paper Item 81,Office Supplies,Paper,East,West Bengal,Kolkata,11444.48,2,0.0,8039.92,3404.56,Debit Card
ORD0005195,02-21-2025,CUST00074,Vivaan Gupta,PROD0006,Laptop Item 6,Electronics,Laptops,North,Haryana,Gurugram,323687.07,7,0.0,248972.85,74714.22,Cash on Delivery
ORD0006039,2025-02-01,CUST00081,Pallavi Das,PROD0019,Camera Item 19,Electronics,Cameras,North,Delhi,New Delhi,226320.08,4,0.0,131302.72,95017.36,UPI
ORD0006658,2025-02-25,CUST00073,Pallavi Chatterjee,PROD0027,Table Item 27,Furniture,Tables,West,Gujarat,Ahmedabad,52280.63,6,0.05,32486.28,19794.35,UPI
ORD0004998,2025-02-12,CUST00290,Amit Verma,PROD0069,Dairy Item 69,Grocery ,Dairy,West,Gujarat,Surat,798.7,2,0.1,578.64,220.06,Credit Card
ORD0005577,2025-02-09,CUST00848,Ishaan Das,PROD0045,Women's Wear Item 45,Cloths,Women's Wear,South,Tamil Nadu,Chennai,8931.27,6,0.05,7038.0,1893.27,Credit Card
ORD0006537,2025-02-14,CUST00881,Kavya Reddy,PROD0068,Snack Item 68,Grocery,Snacks,West,Gujarat,Ahmedabad,1064.4,2,0.0,757.6,306.8,Cash on Delivery
ORD0005996,2025-02-20,CUST00534,Sneha Das,PROD0071,Dairy Item 71,Grocery,Dairy,East,West Bengal,Kolkata,1088.36,7,0.0,780.22,308.14,Credit Card
ORD0005875,2025-02-12,CUST00423,Aarav Sharma,PROD0050,Kids Wear Item 50,Clothing,Kids Wear,West,Rajasthan,Udaipur,23852.76,6,0.0,14794.08,9058.68,Debit Card
ORD0003785,2025-02-01,CUST00854,Pallavi Rao,PROD0069,Dairy Item 69,Grocery ,Dairy,West,Maharashtra,Nagpur,1774.88,4,0.0,1157.28,1498.17,UPI
ORD0004786,2025-02-28,CUST00189,Manish Mehta,PROD0091,Art Supplie Item 91,Office Supplies,Art Supplies,West,Rajasthan,Jaipur,6163.24,4,0.0,4796.04,1367.2,Credit Card
ORD0005580,2025-02-07,CUST00075,Nikhil Sharma,PROD0088,Binder Item 88,Office Supplies,Binders,North,Delhi,Dwarka,29289.51,6,0.05,19440.66,23742.44,Cash on Delivery
ORD0006447,2025-02-27,CUST00567,Shreya Joshi,PROD0087,Binder Item 87,office supplies,Binders,West,Rajasthan,Jaipur,12916.48,5,0.05,10659.3,2257.18,Credit Card
ORD0004580,2025-02-09,CUST00207,Saanvi Patel,PROD0001,Mobile Phone Item 1,Electronics,Mobile Phones,West,Maharashtra,Nagpur,86707.11,3,,53312.73,33394.38,UPI
ORD0005707,04/02/2025,CUST00591,Karan Rao,PROD0035,Sofa Item 35,Furniture,Sofas,North,Delhi,New Delhi,124494.62,7,0.1,83263.32,41231.3,Net Banking
ORD0004890,2025-02-22,CUST00403,Manish Joshi,PROD0093,Storage Item 93,Office Supplies,Storage,West,Gujarat,Surat,14091.38,3,0.2,12968.43,1122.95,Credit Card
ORD0006557,2025-02-27,CUST00388,Divya Malhotra,PROD0092,Art Supplie Item 92,Office Supplies,Art Supplies,East,Bihar,Patna,8881.38,2,0.2,8446.52,434.86,Credit Card
ORD0004710,2025-02-12,CUST00506,Saanvi Joshi,PROD0078,Personal Care Item 78,Grocery,Personal Care,North,Delhi,Dwarka,1692.22,5,0.1,1351.3,340.92,Cash on Delivery
ORD0005720,2025-02-28,CUST00021,Ishaan Joshi,PROD0016,Headphone Item 16,Electronics,Headphones,South,Telangana,Warangal,89385.12,5,0.05,60482.05,28903.07,Credit Card
ORD0004115,2025-02-13,CUST00237,Neha Khan,PROD0007,Laptop Item 7,Electronics ,Laptops,East,Bihar,Gaya,325476.3,6,0.0,259125.42,66350.88,Debit Card
ORD0005687,06-Feb-2025,CUST00640,Aarav Chatterjee,PROD0072,Dairy Item 72,Grocery,Dairy,South,Telangana,Hyderabad,3215.4,4,0.0,2301.36,914.04,Credit Card
ORD0005185,13 February 2025,CUST00707,Rohan Joshi,PROD0055,Footwear Item 55,Clothing,Footwear,South,Tamil Nadu,Chennai,2986.87,1,0.0,1987.09,999.78,Debit Card
ORD0006631,2025-02-10,CUST00463,Rohan Malhotra,PROD0080,Personal Care Item 80,Grocery,Personal Care,West,Maharashtra,Nagpur,4040.34,6,0.0,2930.64,1109.7,Debit Card
ORD0006639,2025-02-18,CUST00269,Rahul Verma,PROD0099,Appliance Item 99,Office Supplies,Appliances,West,Maharashtra,Nagpur,5008.5,4,0.1,4196.08,812.42,UPI
ORD0004086,2025-02-17,CUST00003,Neha Chatterjee,PROD0087,Binder Item 87,Office Supplies,Binders,South,Telangana,Hyderabad,9789.34,4,0.1,8527.44,1261.9,UPI
ORD0006088,2025-02-26,CUST00252,Rajesh Chatterjee,PROD0087,Binder Item 87,Office Supplies,Binders,South,Tamil Nadu,Chennai,14684.0,6,0.1,12791.16,1892.84,Credit Card
ORD0003789,2025-02-05,CUST00809,Shreya Singh,PROD0033,Sofa Item 33,Furniture,Sofas,North,Delhi,New Delhi,113447.6,4,0.15,89491.16,23956.44,Credit Card
ORD0005998,2025-02-17,CUST00099,Arjun Verma,PROD0048,Women's Wear Item 48,Clothing,Women's Wear,West,Gujarat,Ahmedabad,7436.0,2,0.0,4904.02,2531.98,Debit Card
ORD0006655,2025-02-15,CUST00806,Shreya Patel,PROD0067,Snack Item 67,GROCERY,Snacks,West,Maharashtra,Nagpur,4446.89,7,0.0,3454.22,992.67,Cash on Delivery
ORD0003951,2025-02-02,CUST00463,Rohan Malhotra,PROD0084,Paper Item 84,office supplies,Paper,West,Gujarat,Surat,12290.45,5,0.0,8865.8,3424.65,UPI
ORD0004051,2025-02-19,CUST00355,Priya Khan,PROD0058,Accessorie Item 58,Clothing,Accessories,North,Delhi,New Delhi,2822.47,,0.1,1863.8,958.67,UPI
ORD0005934,2025-02-20,CUST00218,Rahul Verma,PROD0028,Table Item 28,Furniture,Tables,East,Bihar,Patna,207576.5,7,0.1,178053.89,29522.61,Net Banking
ORD0006603,2025-02-15,CUST00327,Meera Joshi,PROD0065,Snack Item 65,Grocery,Snacks,North,Delhi,Dwarka,1798.58,2,0.0,1170.48,628.1,UPI
ORD0005309,2025-02-14,CUST00379,Manish Reddy,PROD0030,Bookcase Item 30,Furniture,Bookcases,South,Telangana,Warangal,17578.79,1,0.0,11996.41,5582.38,Debit Card
ORD0004065,12 February 2025,,Neha Das,PROD0070,Dairy Item 70,Grocery,Dairy,North,Punjab,Ludhiana,3336.36,6,0.0,1939.92,1396.44,Net Banking
ORD0006290,2025-02-26,CUST00856,Arjun Khan,PROD0011,Television Item 11,Electronics,Televisions,South,Tamil Nadu,Coimbatore,7173.21,1,0.0,5462.04,3807.82,UPI
ORD0005750,2025-02-16,CUST00242,Rohan Joshi,PROD0079,Personal Care Item 79,Grocery,Personal Care,North,Haryana,Faridabad,4387.52,5,0.2,3294.1,3073.39,Debit Card
ORD0005574,2025-02-19,CUST00758,Rohan Rao,PROD0033,Sofa Item 33,Furniture,Sofas,South,Tamil Nadu,Coimbatore,30030.25,1,0.1,22372.79,7657.46,Net Banking
ORD0005898,2025-02-03,CUST00128,Riya Patel,PROD0037,Storage Unit Item 37,Furniture,Storage Units,West,Rajasthan,Jaipur,30669.66,7,0.1,26553.52,4116.14,Net Banking
ORD0005971,16/02/2025,CUST00652,Aryan Rao,PROD0001,Mobile Phone Item 1,Electronics,Mobile Phones,East,West Bengal,Howrah,0,1,0.25,17770.91,3905.87,Cash on Delivery
ORD0006175,2025-02-21,CUST00839,Ishaan Reddy,PROD0020,Camera Item 20,Electronics,Cameras,North,Delhi,New Delhi,107846.28,2,0.0,62022.28,45824.0,Cash on Delivery
ORD0005063,2025-02-14,CUST00271,Tanvi Sharma,PROD0008,Laptop Item 8,Electronics,Laptops,South,Telangana,Hyderabad,94349.52,2,0.2,92963.74,1385.78,Debit Card
ORD0005435,2025-02-19,CUST00660,Rahul Reddy,PROD0029,Bookcase Item 29,Furniture,Bookcases,South,Tamil Nadu,Chennai,87634.14,4,0.2,74425.0,13209.14,UPI
ORD0005806,2025-02-07,CUST00204,Rahul Patel,PROD0017,Camera Item 17,Electronics,Cameras,East,Odisha,Cuttack,120883.3,6,0.2,111817.62,9065.68,UPI
ORD0005286,2025-02-06,CUST00431,Pallavi Rao,PROD0023,Chair Item 23,Furniture,Chairs,East,Odisha,Cuttack,113296.33,7,0.0,69259.75,44036.58,UPI
ORD0005264,2025-02-01,CUST00892,Aarav Malhotra,PROD0014,Headphone Item 14,electronics,Headphones,North,Delhi,New Delhi,29371.28,3,0.1,24899.76,4471.52,Credit Card
ORD0005292,2025-02-12,CUST00484,Karan Nair,PROD0093,Storage Item 93,Office Supplies,Storage,West,Maharashtra,Mumbai,17614.23,3,0.0,12968.43,4645.8,Credit Card
ORD0004257,2025-02-13,,Ishaan Chatterjee,PROD0055,Footwear Item 55,Clothing,Footwear,South,Karnataka,Bengaluru,14934.35,5,0.0,9935.45,4998.9,UPI
ORD0005363,2025-02-05,CUST00598,Sanya Das,PROD0090,Art Supplie Item 90,Office Supplies,Art Supplies,West,Maharashtra,Pune,7276.98,2,0.05,4852.82,2424.16,Credit Card
ORD0006638,2025-02-26,CUST00204,Rahul Patel,PROD0095,Storage Item 95,Office Supplies,Storage,South,Telangana,Warangal,4403.38,2,0.25,3899.12,504.26,UPI
ORD0004703,2025-02-03,CUST00101,Arjun Rao,PROD0021,Chair Item 21,Furniture,Chairs,West,Maharashtra,Mumbai,25110.51,3,0.15,22499.61,6978.44,Credit Card
ORD0005584,2025-02-27,CUST00328,Vikram Singh,PROD0100,Appliance Item 100,Office Supplies,Appliances,North,Punjab,Amritsar,8801.51,2,0.15,6129.22,2672.29,UPI
ORD0006756,2025-02-20,CUST00162,Karan Rao,PROD0013,Headphone Item 13,Electronics,Headphones,South,Tamil Nadu,Coimbatore,70375.47,7,0.1,47958.05,22417.42,Cash on Delivery
ORD0006125,2025-02-04,CUST00845,Rajesh Verma,PROD0049,Kids Wear Item 49,Clothing,Kids Wear,South,Tamil Nadu,Coimbatore,14920.36,7,0.2,10268.51,4651.85,Cash on Delivery
ORD0004613,2025-02-02,CUST00819,Ishaan Kumar,PROD0039,Storage Unit Item 39,Furniture,Storage Units,West,Gujarat,Surat,85187.75,6,0.15,65154.9,20032.85,Cash on Delivery
ORD0004460,2025-02-23,CUST00599,Tanvi Malhotra,PROD0027,Table Item 27,Furniture,Tables,South,Telangana,Warangal,36688.16,4,0.0,21657.52,15030.64,UPI
ORD0005284,2025-02-28,CUST00721,Shreya Singh,PROD0037,Storage Unit Item 37,Furniture,Storage Units,North,Punjab,Ludhiana,29209.2,6,0.0,22760.16,6449.04,UPI
ORD0004549,2025-02-14,CUST00309,Rohan Iyer,PROD0052,Kids Wear Item 52,Clothing,Kids Wear,North,Punjab,Ludhiana,777.41,1,0.0,457.18,320.23,UPI
ORD0005407,2025-02-22,CUST00788,Ishaan Nair,PROD0026,Table Item 26,Furniture,Tables,East,West Bengal,Howrah,113730.48,6,0.0,69614.58,44115.9,UPI
ORD0004548,2025-02-02,CUST00704,Arjun Chatterjee,PROD0004,Mobile Phone Item 4,Electronics,Mobile Phones,South,Telangana,Hyderabad,60974.26,2,0.0,35223.18,25751.08,UPI
ORD0004711,2025-02-14,CUST00834,Manish Das,PROD0057,Accessorie Item 57,Clothing,Accessories,North,Haryana,Gurugram,10246.5,5,0.0,8069.3,2177.2,Credit Card
ORD0005158,2025-02-15,CUST00168,Rahul Joshi,PROD0085,Binder Item 85,Office Supplies,Binders,North,Delhi,Rohini,1659.28,7,0.0,1078.56,580.72,Net Banking
ORD0004739,2025-02-10,CUST00273,Nikhil Sharma,PROD0098,Appliance Item 98,Office Supplies,Appliances,South,Telangana,Hyderabad,17074.42,6,0.2,13926.24,3148.18,Debit Card
ORD0005077,2025-02-11,CUST00058,Sanya Kumar,PROD0008,Laptop Item 8,Electronics,Laptops,West,Gujarat,Ahmedabad,141524.28,3,0.2,139445.61,2078.67,Credit Card
ORD0006686,02-17-2025,CUST00700,Aarav Iyer,PROD0098,Appliance Item 98,Office Supplies,Appliances,South,Telangana,Hyderabad,10671.51,3,0.0,6963.12,3708.39,Net Banking
ORD0004689,19/02/2025,CUST00391,Amit Das,PROD0083,Paper Item 83,Office Supplies,Paper,North,Haryana,Gurugram,5972.7,4,0.25,6323.36,-350.66,Credit Card
ORD0004048,23 February 2025,CUST00129,Aryan Verma,PROD0006,Laptop Item 6,Electronics,Laptops,North,Punjab,Amritsar,263573.76,6,0.05,213405.3,50168.46,UPI
ORD0004943,2025-02-22,CUST00401,Aarav Iyer,PROD0037,Storage Unit Item 37, Furniture,Storage Units,East,West Bengal,Kolkata,23123.95,5,0.05,18966.8,4157.15,UPI
ORD0003722,2025-02-06,CUST00682,Arjun Gupta,PROD0063,Beverage Item 63,Grocery,Beverages,West,Gujarat,Ahmedabad,4854.0,6,0.0,3036.78,1817.22,Credit Card
ORD0005501,2025-02-07,,Kavya Reddy,PROD0050,Kids Wear Item 50,Clothing,Kids Wear,South,Telangana,Hyderabad,3379.14,1,0.15,2465.68,913.46,Debit Card
ORD0004129,2025-02-16,CUST00026,Manish Gupta,PROD0017,Camera Item 17,Electronics,Cameras,North,Delhi,Dwarka,56664.04,3,0.25,55908.81,755.23,Cash on Delivery
ORD0005597,2025-02-21,CUST00852,Aryan Gupta,PROD0088,Binder Item 88,Office Supplies,Binders,South,Tamil Nadu,Coimbatore,-,1,0.25,3240.11,1646.69,UPI
ORD0005360,2025-02-12,CUST00471,Aryan Reddy,PROD0079,Personal Care Item 79,Grocery,Personal Care,North,Punjab,Ludhiana,877.5,1,0.2,658.82,218.68,Debit Card
ORD0006517,2025-02-02,CUST00603,Riya Rao,PROD0049,Kids Wear Item 49,Clothing,Kids Wear,North,Delhi,New Delhi,15986.1,6,0.0,8801.58,7184.52,Debit Card
ORD0004154,2025-02-01,CUST00439,Vikram Mehta,PROD0097,Appliance Item 97,Office Supplies,Appliances,West,Gujarat,Surat,3433.28,2,0.05,2220.62,1212.66,Cash on Delivery
ORD0004952,2025-02-24,CUST00070,Arjun Reddy,PROD0041,Men's Wear Item 41,Clothing,Men's Wear,South,Telangana,Warangal,18997.58,6,0.2,17918.94,1078.64,Debit Card
ORD0004186,2025-02-01,CUST00217,Nikhil Patel,PROD0021,Chair Item 21,furniture,Chairs,West,Maharashtra,Pune,59083.56,6,0.0,44999.22,14084.34,Net Banking
ORD0006066,2025-02-18,CUST00699,Karan Das,PROD0089,Art Supplie Item 89,Office Supplies,Art Supplies,South,Karnataka,Bengaluru,6625.68,2,0.0,4455.48,2170.2,Net Banking
ORD0004957,2025-02-11,CUST00329,Manish Das,PROD0007,Laptop Item 7,Electronic,Laptops,East,West Bengal,Howrah,122053.61,3,0.25,129562.71,-7509.1,Debit Card
ORD0004392,2025-02-28,CUST00704,Arjun Chatterjee,PROD0004,Mobile Phone Item 4,Electronics,Mobile Phones,South,Tamil Nadu,Chennai,45730.7,2,0.25,35223.18,10507.52,Credit Card
ORD0004555,03/02/2025,CUST00001,Aditi Joshi,PROD0027,Table Item 27,Furniture,Tables,West,Maharashtra,Nagpur,60994.07,7,0.05,37900.66,23093.41,Credit Card
ORD0004934,2025-02-15,CUST00235,Kabir Rao,PROD0076,Staple Item 76,Grocery,Staples,West,Rajasthan,Udaipur,818.03,1,0.0,476.37,341.66,Credit Card
ORD0005135,2025-02-18,CUST00870,Aarav Gupta,PROD0061,Beverage Item 61,Grocery,Beverages,East,Odisha,Bhubaneswar,6458.16,6,,4762.26,1695.9,Net Banking
ORD0003817,2025-02-11,CUST00748,Neha Reddy,PROD0091,Art Supplie Item 91,Office Supplies,Art Supplies,North,Delhi,Rohini,9244.86,6,0.0,7194.06,2050.8,Credit Card
ORD0005127,2025-02-22,CUST00855,Rohan Gupta,PROD0089,Art Supplie Item 89,Office Supplies,Art Supplies,West,Maharashtra,Nagpur,9938.52,3,0.0,6683.22,3255.3,Debit Card
ORD0005754,08 February 2025,CUST00341,Tanvi Patel,PROD0098,Appliance Item 98,Office Supplies,Appliances,East,Bihar,Gaya,3557.17,1,0.0,2321.04,1236.13,Credit Card
ORD0005757,2025-02-05,CUST00004,Aditi Mehta,PROD0053,Footwear Item 53,Clothing,Footwear,East,West Bengal,Howrah,10557.8,4,0.0,6843.92,3713.88,Debit Card
ORD0006654,2025-02-02,CUST00645,Diya Kumar,PROD0061,Beverage Item 61,Grocery ,Beverages,North,Haryana,Faridabad,2583.26,3,0.2,2381.13,202.13,UPI
ORD0003837,2025-02-05,CUST00478,,PROD0095,Storage Item 95,office supplies,Storage,West,Maharashtra,Pune,6605.08,3,0.25,5848.68,2169.22,Credit Card
ORD0003881,2025-02-09,CUST00462,Rahul Patel,PROD0033,Sofa Item 33,Furniture,Sofas,North,Delhi,Dwarka,90090.74,3,0.1,67118.37,22972.37,Debit Card
ORD0006646,2025-02-16,,Vikram Mehta,PROD0059,Accessorie Item 59,Clothing,Accessories,West,Gujarat,Surat,14746.99,7,0.25,14973.14,-226.15,UPI
ORD0005111,2025-02-20,CUST00629,Meera Singh,PROD0050,Kids Wear Item 50,Clothing,Kids Wear,East,Bihar,Gaya,19877.3,5,0.0,12328.4,16568.88,UPI
ORD0005014,2025-02-27,CUST00790,Diya Kumar,PROD0041,Men's Wear Item 41,Clothing,Men's Wear,East,West Bengal,Kolkata,19789.15,5,0.0,14932.45,4856.7,UPI
ORD0005832,08-Feb-2025,CUST00789,Vikram Joshi,PROD0075,Staple Item 75,grocery,Staples,East,Bihar,Patna,4678.74,5,0.1,3179.85,1498.89,Debit Card
ORD0005052,2025-02-04,CUST00375,Ananya Patel,PROD0084,Paper Item 84,Office Supplies,Paper,South,Telangana,Warangal,14011.11,6,0.05,10638.96,3372.15,Cash on Delivery
ORD0003792,2025-02-16,CUST00448,Manish Kumar,PROD0048,Women's Wear Item 48,Clothing,Women's Wear,North,Delhi,Rohini,19519.5,7,0.25,17164.07,2355.43,Debit Card
ORD0005924,2025-02-24,CUST00637,Sneha Das,PROD0018,Camera Item 18,Electronics,Cameras,East,Bihar,Patna,93365.3,2,0.0,56178.22,37187.08,Debit Card
ORD0006293,2025-02-04,CUST00249,Diya Nair,PROD0051,Kids Wear Item 51,Cloths,Kids Wear,South,Tamil Nadu,Coimbatore,1800.74,4,0.15,1407.88,392.86,Net Banking
ORD0004160,2025-02-27,CUST00221,Pallavi Iyer,PROD0004,Mobile Phone Item 4,Electronics,Mobile Phones,South,Karnataka,Bengaluru,27438.42,1,0.1,17611.59,9826.83,Credit Card
ORD0004008,2025-02-26,CUST00516,Priya Patel,PROD0057,Accessorie Item 57,Clothing,Accessories,East,West Bengal,Howrah,3893.67,2,0.05,3227.72,665.95,Debit Card
ORD0004485,2025-02-13,CUST00243,Rahul Gupta,PROD0048,Women's Wear Item 48,Clothing,Women's Wear,North,Delhi,Rohini,17660.5,5,0.05,12260.05,5400.45,UPI
ORD0004143,2025-02-10,CUST00747,Aarav Nair,PROD0019,Camera Item 19,Electronics,Cameras,West,Gujarat,Surat,144279.05,3,0.15,98477.04,45802.01,UPI
ORD0005200,2025-02-22,CUST00300,Karan Das,PROD0021,Chair Item 21,Furniture,Chairs,West,Maharashtra,Mumbai,53175.2,6,0.1,44999.22,8175.98,UPI
ORD0006176,2025-02-27,CUST00604,Sanya Mehta,PROD0022,Chair Item 22,Furniture,Chairs,North,Haryana,Gurugram,5550.9,1,0.2,4533.65,1017.25,Net Banking
ORD0004504,2025-02-19,CUST00288,Aarav Nair,PROD0046,Women's Wear Item 46,Clothing,Women's Wear,East,Odisha,Bhubaneswar,9765.08,5,0.25,9605.05,160.03,Credit Card
ORD0006058,2025-02-22,CUST00009,Sanya Patel,PROD0084,Paper Item 84,Office Supplies,Paper,South,Tamil Nadu,Coimbatore,4424.56,2,0.1,3546.32,878.24,Credit Card
ORD0004967,2025-02-19,CUST00482,Divya Gupta,PROD0037,Storage Unit Item 37,Furniture,Storage Units,South,Karnataka,Mysuru,3651.15,1,0.25,3793.36,-142.21,Debit Card
ORD0004964,2025-02-01,CUST00446,Aditi Mehta,PROD0080,Personal Care Item 80,Grocery,Personal Care,South,Tamil Nadu,Chennai,1212.1,2,0.1,976.88,235.22,UPI
ORD0006010,2025-02-23,CUST00327,Meera Joshi,PROD0018,Camera Item 18,Electronics,Cameras,North,Delhi,New Delhi,210071.92,6,0.25,168534.66,88479.93,UPI
ORD0006294,2025-02-08,CUST00315,Sanya Nair,PROD0023,Chair Item 23,Furniture,Chairs,East,Odisha,Cuttack,72833.36,5,0.1,49471.25,23362.11,Debit Card
ORD0003948,2025-02-14,CUST00078,Rahul Das,PROD0071,Dairy Item 71,Grocery,Dairy,North,Haryana,Gurugram,139.93,1,0.1,111.46,28.47,Credit Card
ORD0006619,2025-02-15,CUST00274,Neha Kumar,PROD0016,Headphone Item 16,Electronics,Headphones,East,West Bengal,Howrah,94089.6,5,0.0,60482.05,33607.55,UPI
ORD0004033,2025-02-05,CUST00692,Arjun Rao,PROD0039,Storage Unit Item 39,Furniture,Storage Units,West,Maharashtra,Pune,75165.66,6,0.25,65154.9,10010.76,Cash on Delivery
ORD0005624,2025-02-20,CUST00332,Vivaan Gupta,PROD0041,Men's Wear Item 41,Clothing,Men's Wear,West,Maharashtra,Nagpur,13456.62,4,0.15,11945.96,1510.66,Debit Card
ORD0005568,2025-02-03,CUST00093,Priya Khan,PROD0063,Beverage Item 63,Grocery,Beverages,West,Rajasthan,Udaipur,687.65,1,0.15,506.13,181.52,Credit Card
ORD0005590,2025-02-05,CUST00655,Neha Chatterjee,PROD0001,Mobile Phone Item 1,Electronics,Mobile Phones,East,Bihar,Gaya,115609.48,4,0.0,71083.64,44525.84,Debit Card
ORD0005257,2025-02-13,CUST00444,Vivaan Gupta,PROD0078,Personal Care Item 78,grocery,Personal Care,West,Maharashtra,Mumbai,1128.15,4,0.25,1081.04,47.11,Debit Card
ORD0006785,2025-02-12,CUST00777,Sanya Kumar,PROD0016,Headphone Item 16,Electronics,Headphones,South,Tamil Nadu,Chennai,56453.76,3,0.0,36289.23,53492.83,Net Banking
ORD0003875,2025-02-04,CUST00040,Vikram Das,PROD0057,Accessorie Item 57,Clothing,Accessories,West,Rajasthan,Jaipur,14345.1,7,0.0,11297.02,3048.08,UPI
ORD0004836,18 February 2025,CUST00619,Aarav Verma,PROD0064,Beverage Item 64,Grocery,Beverages,East,Bihar,Patna,7977.69,7,0.0,5118.33,2859.36,Net Banking
ORD0003925,2025-02-04,CUST00054,Shreya Das,PROD0062,Beverage Item 62,Grocery,Beverages,South,Karnataka,Mysuru,5714.78,6,0.2,4877.94,836.84,UPI
ORD0005427,2025-02-04,CUST00255,Saanvi Gupta,PROD0069,Dairy Item 69,Grocery,Dairy,South,Tamil Nadu,Coimbatore,887.44,2,0.0,578.64,308.8,UPI
ORD0005813,2025-02-02,CUST00893,Tanvi Gupta,PROD0095,Storage Item 95,Office Supplies,Storage,West,Maharashtra,Nagpur,20549.13,7,0.0,13646.92,6902.21,Credit Card
ORD0005067,2025-02-25,CUST00730,Rohan Singh,PROD0034,Sofa Item 34,Furniture,Sofas,North,Delhi,Dwarka,26719.7,1,0.2,19735.65,6984.05,UPI
ORD0003980,2025-02-19,CUST00561,Aarav Verma,PROD0002,Mobile Phone Item 2,Electronics,Mobile Phones,South,Tamil Nadu,Coimbatore,23198.73,7,0.2,19439.77,3758.96,Cash on Delivery
ORD0003791,2025-02-27,CUST00617,Pallavi Mehta,PROD0043,Men's Wear Item 43,Clothing,Men's Wear,South,Tamil Nadu,Chennai,3462.6,4,0.0,2701.4,761.2,UPI
ORD0005277,04/02/2025,CUST00842,Vivaan Joshi,PROD0078,Personal Care Item 78,Grocery,Personal Care,South,Tamil Nadu,Chennai,300.84,1,0.2,270.26,30.58,Credit Card
ORD0005678,2025-02-24,CUST00184,Priya Nair,PROD0065,Snack Item 65,Grocery,Snacks,North,Delhi,Rohini,899.29,1,0.0,585.24,314.05,Debit Card
ORD0004655,2025-02-21,CUST00664,Aryan Verma,PROD0017,Camera Item 17,Electronic,Cameras,North,Delhi,Dwarka,132216.11,7,0.25,130453.89,1762.22,UPI
ORD0004360,2025-02-28,CUST00091,Rajesh Patel,PROD0071,Dairy Item 71,Grocery,Dairy,North,Delhi,New Delhi,1088.36,7,0.0,780.22,308.14,Net Banking
ORD0004879,2025-02-05,CUST00753,Pooja Gupta,PROD0002,Mobile Phone Item 2,Electronics,Mobile Phones,North,Delhi,Dwarka,3728.37,1,0.1,2777.11,951.26,UPI
ORD0004123,2025-02-23,CUST00420,Aarav Rao,PROD0007,Laptop Item 7,Electronics,Laptops,South,Telangana,Warangal,216984.2,4,0.0,172750.28,44233.92,Debit Card
ORD0004099,2025-02-05,CUST00526,Sanya Nair,PROD0068,Snack Item 68,Grocery,Snacks,West,Maharashtra,Pune,452.37,1,0.15,378.8,73.57,Debit Card
ORD0005850,2025-02-09,CUST00288,Aarav Nair,PROD0002,Mobile Phone Item 2,Electronics,Mobile Phones,East,Odisha,Bhubaneswar,24855.78,6,0.0,16662.66,8193.12,Cash on Delivery
ORD0004285,2025-02-16,CUST00167,Ananya Chatterjee,PROD0064,Beverage Item 64,Grocery,Beverages,West,Maharashtra,Pune,6838.02,6,0.0,4387.14,2450.88,UPI
ORD0004127,02-04-2025,CUST00424,Ishaan Sharma,PROD0048,Women's Wear Item 48,Clothing,Women's Wear,South,Telangana,Hyderabad,22122.1,7,0.15,17164.07,4958.03,Credit Card
ORD0006248,2025-02-11,CUST00756,Arjun Gupta,PROD0063,Beverage Item 63,Grocery,Beverages,North,Delhi,Dwarka,3033.75,5,0.25,2530.65,503.1,Credit Card
ORD0004467,2025-02-13,CUST00664,Aryan Verma,PROD0005,Laptop Item 5,Electronics,Laptops,East,Bihar,Gaya,16267.52,1,0.0,10145.95,6121.57,Net Banking
ORD0005797,2025-02-10,CUST00105,Rohan Joshi,PROD0049,Kids Wear Item 49,Clothing,Kids Wear,South,Tamil Nadu,Coimbatore,3996.52,2,0.25,2933.86,1062.66,UPI
ORD0006568,2025-02-15,CUST00118,Priya Mehta,PROD0006,Laptop Item 6,Electronics,Laptops,East,Bihar,Gaya,138723.03,3,0.0,106702.65,32020.38,Credit Card
ORD0004309,2025-02-11,CUST00284,Meera Gupta,PROD0051,Kids Wear Item 51,Clothing,Kids Wear,North,Punjab,Ludhiana,1271.11,3,0.2,1055.91,215.2,Cash on Delivery
ORD0005747,2025-02-04,CUST00172,Karan Singh,PROD0044,Men's Wear Item 44,Clothing,Men's Wear,West,Gujarat,Surat,7424.87,5,0.05,4396.5,3028.37,UPI
ORD0005293,2025-02-04,CUST00726,Saanvi Sharma,PROD0058,Accessorie Item 58,Clothing,Accessories,North,Delhi,New Delhi,10976.28,7,0.0,6523.3,4452.98,Credit Card
ORD0004276,2025-02-01,CUST00176,Sanya Sharma,PROD0006,Laptop Item 6,Electronics,Laptops,East,Bihar,Patna,147971.23,4,0.2,142270.2,5701.03,Net Banking
ORD0005744,2025-02-03,CUST00099,Arjun Verma,PROD0095,Storage Item 95,Office Supplies,Storage,West,Gujarat,Ahmedabad,11742.36,5,0.2,9747.8,1994.56,Debit Card
ORD0006166,2025-02-23,CUST00333,Pooja Mehta,PROD0024,Chair Item 24,Furniture,Chairs,North,Delhi,New Delhi,175632.73,7,0.0,133978.53,41654.2,Debit Card
ORD0005833,2025-02-27,CUST00827,Vivaan Kumar,PROD0073,Staple Item 73,Grocery,Staples,West,Gujarat,Surat,414.56,6,0.05,275.64,138.92,UPI
ORD0004151,2025-02-01,CUST00019,Divya Chatterjee,PROD0093,Storage Item 93,Office Supplies,Storage,East,Odisha,Bhubaneswar,29357.05,5,0.0,21614.05,7743.0,Debit Card
ORD0005660,02-20-2025,CUST00846,Shreya Rao,PROD0071,Dairy Item 71,Grocery,Dairy,South,Tamil Nadu,Chennai,621.92,4,0.0,445.84,176.08,UPI
ORD0004500,2025-02-01,CUST00271,Tanvi Sharma,PROD0097,Appliance Item 97,Office Supplies,Appliances,South,Telangana,Hyderabad,1626.29,1,0.1,1110.31,515.98,Credit Card
ORD0004215,2025-02-18,CUST00610,Nikhil Khan,PROD0010,Television Item 10,Electronics,Televisions,West,Rajasthan,Udaipur,16414.6,1,0.15,13290.5,3124.1,Debit Card
ORD0006138,2025-02-23,CUST00389,Neha Verma,PROD0009,Television Item 9,Electronics,Televisions,North,Punjab,Ludhiana,39911.2,7,0.0,23326.03,16585.17,Cash on Delivery
ORD0005626,2025-02-08,CUST00487,Priya Khan,PROD0091,Art Supplie Item 91,Office Supplies,Art Supplies,South,Telangana,Hyderabad,4622.43,4,0.25,4796.04,-173.61,Credit Card
ORD0004849,12-Feb-2025,CUST00781,Saanvi Iyer,PROD0037,Storage Unit Item 37, Furniture,Storage Units,South,Tamil Nadu,Chennai,14604.6,3,0.0,11380.08,3224.52,Debit Card
ORD0004691,2025-02-17,CUST00638,Manish Mehta,PROD0081,Paper Item 81,Office Supplies,Paper,East,Odisha,Cuttack,4863.9,1,0.15,4019.96,843.94,Credit Card
ORD0005119,2025-02-22,CUST00868,Divya Joshi,PROD0009,Television Item 9,Electronics,Televisions,North,Delhi,Dwarka,10262.88,2,0.1,6664.58,3598.3,Credit Card
ORD0005881,2025-02-13,CUST00582,Divya Singh,PROD0005,Laptop Item 5,Electronics,Laptops,West,Gujarat,Surat,48802.56,3,0.0,30437.85,18364.71,UPI
ORD0004266,2025-02-03,CUST00396,Aditi Khan,PROD0002,Mobile Phone Item 2,Electronics,Mobile Phones,East,West Bengal,Kolkata,7871.0,2,0.05,5554.22,2316.78,UPI
ORD0006532,2025-02-10,CUST00064,Aditi Joshi,PROD0067,Snack Item 67,Grocery,Snacks,North,Haryana,Faridabad,2159.92,4,0.15,1973.84,186.08,Net Banking
ORD0006419,2025-02-16,CUST00049,Rohan Das,PROD0085,Binder Item 85,Office Supplies,Binders,North,Haryana,Gurugram,1007.42,5,0.15,770.4,237.02,Net Banking
ORD0004915,2025-02-15,CUST00215,Aarav Mehta,PROD0085,Binder Item 85,Office Supplies,Binders,West,Maharashtra,Nagpur,402.97,2,0.15,308.16,94.81,UPI
ORD0003896,2025-02-10,CUST00743,Neha Chatterjee,PROD0060,Accessorie Item 60,Clothing,Accessories,West,Rajasthan,Udaipur,897.88,2,0.0,594.76,303.12,Credit Card
ORD0003903,2025-02-04,CUST00736,Amit Mehta,PROD0054,Footwear Item 54,Clothing,Footwear,North,Punjab,Amritsar,11132.55,3,0.0,7011.15,4121.4,Credit Card
ORD0006773,02-16-2025,CUST00450,Aditi Kumar,PROD0051,Kids Wear Item 51,Clothing,Kids Wear,East,West Bengal,Kolkata,3522.04,7,0.05,2463.79,1058.25,Credit Card
ORD0004018,2025-02-15,CUST00437,Diya Verma,PROD0095,Storage Item 95,Office Supplies,Storage,East,West Bengal,Kolkata,2788.81,1,0.05,1949.56,839.25,Debit Card
ORD0005122,2025-02-22,CUST00458,Pooja Khan,PROD0056,Footwear Item 56,CLOTHING,Footwear,West,Gujarat,Ahmedabad,5209.46,2,0.05,3838.14,1371.32,UPI
ORD0005080,2025-02-10,CUST00785,Sneha Malhotra,PROD0031,Bookcase Item 31,Furniture,Bookcases,East,Bihar,Patna,19150.63,1,0.0,12613.39,6537.24,UPI
ORD0006253,2025-02-16,CUST00610,Nikhil Khan,PROD0074,Staple Item 74,Grocery,Staples,West,Maharashtra,Nagpur,1109.92,4,0.0,826.36,283.56,Net Banking
ORD0006692,2025-02-03,CUST00012,Kabir Rao,PROD0066,Snack Item 66,Grocery,Snacks,East,Bihar,Gaya,2088.27,3,0.0,1524.33,563.94,UPI
ORD0006740,2025-02-11,CUST00109,Aditi Verma,PROD0095,Storage Item 95,Office Supplies,Storage,West,Maharashtra,Pune,19521.67,7,,13646.92,5874.75,Cash on Delivery
ORD0006354,02-26-2025,CUST00610,Nikhil Khan,PROD0011,Television Item 11,Electronics,Televisions,East,West Bengal,Kolkata,7173.21,1,0.0,5462.04,1711.17,UPI
ORD0006690,2025-02-27,CUST00317,Rahul Reddy,PROD0066,Snack Item 66,Grocery,Snacks,West,Rajasthan,Udaipur,4141.74,7,0.15,3556.77,584.97,UPI
ORD0006021,2025-02-04,CUST00063,Divya Kumar,PROD0053,Footwear Item 53,Clothing,Footwear,West,Gujarat,Surat,7918.35,3,0.0,5132.94,2785.41,Net Banking
ORD0005794,2025-02-18,CUST00319,Rohan Iyer,PROD0028,Table Item 28,Furniture,Tables,East,Odisha,Bhubaneswar,158153.52,6,0.2,152617.62,5535.9,Credit Card
ORD0004406,2025-02-09,CUST00277,Nikhil Nair,PROD0052,Kids Wear Item 52,Clothing,Kids Wear,West,Maharashtra,Pune,2487.71,4,0.2,1828.72,658.99,Credit Card
ORD0004664,2025-02-08,CUST00772,Aditi Kumar,PROD0036,Sofa Item 36,furniture,Sofas,West,Gujarat,Ahmedabad,37835.64,5,0.2,26367.35,11468.29,Net Banking
ORD0006428,2025-02-13,CUST00453,Rahul Mehta,PROD0099,Appliance Item 99,OFFICE SUPPLIES,Appliances,East,Bihar,Patna,3339.0,3,0.2,3147.06,191.94,UPI
ORD0004950,2025-02-01,CUST00892,Aarav Malhotra,PROD0053,Footwear Item 53,Clothing,Footwear,West,Maharashtra,Nagpur,15836.7,6,0.0,10265.88,5570.82,UPI
ORD0004860,2025-02-01,CUST00778,Rahul Patel,PROD0059,Accessorie Item 59,Clothing,Accessories,East,Odisha,Cuttack,15730.12,7,0.2,14973.14,1745.22,Cash on Delivery
ORD0003810,2025-02-27,CUST00076,Divya Iyer,PROD0076,Staple Item 76,Grocery,Staples,North,Delhi,Rohini,4294.66,7,0.25,3334.59,960.07,UPI
ORD0006104,2025-02-11,CUST00381,Kabir Singh,PROD0008,Laptop Item 8,Electronics,Laptops,South,Telangana,Warangal,176905.35,3,0.0,139445.61,37459.74,Credit Card
ORD0003734,2025-02-04,CUST00105,Rohan Joshi,PROD0040,Storage Unit Item 40,Furniture,Storage Units,West,Gujarat,Surat,42728.62,3,0.25,34001.16,8727.46,Debit Card
ORD0004284,2025-02-06,CUST00387,Aarav Mehta,PROD0082,Paper Item 82,Office Supplies,Paper,South,Telangana,Warangal,10674.11,7,0.05,7936.67,2737.44,Cash on Delivery
ORD0006244,2025-02-20,CUST00010,Divya Khan,PROD0082,Paper Item 82,Office Supplies,Paper,North,Punjab,Ludhiana,9630.78,6,0.0,6802.86,2827.92,Credit Card
ORD0005973,2025-02-08,CUST00575,Aryan Chatterjee,PROD0020,Camera Item 20,Electronics,Cameras,West,Gujarat,Ahmedabad,172554.05,4,0.2,124044.56,48509.49,Debit Card
ORD0003905,2025-02-02,CUST00078,Rahul Das,PROD0010,Television Item 10,Electronics,Televisions,South,Telangana,Hyderabad,96556.45,5,0.0,66452.5,30103.95,Credit Card
ORD0005669,2025-02-21,CUST00518,Vivaan Mehta,PROD0096,Storage Item 96,OfficeSupplies,Storage,South,Karnataka,Mysuru,7586.7,5,0.0,5395.7,2191.0,Cash on Delivery
ORD0006533,2025-02-04,CUST00566,Neha Das,PROD0033,Sofa Item 33,Furniture,Sofas,West,Maharashtra,Mumbai,100100.82,3,0.0,67118.37,32982.45,UPI
ORD0006528,2025-02-01,CUST00676,Vivaan Reddy,PROD0062,Beverage Item 62,Grocery,Beverages,West,Maharashtra,Mumbai,4762.32,4,0.0,3251.96,1510.36,Debit Card
ORD0004040,2025-02-11,CUST00664,Aryan Verma,PROD0053,Footwear Item 53,Clothing,Footwear,East,Bihar,Gaya,13857.11,7,0.25,11976.86,1880.25,Cash on Delivery
ORD0004862,2025-02-12,CUST00622,Rajesh Khan,PROD0083,Paper Item 83,Office Supplies,Paper,North,Delhi,New Delhi,7465.88,5,0.25,7904.2,-438.32,UPI
ORD0006749,2025-02-15,CUST00728,Pooja Verma,PROD0098,Appliance Item 98,Office Supplies,Appliances,North,Delhi,Rohini,3557.17,1,0.0,2321.04,1236.13,Net Banking
ORD0006027,2025-02-13,CUST00611,Riya Singh,PROD0080,Personal Care Item 80,Grocery,Personal Care,West,Maharashtra,Mumbai,2558.88,-4,0.05,1953.76,605.12,Cash on Delivery
ORD0005113,2025-02-13,CUST00659,Tanvi Kumar,PROD0024,Chair Item 24,Furniture,Chairs,North,Haryana,Gurugram,60216.94,3,0.2,57419.37,2797.57,UPI
ORD0005914,2025-02-22,CUST00728,Pooja Verma,PROD0089,Art Supplie Item 89,Office Supplies,Art Supplies,West,Gujarat,Surat,12423.15,5,0.25,11138.7,1284.45,Debit Card
ORD0006642,2025-02-16,CUST00524,Rohan Kumar,PROD0032,Bookcase Item 32,Furniture,Bookcases,East,West Bengal,Kolkata,11938.55,3,0.25,9255.0,2683.55,Net Banking
ORD0005633,2025-02-10,CUST00684,Ananya Khan,PROD0028,Table Item 28,Furniture,Tables,South,Tamil Nadu,Coimbatore,32948.65,1,0.0,25436.27,7512.38,Debit Card
ORD0005162,07/02/2025,CUST00702,Saanvi Nair,PROD0070,Dairy Item 70,Grocery,Dairy,West,Maharashtra,Pune,1000.91,2,0.1,646.64,354.27,Net Banking
ORD0006460,12/02/2025,CUST00010,Divya Khan,PROD0096,Storage Item 96,Office Supplies,Storage,North,Delhi,New Delhi,4855.49,4,0.2,4316.56,538.93,Credit Card
ORD0006035,2025-02-16,CUST00734,Riya Reddy,PROD0006,Laptop Item 6,Electronics,Laptops,North,Punjab,Ludhiana,221956.85,6,,213405.3,8551.55,Credit Card
ORD0004751,2025-02-21,CUST00296,Nikhil Rao,PROD0041,Men's Wear Item 41,Clothing,Men's Wear,West,Maharashtra,Pune,7915.66,2,0.0,5972.98,1942.68,Credit Card
ORD0005980,2025-02-27,CUST00662,Vikram Rao,PROD0016,Headphone Item 16,Electronics,Headphones,South,Telangana,Hyderabad,101616.77,6,0.1,72578.46,29038.31,UPI
ORD0005095,2025-02-21,CUST00366,Tanvi Reddy,PROD0078,Personal Care Item 78,Grocery,Personal Care,West,Maharashtra,Pune,752.1,2,0.0,540.52,211.58,Credit Card
ORD0004063,2025-02-15,CUST00020,Saanvi Das,PROD0078,Personal Care Item 78,Grocery,Personal Care,West,Maharashtra,Mumbai,2500.73,7,0.05,1891.82,608.91,UPI
ORD0004279,2025-02-15,CUST00435,Rahul Sharma,PROD0060,Accessorie Item 60,Clothing,Accessories,South,Telangana,Hyderabad,1795.76,4,0.0,1189.52,606.24,UPI
ORD0004210,2025-02-05,CUST00102,Priya Mehta,PROD0090,Art Supplie Item 90,Office Supplies,Art Supplies,North,Delhi,Dwarka,13787.96,4,0.1,9705.64,4082.32,Net Banking
ORD0004859,2025-02-28,CUST00652,Aryan Rao,PROD0049,Kids Wear Item 49,Clothing,Kids Wear,South,Karnataka,Bengaluru,5328.7,2,0.0,2933.86,2394.84,Net Banking
ORD0004876,2025-02-11,CUST00698,Meera Kumar,PROD0009,Television Item 9,Electronics,Televisions,North,Delhi,Dwarka,28508.0,5,0.0,16661.45,11846.55,UPI
ORD0006139,11/02/2025,CUST00060,Rohan Verma,PROD0082,Paper Item 82,Office Supplies,Paper,West,Maharashtra,Pune,6019.24,5,0.25,5669.05,350.19,UPI
ORD0005562,2025-02-03,CUST00013,Shreya Das,PROD0085,Binder Item 85,Office Supplies,Binders,West,Maharashtra,Nagpur,805.94,4,0.15,616.32,189.62,Credit Card
ORD0005593,2025-02-09,CUST00316,Manish Nair,PROD0013,Headphone Item 13,Electronics,Headphones,East,Bihar,Gaya,11170.71,1,0.0,6851.15,10725.82,Credit Card
ORD0005065,2025-02-09,CUST00631,Rohan Rao,PROD0051,Kids Wear Item 51,Clothing,Kids Wear,East,West Bengal,Kolkata,503.15,1,0.05,351.97,151.18,UPI
ORD0005815,2025-02-15,,Sanya Nair,PROD0014,Headphone Item 14,electronics,Headphones,South,Tamil Nadu,Chennai,72340.36,7,0.05,58099.44,14240.92,Debit Card
ORD0004195,2025-02-18,CUST00314,Arjun Nair,PROD0022,Chair Item 22,Furniture,Chairs,East,Odisha,Cuttack,13877.26,2,0.0,9067.3,4809.96,Credit Card
ORD0004969,2025-02-23,CUST00477,Karan Reddy,PROD0012,Television Item 12,Electronics,Televisions,West,Maharashtra,Nagpur,56370.36,2,,51529.36,4841.0,UPI
ORD0004251,2025-02-18,CUST00525,Aryan Verma,PROD0097,Appliance Item 97,Office Supplies,Appliances,South,Karnataka,Bengaluru,8131.46,5,0.1,5551.55,2579.91,Net Banking
ORD0005520,2025-02-16,CUST00619,Aarav Verma,PROD0002,Mobile Phone Item 2,ELECTRONICS,Mobile Phones,East,Bihar,Patna,21127.41,6,0.15,16662.66,4464.75,UPI
ORD0005082,2025-02-23,CUST00881,Kavya Reddy,PROD0004,Mobile Phone Item 4,Electronics,Mobile Phones,East,West Bengal,Kolkata,155484.36,6,0.15,105669.54,49814.82,UPI
ORD0004097,2025-02-19,CUST00073,Pallavi Chatterjee,PROD0060,Accessorie Item 60,Clothing,Accessories,East,Odisha,Cuttack,1346.82,3,0.0,892.14,454.68,Cash on Delivery
ORD0004403,2025-02-10,CUST00487,Priya Khan,PROD0049,Kids Wear Item 49,Clothing,Kids Wear,East,Bihar,Patna,12655.66,5,0.05,7334.65,14060.51,Cash on Delivery
ORD0004612,2025-02-03,CUST00217,Nikhil Patel,PROD0011,Television Item 11,Electronics,Televisions,West,Rajasthan,Udaipur,20443.65,3,,16386.12,4057.53,UPI
ORD0005297,23/02/2025,CUST00289,,PROD0073,Staple Item 73,Grocery,Staples,West,Rajasthan,Jaipur,436.38,6,0.0,275.64,160.74,Credit Card
ORD0006238,2025-02-17,CUST00211,Sneha Mehta,PROD0028,Table Item 28,Furniture,Tables,South,Karnataka,Mysuru,88961.36,3,0.1,76308.81,12652.55,Credit Card
ORD0005395,2025-02-26,CUST00754,Sneha Khan,PROD0014,Headphone Item 14,Electronics,Headphones,North,Haryana,Faridabad,17405.2,2,0.2,16599.84,805.36,UPI
ORD0004899,2025-02-21,CUST00736,Amit Mehta,PROD0091,Art Supplie Item 91,OFFICE SUPPLIES,Art Supplies,North,Delhi,New Delhi,9244.86,6,0.0,7194.06,2050.8,Net Banking
ORD0005989,2025-02-10,CUST00248,Saanvi Reddy,PROD0072,Dairy Item 72,Grocery,Dairy,East,Bihar,Gaya,3215.4,4,0.0,2301.36,914.04,Credit Card
ORD0004234,2025-02-18,CUST00430,Aryan Joshi,PROD0003,Mobile Phone Item 3,Electronics,Mobile Phones,West,Maharashtra,Pune,302509.94,7,0.25,287638.47,14871.47,Credit Card
ORD0006239,2025-02-18,CUST00683,Vikram Sharma,PROD0045,Women's Wear Item 45,Clothing,Women's Wear,South,Karnataka,Bengaluru,5014.05,4,0.2,4692.0,322.05,UPI
ORD0004868,2025-02-25,CUST00554,Rohan Rao,PROD0100,Appliance Item 100,Office Supplies,Appliances,South,Telangana,Hyderabad,11649.06,3,0.25,9193.83,2455.23,Net Banking
ORD0005420,2025-02-08,CUST00760,Priya Khan,PROD0072,Dairy Item 72,Grocery,Dairy,South,Telangana,Hyderabad,5626.95,7,0.0,4027.38,1599.57,Debit Card
ORD0005652,2025-02-07,CUST00442,Rahul Patel,PROD0028,Table Item 28,Furniture,Tables,South,Telangana,Hyderabad,125204.87,4,0.05,101745.08,23459.79,UPI
ORD0005190,2025-02-23,CUST00889,Ananya Patel,PROD0090,Art Supplie Item 90,Office Supplies,Art Supplies,West,Maharashtra,Pune,19532.95,6,0.15,14558.46,4974.49,Debit Card
ORD0003814,2025-02-11,CUST00897,Arjun Iyer,PROD0075,Staple Item 75,Grocery,Staples,North,Punjab,Amritsar,6186.33,7,0.15,4451.79,1734.54,Cash on Delivery
ORD0006675,2025-02-07,CUST00655,Neha Chatterjee,PROD0027,Table Item 27,Furniture,Tables,West,Rajasthan,Udaipur,8254.84,1,0.1,5414.38,2840.46,Credit Card
ORD0004492,2025-02-03,CUST00100,Arjun Malhotra,PROD0018,Camera Item 18,Electronics,Cameras,West,Gujarat,Surat,245083.91,7,0.25,196623.77,48460.14,Cash on Delivery
ORD0006473,2025-02-17,CUST00478,Shreya Kumar,PROD0067,Snack Item 67,Grocery,Snacks,West,Gujarat,Ahmedabad,476.45,1,0.25,493.46,-17.01,Cash on Delivery
ORD0005920,2025-02-06,CUST00481,Ishaan Reddy,PROD0023,Chair Item 23,Furniture,Chairs,East,Bihar,Gaya,92255.58,6,0.05,59365.5,32890.08,Net Banking
ORD0005146,2025-02-14,CUST00835,Sanya Mehta,PROD0045,Women's Wear Item 45,Clothing,Women's Wear,South,Tamil Nadu,Coimbatore,4700.67,3,0.0,3519.0,1181.67,Credit Card
ORD0006136,2025-02-17,CUST00633,Rohan Sharma,PROD0028,Table Item 28,Furniture,Tables,West,Maharashtra,Mumbai,49422.98,2,0.25,50872.54,-1449.56,Cash on Delivery
ORD0005216,2025-02-27,CUST00766,Aditi Sharma,PROD0085,Binder Item 85,Office Supplies,Binders,East,West Bengal,Kolkata,948.16,4,0.0,616.32,331.84,Credit Card
ORD0004842,2025-02-26,CUST00615,Ishaan Iyer,PROD0063,Beverage Item 63,Grocery,Beverages,West,Maharashtra,Nagpur,1618.0,2,0.0,1012.26,605.74,UPI
ORD0004792,2025-02-07,CUST00469,Ishaan Patel,PROD0008,Laptop Item 8,Electronics,Laptops,North,Delhi,Rohini,58968.45,1,0.0,46481.87,12486.58,UPI
ORD0004384,2025-02-03,CUST00177,Saanvi Reddy,PROD0095,Storage Item 95,Office Supplies,Storage,West,Maharashtra,Mumbai,14677.95,5,0.0,9747.8,4930.15,Credit Card
ORD0004895,2025-02-21,CUST00221,Pallavi Iyer,PROD0029,Bookcase Item 29,Furniture,Bookcases,West,Gujarat,Ahmedabad,102696.26,5,0.25,93031.25,9665.01,UPI
ORD0006735,2025-02-25,CUST00351,Sanya Kumar,PROD0027,Table Item 27,Furniture,Tables,South,Karnataka,Mysuru,49529.02,6,0.1,32486.28,17042.74,UPI
ORD0005893,2025-02-10,CUST00714,Aryan Rao,PROD0007,Laptop Item 7,Electronics,Laptops,North,Punjab,Ludhiana,244107.22,5,0.1,215937.85,28169.37,Net Banking
ORD0004089,2025-02-17,CUST00703,Kabir Patel,PROD0068,Snack Item 68,Grocery,Snacks,South,Tamil Nadu,Chennai,2128.8,4,0.0,1515.2,613.6,UPI
ORD0005426,2025-02-28,CUST00033,Neha Nair,PROD0080,Personal Care Item 80,Grocery,Personal Care,North,Punjab,Ludhiana,1818.15,3,0.1,1465.32,352.83,Credit Card
ORD0005469,2025-02-08,CUST00737,Rahul Gupta,PROD0023,Chair Item 23,Furniture,Chairs,West,Gujarat,Ahmedabad,15375.93,1,0.05,9894.25,5481.68,Debit Card
ORD0006567,2025-02-02,CUST00446,Aditi Mehta,PROD0015,Headphone Item 15,Electronics,Headphones,East,West Bengal,Kolkata,107031.99,4,0.25,104717.6,2314.39,Debit Card
ORD0006254,2025-02-23,CUST00825,Pallavi Chatterjee,PROD0055,Footwear Item 55,Clothing,Footwear,West,Maharashtra,Pune,8960.61,3,0.0,5961.27,2999.34,Credit Card
ORD0005249,2025-02-19,CUST00730,Rohan Singh,PROD0018,Camera Item 18,Electronics,Cameras,South,Karnataka,Mysuru,35011.99,1,0.25,28089.11,6922.88,Credit Card
ORD0005034,2025-02-14,CUST00014,Neha Chatterjee,PROD0009,Television Item 9,electronics,Televisions,East,West Bengal,Kolkata,20525.76,4,,13329.16,7196.6,Credit Card
ORD0005088,2025-02-06,CUST00196,Manish Patel,PROD0082,Paper Item 82,Office Supplies,Paper,South,Telangana,Warangal,6420.52,4,0.0,4535.24,1885.28,Credit Card
ORD0006405,2025-02-22,CUST00831,Karan Kumar,PROD0086,Binder Item 86,Office Supplies,Binders,East,Odisha,Cuttack,25263.02,6,0.2,22185.9,7382.69,UPI
ORD0004361,2025-02-28,CUST00828,Ishaan Gupta,PROD0049,Kids Wear Item 49,Clothing,Kids Wear,North,Delhi,Dwarka,5328.7,2,0.0,2933.86,2394.84,Credit Card
ORD0003946,2025-02-27,CUST00435,Rahul Sharma,PROD0088,Binder Item 88,Office Supplies,Binders,North,Haryana,Gurugram,14644.75,3,0.05,9720.33,4924.42,Credit Card
ORD0004993,2025-02-11,CUST00591,Karan Rao,PROD0026,Table Item 26,Furniture,Tables,East,Bihar,Patna,72029.3,4,0.05,46409.72,25619.58,UPI
ORD0006320,2025-02-28,CUST00833,Sanya Reddy,PROD0084,Paper Item 84,Office Supplies,Paper,South,Telangana,Warangal,8849.12,4,0.1,7092.64,1756.48,Credit Card
ORD0004968,2025-02-21,CUST00625,Ananya Malhotra,PROD0014,Headphone Item 14,Electronics,Headphones,North,Punjab,Amritsar,21756.5,2,0.0,16599.84,5156.66,Credit Card
ORD0006330,2025-02-28,CUST00223,Sanya Das,PROD0020,Camera Item 20,Electronics,Cameras,West,Rajasthan,Jaipur,161769.42,3,0.0,93033.42,68736.0,Credit Card
ORD0003915,2025-02-19,CUST00434,Nikhil Chatterjee,PROD0083,Paper Item 83,Office Supplies,Paper,East,Bihar,Gaya,7963.6,4,0.0,6323.36,1640.24,Debit Card
ORD0005801,2025-02-07,CUST00511,Vivaan Verma,PROD0021,Chair Item 21,Furniture,Chairs,East,Odisha,Cuttack,29541.78,3,0.0,22499.61,7042.17,Cash on Delivery
ORD0004536,24-Feb-2025,CUST00197,Kavya Kumar,PROD0037,Storage Unit Item 37,Furniture,Storage Units,North,Punjab,Amritsar,8762.76,2,0.1,7586.72,1176.04,Credit Card
ORD0006111,2025-02-15,CUST00733,Divya Verma,PROD0033,Sofa Item 33,Furniture,Sofas,West,Gujarat,Surat,90090.74,3,0.1,67118.37,22972.37,Credit Card
ORD0006538,2025-02-18,CUST00399,Pallavi Khan,PROD0003,Mobile Phone Item 3,Electronics,Mobile Phones,North,Punjab,Amritsar,115241.88,2,0.0,82182.42,33059.46,UPI
ORD0005909,2025-02-02,CUST00652,,PROD0074,Staple Item 74,Grocery,Staples,West,Rajasthan,Udaipur,1664.88,6,0.0,1239.54,425.34,Credit Card
ORD0005202,2025-02-04,CUST00362,Divya Verma,PROD0013,Headphone Item 13,ELECTRONICS,Headphones,West,Maharashtra,Mumbai,55853.55,5,0.0,34255.75,21597.8,UPI
ORD0003858,2025-02-21,CUST00519,Sneha Sharma,PROD0033,Sofa Item 33,Furniture,Sofas,East,West Bengal,Howrah,33366.94,1,0.0,22372.79,10994.15,Credit Card
ORD0005603,2025-02-06,CUST00828,Ishaan Gupta,PROD0019,Camera Item 19,Electronics,Cameras,North,Delhi,New Delhi,169740.06,N/A,0.0,98477.04,71263.02,Cash on Delivery
ORD0004432,2025-02-15,CUST00806,Shreya Patel,PROD0029,Bookcase Item 29,FURNITURE,Bookcases,North,Delhi,New Delhi,20539.25,1,0.25,18606.25,1933.0,Debit Card
ORD0006458,2025-02-06,CUST00419,Nikhil Gupta,PROD0010,Television Item 10,Electronics,Televisions,East,Bihar,Patna,57933.87,3,0.0,39871.5,18062.37,Cash on Delivery
ORD0005475,2025-02-28,CUST00392,Diya Verma,PROD0073,Staple Item 73,Grocery,Staples,North,Delhi,Dwarka,174.55,3,0.2,137.82,36.73,UPI
ORD0005698,2025-02-09,CUST00875,Nikhil Mehta,PROD0100,Appliance Item 100,Office Supplies,Appliances,East,Bihar,Patna,25886.8,5,0.0,15323.05,10563.75,Credit Card
ORD0005854,2025-02-12,CUST00586,Karan Das,PROD0084,Paper Item 84,Office Supplies,Paper,West,Rajasthan,Udaipur,13273.69,6,0.1,10638.96,2634.73,Debit Card
ORD0004016,2025-02-15,CUST00013,Shreya Das,PROD0017,Camera Item 17,Electronics,Cameras,West,Maharashtra,Mumbai,107032.08,5,0.15,93181.35,13850.73,Credit Card
ORD0004721,2025-02-17,CUST00283,Amit Gupta,PROD0020,Camera Item 20,Electronics,Cameras,South,Telangana,Hyderabad,377461.98,7,0.0,217077.98,160384.0,Debit Card
ORD0004780,2025-02-06,CUST00439,Vikram Mehta,PROD0019,Camera Item 19,Electronics,Cameras,South,Karnataka,Mysuru,226320.08,4,0.0,131302.72,95017.36,Debit Card
ORD0005879,2025-02-19,CUST00222,Diya Khan,PROD0035,Sofa Item 35,Furniture,Sofas,North,Haryana,Gurugram,39522.1,2,0.0,23789.52,15732.58,UPI
ORD0006529,2025-02-13,CUST00015,Vikram Khan,PROD0017,Camera Item 17,Electronics,Cameras,North,Delhi,Rohini,75552.06,3,0.0,55908.81,49416.73,UPI
ORD0004437,2025-02-14,CUST00458,Pooja Khan,PROD0008,Laptop Item 8,Electronics,Laptops,West,Rajasthan,Udaipur,235873.8,4,0.0,185927.48,49946.32,Debit Card
ORD0004171,2025-02-11,CUST00260,Priya Kumar,PROD0032,Bookcase Item 32,Furniture,Bookcases,East,West Bengal,Howrah,10612.04,2,0.0,6170.0,4442.04,Debit Card
ORD0005385,10 February 2025,CUST00432,Diya Joshi,PROD0062,Beverage Item 62,Grocery,Beverages,West,Maharashtra,Pune,8334.06,7,0.0,5690.93,2643.13,Credit Card
ORD0005828,2025-02-13,CUST00579,Diya Chatterjee,PROD0062,Beverage Item 62,Grocery,Beverages,East,Bihar,Patna,5952.9,5,0.0,4064.95,1887.95,UPI
ORD0004197,2025-02-13,CUST00122,Aditi Das,PROD0090,Art Supplie Item 90,Office Supplies,Art Supplies,South,Tamil Nadu,Chennai,21830.94,6,0.05,14558.46,7272.48,Credit Card
ORD0006727,2025-02-10,CUST00774,Aryan Chatterjee,PROD0073,Staple Item 73,Grocery,Staples,South,Telangana,Warangal,61.82,1,0.15,45.94,15.88,Credit Card
ORD0006236,2025-02-08,CUST00029,Vikram Patel,PROD0046,Women's Wear Item 46,Apparel,Women's Wear,South,Karnataka,Mysuru,12499.3,6,0.2,11526.06,973.24,Cash on Delivery
ORD0005483,2025-02-16,CUST00450,Aditi Kumar,PROD0078,Personal Care Item 78,Grocery,Personal Care,East,West Bengal,Kolkata,2632.35,7,0.0,1891.82,740.53,Credit Card
ORD0005635,2025-02-16,CUST00095,Rohan Iyer,PROD0052,Kids Wear Item 52,Apparel,Kids Wear,North,Punjab,Amritsar,4353.5,7,0.2,3200.26,1153.24,UPI
ORD0004057,2025-02-23,CUST00287,Saanvi Sharma,PROD0070,Dairy Item 70,Grocery,Dairy,East,Bihar,Patna,472.65,1,0.15,323.32,149.33,Credit Card
ORD0005594,2025-02-21,CUST00114,Nikhil Kumar,PROD0046,Women's Wear Item 46,CLOTHING,Women's Wear,West,Maharashtra,Mumbai,11718.09,5,0.1,9605.05,2113.04,Debit Card
ORD0005993,2025-02-10,CUST00487,Priya Khan,PROD0020,Camera Item 20,Electronics,Cameras,East,Bihar,Gaya,269615.7,5,0.0,155055.7,114560.0,UPI
ORD0003812,2025-02-12,CUST00396,Aditi Khan,PROD0061,Beverage Item 61,Grocery,Beverages,East,Bihar,Gaya,2152.72,2,0.0,1587.42,565.3,UPI
ORD0003776,2025-02-15,CUST00045,Shreya Chatterjee,PROD0068,Snack Item 68,Grocery,Snacks,South,Tamil Nadu,Coimbatore,399.15,1,0.25,378.8,20.35,Credit Card
ORD0006412,2025-02-09,CUST00264,Sneha Patel,PROD0092,Art Supplie Item 92,Office Supplies,Art Supplies,West,Gujarat,Surat,12489.43,3,0.25,12669.78,-180.35,Debit Card
ORD0005231,2025-02-03,CUST00659,Tanvi Kumar,PROD0067,Snack Item 67,Grocery,Snacks,West,Rajasthan,Jaipur,2414.03,4,0.05,1973.84,440.19,Credit Card
ORD0004320,2025-02-11,CUST00245,Manish Kumar,PROD0055,Footwear Item 55,Clothing,Footwear,West,Gujarat,Surat,11947.48,4,0.0,7948.36,8023.39,Credit Card
ORD0006256,2025-02-22,CUST00036,Shreya Gupta,PROD0078,Personal Care Item 78,Groceries,Personal Care,West,Maharashtra,Mumbai,639.28,2,0.15,540.52,98.76,Net Banking
ORD0003746,02-03-2025,CUST00626,Rohan Reddy,PROD0029,Bookcase Item 29,Furniture,Bookcases,East,West Bengal,Kolkata,82157.01,3,0.0,55818.75,26338.26,Credit Card
ORD0005132,2025-02-06,CUST00425,Nikhil Kumar,PROD0024,Chair Item 24,Furniture,Chairs,North,Delhi,New Delhi,75271.17,3,0.0,57419.37,17851.8,UPI
ORD0004813,2025-02-01,CUST00202,Ananya Malhotra,PROD0082,Paper Item 82,Office Supplies,Paper,South,Telangana,Warangal,6099.49,4,0.05,4535.24,1564.25,UPI
ORD0004347,2025-02-27,CUST00129,Aryan Verma,PROD0066,Snack Item 66,Grocery,Snacks,North,Delhi,Dwarka,3480.45,5,0.0,2540.55,939.9,UPI
ORD0005617,2025-02-18,CUST00623,Amit Malhotra,PROD0099,Appliance Item 99,Office Supplies,Appliances,West,Rajasthan,Jaipur,3965.06,3,0.05,3147.06,818.0,UPI
ORD0005852,2025-02-07,CUST00345,Rahul Joshi,PROD0080,Personal Care Item 80,Grocery,Personal Care,East,West Bengal,Howrah,2020.17,3,0.0,1465.32,554.85,Credit Card
ORD0004153,02-18-2025,CUST00658,Sneha Iyer,PROD0083,Paper Item 83,OFFICE SUPPLIES,Paper,West,Rajasthan,Jaipur,1592.72,1,0.2,1580.84,11.88,UPI
ORD0004470,2025-02-20,CUST00265,Sneha Rao,PROD0013,Headphone Item 13,Electronics,Headphones,East,Odisha,Bhubaneswar,31836.52,3,0.05,20553.45,11283.07,Debit Card
ORD0005745,02-25-2025,CUST00133,Pallavi Kumar,PROD0015,Headphone Item 15,Electronics,Headphones,East,West Bengal,Kolkata,60651.46,2,0.15,52358.8,8292.66,Debit Card
ORD0003920,11 February 2025,CUST00745,Diya Singh,PROD0065,Snack Item 65,GROCERY,Snacks,North,Haryana,Gurugram,2293.19,3,0.15,1755.72,537.47,Debit Card
ORD0006013,2025-02-23,CUST00010,Divya Khan,PROD0048,Women's Wear Item 48,Clothing,Women's Wear,South,Telangana,Warangal,14872.0,4,0.0,9808.04,5063.96,Debit Card
ORD0003950,2025-02-28,CUST00458,Pooja Khan,PROD0034,Sofa Item 34,Furniture,Sofas,West,Rajasthan,Udaipur,113558.74,4,0.15,78942.6,34616.14,Credit Card
ORD0005556,2025-02-02,CUST00171,Riya Iyer,PROD0073,Staple Item 73,Grocery,Staples,South,Tamil Nadu,Coimbatore,72.73,1,0.0,45.94,26.79,UPI
ORD0005862,2025-02-08,CUST00789,Vikram Joshi,PROD0071,Dairy Item 71,Grocery,Dairy,South,Karnataka,Bengaluru,310.96,2,0.0,222.92,88.04,UPI
ORD0005118,2025-02-28,CUST00469,Ishaan Patel,PROD0078,Personal Care Item 78,Grocery,Personal Care,South,Tamil Nadu,Chennai,714.5,2,0.05,540.52,173.98,Debit Card
ORD0006277,2025-02-08,CUST00112,Tanvi Gupta,PROD0027,Table Item 27,Furniture,Tables,North,Haryana,Faridabad,20637.09,3,0.25,16243.14,4393.95,Debit Card
ORD0003846,2025-02-01,CUST00180,Aditi Mehta,PROD0061,Beverage Item 61,Grocery,Beverages,North,Haryana,Faridabad,5381.8,5,0.0,3968.55,1413.25,Credit Card
ORD0004927,2025-02-02,CUST00872,Rahul Sharma,PROD0079,Personal Care Item 79,Grocery,Personal Care,South,Karnataka,Mysuru,3290.64,4,0.25,2635.28,655.36,Net Banking
ORD0005198,2025-02-02,CUST00566,Neha Das,PROD0027,Table Item 27,Furniture,Tables,North,Punjab,Ludhiana,9172.04,1,0.0,5414.38,3757.66,UPI
ORD0005036,2025-02-18,CUST00779,Amit Joshi,PROD0070,Dairy Item 70,Grocery,Dairy,North,Haryana,Faridabad,2835.91,6,0.15,1939.92,895.99,Credit Card
ORD0005093,2025-02-23,CUST00471,Aryan Reddy,PROD0070,Dairy Item 70,Grocery,Dairy,North,Punjab,Ludhiana,834.09,2,0.25,646.64,187.45,Credit Card
ORD0005674,2025-02-27,CUST00813,Vikram Malhotra,PROD0013,Headphone Item 13,Electronics,Headphones,South,Karnataka,Mysuru,50268.19,6,0.25,41106.9,9161.29,Debit Card
ORD0006640,2025-02-26,CUST00873,Meera Malhotra,PROD0056,Footwear Item 56,clothing,Footwear,West,Rajasthan,Udaipur,14805.83,6,0.1,11514.42,3291.41,Credit Card
ORD0003779,2025-02-27,CUST00705,Aarav Iyer,PROD0025,Table Item 25,Furniture,Tables,North,Delhi,New Delhi,204224.63,7,0.05,136471.58,67753.05,Debit Card
ORD0006370,2025-02-08,CUST00615,Ishaan Iyer,PROD0024,Chair Item 24,Furniture,Chairs,South,Telangana,Warangal,50180.78,2,0.0,38279.58,11901.2,Debit Card
ORD0003994,2025-02-25,CUST00736,Amit Mehta,PROD0077,Personal Care Item 77,Grocery,Personal Care,East,Bihar,Gaya,1557.33,5,0.15,1071.2,486.13,Net Banking
ORD0006014,2025-02-26,CUST00893,Tanvi Gupta,PROD0012,Television Item 12,Electronics,Televisions,East,Bihar,Gaya,187901.2,5,0.0,128823.4,59077.8,UPI
ORD0005851,2025-02-25,CUST00651,Manish Reddy,PROD0045,Women's Wear Item 45,Clothing,Women's Wear,North,Haryana,Gurugram,9871.41,7,0.1,8211.0,1660.41,Debit Card
ORD0004510,2025-02-27,CUST00320,Shreya Malhotra,PROD0039,Storage Unit Item 39,Furniture,Storage Units,South,Tamil Nadu,Coimbatore,15033.13,1,0.1,10859.15,4173.98,Net Banking
ORD0006440,2025-02-27,CUST00711,Rajesh Malhotra,PROD0085,Binder Item 85,Office Supplies,Binders,North,Delhi,Dwarka,711.12,3,0.0,462.24,248.88,Credit Card
ORD0006424,2025-02-22,CUST00697,Pallavi Mehta,PROD0087,Binder Item 87,Office Supplies,Binders,East,West Bengal,Kolkata,4894.67,2,0.1,4263.72,630.95,Credit Card
ORD0005235,2025-02-13,CUST00469,Ishaan Patel,PROD0085,Binder Item 85,Office Supplies,Binders,North,Punjab,Amritsar,948.16,4,0.0,616.32,331.84,UPI
ORD0006414,2025-02-20,CUST00042,Ishaan Chatterjee,PROD0097,Appliance Item 97,Office-Supplies,Appliances,North,Delhi,Rohini,6776.21,5,0.25,5551.55,1224.66,UPI
ORD0004164,2025-02-21,CUST00490,Arjun Kumar,PROD0015,Headphone Item 15,Electronics,Headphones,East,West Bengal,Howrah,60651.46,2,0.15,52358.8,8292.66,Debit Card
ORD0005470,2025-02-22,CUST00862,Riya Mehta,PROD0073,Staple Item 73,Grocery,Staples,East,West Bengal,Kolkata,218.19,4,0.25,183.76,34.43,UPI
ORD0005022,28-Feb-2025,CUST00742,Saanvi Verma,PROD0049,Kids Wear Item 49,Clothing,Kids Wear,East,Bihar,Patna,9058.79,4,0.15,5867.72,3191.07,UPI
ORD0006270,2025-02-21,CUST00278,Pallavi Singh,PROD0051,Kids Wear Item 51,Clothing,Kids Wear,West,Gujarat,Ahmedabad,1059.26,2,0.0,703.94,355.32,Debit Card
ORD0005931,2025-02-25,CUST00506,Saanvi Joshi,PROD0055,Footwear Item 55,Clothing,Footwear,West,Rajasthan,Udaipur,11947.48,4,0.0,7948.36,3999.12,UPI
ORD0006556,2025-02-20,CUST00700,Aarav Iyer,PROD0036,Sofa Item 36,Furniture,Sofas,West,Gujarat,Ahmedabad,8513.02,1,0.1,5273.47,3239.55,Debit Card
ORD0004229,2025-02-05,CUST00458,Pooja Khan,PROD0019,Camera Item 19,Electronics,Cameras,West,Rajasthan,Jaipur,161253.06,3,0.05,98477.04,62776.02,Debit Card
ORD0003862,27-Feb-2025,CUST00453,Rahul Mehta,PROD0052,Kids Wear Item 52,Clothing,Kids Wear,North,Haryana,Gurugram,3109.64,4,0.0,1828.72,1280.92,UPI
ORD0005084,2025-02-25,CUST00591,Karan Rao,PROD0083,Paper Item 83,Office Supplies,Paper,North,Delhi,Rohini,13239.48,7,0.05,11065.88,2173.6,Credit Card
ORD0003723,2025-02-10,CUST00548,Ananya Verma,PROD0054,Footwear Item 54,Clothing,Footwear,North,Haryana,Gurugram,5937.36,2,0.2,4674.1,1263.26,UPI
ORD0004590,2025-02-11,CUST00015,Vikram Khan,PROD0078,Personal Care Item 78,Grocery,Personal Care,North,Punjab,Ludhiana,300.84,1,0.2,270.26,30.58,Credit Card
ORD0004236,2025-02-04,CUST00201,Pallavi Joshi,PROD0030,Bookcase Item 30,Furniture,Bookcases,West,Maharashtra,Nagpur,59767.89,4,0.15,47985.64,11782.25,Cash on Delivery
ORD0006168,2025-02-03,CUST00864,Rajesh Kumar,PROD0024,Chair Item 24,Furniture,Chairs,North,Punjab,Ludhiana,25090.39,1,0.0,19139.79,5950.6,Credit Card
ORD0004498,2025-02-01,CUST00579,Diya Chatterjee,PROD0032,Bookcase Item 32,Furniture,Bookcases,South,Telangana,Warangal,15918.06,3,0.0,9255.0,6663.06,Credit Card
ORD0006590,14-Feb-2025,CUST00300,Karan Das,PROD0044,Men's Wear Item 44,Clothing,Men's Wear,South,Karnataka,Bengaluru,2969.95,2,0.05,1758.6,1211.35,UPI
ORD0005006,2025-02-14,CUST00298,Ananya Joshi,PROD0017,Camera Item 17,Electronics,Cameras,West,Rajasthan,Udaipur,119624.1,5,0.05,93181.35,26442.75,UPI
ORD0006114,2025-02-02,CUST00146,Nikhil Iyer,PROD0015,Headphone Item 15,Electronics,Headphones,East,West Bengal,Kolkata,237254.24,7,0.05,183255.8,53998.44,Debit Card
ORD0004455,02-28-2025,CUST00897,Arjun Iyer,PROD0023,Chair Item 23,Furniture,Chairs,South,Tamil Nadu,Coimbatore,48555.57,3,0.0,29682.75,18872.82,Credit Card
ORD0004729,2025-02-05,CUST00258,Rajesh Verma,PROD0050,Kids Wear Item 50,Clothing,Kids Wear,North,Punjab,Amritsar,20871.16,7,0.25,17259.76,3611.4,UPI
ORD0003927,2025-02-27,CUST00705,Aarav Iyer,PROD0060,Accessorie Item 60,Clothing,Accessories,North,Haryana,Gurugram,673.41,2,0.25,594.76,78.65,UPI
ORD0003915,2025-02-19,CUST00434,Nikhil Chatterjee,PROD0083,Paper Item 83,Office Supplies,Paper,East,Bihar,Gaya,7963.6,4,0.0,6323.36,1640.24,Debit Card
ORD0003918,05 February 2025,CUST00638,Manish Mehta,PROD0003,Mobile Phone Item 3,ELECTRONICS,Mobile Phones,South,Telangana,Hyderabad,129647.12,3,0.25,123273.63,6373.49,UPI
ORD0004315,2025-02-27,CUST00610,Nikhil Khan,PROD0031,Bookcase Item 31,Furniture,Bookcases,West,Gujarat,Ahmedabad,14362.97,1,0.25,12613.39,1749.58,UPI
ORD0006117,2025-02-06,CUST00450,Aditi Kumar,PROD0051,Kids Wear Item 51,Clothing,Kids Wear,East,West Bengal,Howrah,3336.67,7,0.1,2463.79,872.88,Credit Card
ORD0004132,2025-02-20,CUST00175,Kabir Patel,PROD0055,Footwear Item 55,Clothing,Footwear,West,Rajasthan,Udaipur,2986.87,1,0.0,1987.09,999.78,Credit Card
ORD0006275,2025-02-05,CUST00387,Aarav Mehta,PROD0043,Men's Wear Item 43,Clothing,Men's Wear,South,Tamil Nadu,Chennai,2596.95,4,0.25,2701.4,-104.45,UPI
ORD0004591,28-Feb-2025,CUST00253,Saanvi Khan,PROD0064,Beverage Item 64,Grocery,Beverages,North,Haryana,Faridabad,4843.6,5,0.15,3655.95,1187.65,Debit Card
ORD0006487,2025-02-04,CUST00724,Rajesh Malhotra,PROD0053,Footwear Item 53,Clothing,Footwear,East,West Bengal,Kolkata,2111.56,1,0.2,1710.98,400.58,UPI
ORD0005533,2025-02-15,CUST00304,Ananya Singh,PROD0028,Table Item 28,Furniture,Tables,South,Karnataka,Mysuru,131794.6,4,0.0,101745.08,30049.52,Credit Card
ORD0005902,2025-02-10,,Aditi Reddy,PROD0023,Chair Item 23,Furniture,Chairs,South,Tamil Nadu,Chennai,80925.95,5,0.0,49471.25,31454.7,Net Banking
ORD0004972,2025-02-11,CUST00333,Pooja Mehta,PROD0064,Beverage Item 64,Grocery ,Beverages,West,Rajasthan,Jaipur,5812.32,6,0.15,4387.14,1425.18,UPI
ORD0006219,2025-02-25,CUST00481,Ishaan Reddy,PROD0061,Beverage Item 61,Grocery,Beverages,East,West Bengal,Kolkata,3874.9,4,0.1,3174.84,700.06,Credit Card
ORD0003910,2025-02-04,CUST00503,Diya Rao,PROD0016,Headphone Item 16,Electronics,Headphones,South,Telangana,Warangal,18817.92,1,0.0,12096.41,13675.45,Debit Card
ORD0004608,2025-02-06,CUST00432,Diya Joshi,PROD0067,Snack Item 67,Grocery,Snacks,North,Punjab,Ludhiana,4002.2,7,0.1,3454.22,547.98,UPI
ORD0006269,2025-02-01,CUST00315,Sanya Nair,PROD0073,Staple Item 73,Grocery,Staples,East,Odisha,Cuttack,309.1,5,0.15,229.7,79.4,Net Banking
ORD0004044,2025-02-19,CUST00077,Sneha Iyer,PROD0044,Men's Wear Item 44,clothing,Men's Wear,West,Gujarat,Ahmedabad,1406.82,1,0.1,879.3,527.52,Credit Card
ORD0004388,2025-02-13,CUST00624,Divya Khan,PROD0045,Women's Wear Item 45,Clothing,Women's Wear,North,Delhi,New Delhi,2350.34,2,0.25,2346.0,4.34,Debit Card
ORD0004218,2025-02-06,CUST00599,Tanvi Malhotra,PROD0065,Snack Item 65,Grocery,Snacks,North,Haryana,Gurugram,3597.16,4,0.0,2340.96,1256.2,Cash on Delivery
ORD0005412,02-01-2025,CUST00736,Amit Mehta,PROD0040,Storage Unit Item 40,Furniture,Storage Units,West,Maharashtra,Nagpur,15192.4,1,0.2,11333.72,3858.68,Credit Card
ORD0006299,2025-02-11,CUST00095,Rohan Iyer,PROD0053,Footwear Item 53,Clothing,Footwear,South,Karnataka,Bengaluru,6334.68,3,0.2,5132.94,1201.74,Net Banking
ORD0006552,2025-02-19,CUST00690,Sanya Singh,PROD0028,Table Item 28,Furniture,Tables,West,Rajasthan,Udaipur,28006.35,1,0.15,25436.27,2570.08,Credit Card
ORD0006359,2025-02-15,CUST00445,Aarav Iyer,PROD0054,Footwear Item 54,Clothing,Footwear,West,Maharashtra,Nagpur,11132.55,3,0.0,7011.15,4121.4,UPI
ORD0005926,2025-02-23,CUST00822,Rahul Kumar,PROD0008,Laptop Item 8,Electronics,Laptops,South,Telangana,Hyderabad,300739.09,6,0.15,278891.22,21847.87,Credit Card
ORD0004578,2025-02-09,CUST00004,Aditi Mehta,PROD0061,Beverage Item 61,Grocery,Beverages,South,Telangana,Hyderabad,3659.62,4,0.15,3174.84,484.78,Credit Card
ORD0003913,2025-02-18,CUST00589,Ananya Gupta,PROD0050,Kids Wear Item 50,Clothing,Kids Wear,South,Telangana,Warangal,10137.42,3,0.15,7397.04,2740.38,Debit Card
ORD0004888,2025-02-24,CUST00377,Aditi Rao,PROD0095,Storage Item 95,Office Supplies,Storage,West,Gujarat,Surat,13210.16,5,0.1,9747.8,3462.36,UPI
ORD0005212,2025-02-10,CUST00178,Pallavi Malhotra,PROD0031,Bookcase Item 31,Furniture,Bookcases,East,West Bengal,Howrah,76602.52,4,0.0,50453.56,26148.96,Debit Card
ORD0005271,2025-02-18,CUST00115,Vikram Patel,PROD0057,Accessorie Item 57,Clothing,Accessories,North,Haryana,Gurugram,6147.9,3,0.0,4841.58,1306.32,Net Banking
ORD0005515,2025-02-09,CUST00867,Aryan Chatterjee,PROD0079,Personal Care Item 79,Grocery,Personal Care,South,Tamil Nadu,Chennai,2797.04,3,0.15,1976.46,820.58,UPI
ORD0003757,2025-02-11,CUST00800,Divya Mehta,PROD0073,Staple Item 73,Grocery,Staples,West,Rajasthan,Jaipur,72.73,1,0.0,45.94,26.79,Debit Card
ORD0004901,2025-02-02,CUST00048,Amit Iyer,PROD0037,Storage Unit Item 37,Furnitures,Storage Units,West,Rajasthan,Udaipur,9249.58,2,0.05,7586.72,1662.86,UPI
ORD0005046,2025-02-07,CUST00682,Arjun Gupta,PROD0038,Storage Unit Item 38,Furniture,Storage Units,North,Delhi,Rohini,35389.29,3,0.0,24844.41,10544.88,Cash on Delivery
ORD0004944,2025-02-09,CUST00026,Manish Gupta,PROD0040,Storage Unit Item 40,Furniture,Storage Units,North,Delhi,Dwarka,18990.5,1,0.0,11333.72,7656.78,Net Banking
ORD0003820,2025-02-01,CUST00244,Arjun Singh,PROD0021,Chair Item 21,Furniture,Chairs,West,Maharashtra,Pune,50221.03,6,0.15,44999.22,5221.81,Debit Card
ORD0005959,2025-02-07,CUST00362,Divya Verma,PROD0002,Mobile Phone Item 2,Electronics,Mobile Phones,South,Karnataka,Bengaluru,28998.41,7,0.0,19439.77,9558.64,UPI
ORD0004793,02-28-2025,CUST00884,Sanya Khan,PROD0018,Camera Item 18,Electronics,Cameras,South,Telangana,Hyderabad,186730.6,4,,112356.44,74374.16,Debit Card
ORD0004067,2025-02-14,CUST00042,Ishaan Chatterjee,PROD0093,Storage Item 93,Office Supplies,Storage,East,West Bengal,Howrah,10568.54,2,0.1,8645.62,1922.92,Debit Card
ORD0003815,2025-02-07,CUST00581,Pooja Khan,PROD0068,Snack Item 68,Grocery,Snacks,West,Rajasthan,Udaipur,1596.6,4,0.25,1515.2,81.4,Net Banking
ORD0006295,2025-02-20,CUST00107,Shreya Khan,PROD0032,Bookcase Item 32,Furniture,Bookcases,East,Bihar,Patna,26530.1,5,0.0,15425.0,11105.1,Debit Card
ORD0003955,04-Feb-2025,CUST00730,Rohan Singh,PROD0041,Men's Wear Item 41,Clothing,Men's Wear,West,Rajasthan,Udaipur,23746.98,6,0.0,17918.94,5828.04,UPI
ORD0006063,02/02/2025,CUST00564,Divya Das,PROD0031,Bookcase Item 31,Furniture,Bookcases,East,Bihar,Gaya,38301.26,2,0.0,25226.78,13074.48,Credit Card
ORD0005994,2025-02-21,CUST00263,Ananya Iyer,PROD0089,Art Supplie Item 89,Office Supplies,Art Supplies,East,West Bengal,Kolkata,13251.36,4,0.0,8910.96,10219.65,Net Banking
ORD0003891,13-Feb-2025,CUST00573,Ananya Khan,PROD0021,Chair Item 21,Furniture,Chairs,North,Punjab,Ludhiana,9847.26,1,0.0,7499.87,2347.39,Credit Card
ORD0006446,2025-02-18,CUST00641,Manish Mehta,PROD0005,Laptop Item 5,Electronics,Laptops,South,Karnataka,Mysuru,13014.02,1,0.2,10145.95,2868.07,Debit Card
ORD0004929,2025-02-05,CUST00609,Sanya Mehta,PROD0084,Paper Item 84,Office-Supplies,Paper,South,Tamil Nadu,Coimbatore,12290.45,5,0.0,8865.8,3424.65,Credit Card
ORD0006123,2025-02-03,CUST00139,Priya Joshi,PROD0051,Kids Wear Item 51,Clothing,Kids Wear,North,Delhi,New Delhi,2118.52,4,0.0,1407.88,710.64,UPI
ORD0005504,2025-02-18,CUST00607,Rahul Chatterjee,PROD0016,Headphone Item 16,Electronic,Headphones,North,Punjab,Amritsar,131725.44,7,0.0,84674.87,47050.57,Cash on Delivery
ORD0004408,2025-02-27,CUST00753,Pooja Gupta,PROD0026,Table Item 26,Furniture,Tables,South,Telangana,Warangal,126051.28,7,0.05,81217.01,44834.27,Net Banking
ORD0004617,2025-02-02,CUST00687,Rahul Reddy,PROD0089,Art Supplie Item 89,Office Supplies,Art Supplies,East,West Bengal,Howrah,14907.78,6,0.25,13366.44,1541.34,Cash on Delivery
ORD0005109,2025-02-28,CUST00570,Manish Singh,PROD0094,Storage Item 94,Office Supplies,Storage,North,Delhi,Rohini,9223.08,2,0.0,6831.06,2392.02,UPI
ORD0005735,2025-02-28,CUST00270,Vikram Sharma,PROD0012,Television Item 12,Electronics,Televisions,North,Punjab,Ludhiana,120256.77,4,0.2,103058.72,17198.05,Credit Card
ORD0003954,2025-02-11,CUST00036,Shreya Gupta,PROD0033,Sofa Item 33,Furniture,Sofas,West,Maharashtra,Pune,53387.1,2,0.2,44745.58,8641.52,Credit Card
ORD0005210,2025-02-08,CUST00323,Shreya Nair,PROD0058,Accessorie Item 58,Clothing,Accessories,South,Telangana,Hyderabad,2508.86,2,0.2,1863.8,645.06,UPI
ORD0005319,2025-02-19,CUST00838,Tanvi Malhotra,PROD0088,Binder Item 88,Office Supplies,Binders,South,Tamil Nadu,Coimbatore,10277.02,2,0.0,6480.22,3796.8,Debit Card
ORD0005543,2025-02-21,CUST00304,Ananya Singh,PROD0077,Personal Care Item 77,Grocery,Personal Care,South,Karnataka,Mysuru,1465.72,4,0.0,856.96,608.76,UPI
ORD0005401,11-Feb-2025,CUST00063,Divya Kumar,PROD0069,Dairy Item 69,Grocery,Dairy,East,Odisha,Bhubaneswar,998.37,3,0.25,867.96,130.41,Credit Card
ORD0005937,2025-02-10,CUST00633,Rohan Sharma,PROD0051,Kids Wear Item 51,Clothing,Kids Wear,West,Gujarat,Surat,847.41,2,0.2,703.94,143.47,Net Banking
ORD0005917,2025-02-27,CUST00133,Pallavi Kumar,PROD0068,Snack Item 68,Grocery,Snacks,South,Tamil Nadu,Coimbatore,2661.0,5,0.0,1894.0,767.0,Credit Card
ORD0005017,2025-02-14,CUST00097,Karan Nair,PROD0032,Bookcase Item 32,Furniture,Bookcases,North,Punjab,Amritsar,30244.31,6,0.05,18510.0,11734.31,Credit Card
ORD0005814,04 February 2025,CUST00237,Neha Khan,PROD0078,Personal Care Item 78,Grocery,Personal Care,West,Rajasthan,Jaipur,1880.25,5,0.0,1351.3,528.95,UPI
ORD0004921,2025-02-03,CUST00190,Kavya Iyer,PROD0016,Headphone Item 16,Electronics,Headphones,West,Gujarat,Ahmedabad,37635.84,2,0.0,24192.82,13443.02,Net Banking
ORD0005895,02 February 2025,CUST00880,Pooja Kumar,PROD0075,Staple Item 75,Grocery,Staples,North,Punjab,Amritsar,4938.67,5,0.05,3179.85,1758.82,UPI
ORD0005137,2025-02-01,CUST00792,Sanya Reddy,PROD0071,Dairy Item 71,Grocery,Dairy,West,Gujarat,Ahmedabad,155.48,1,0.0,111.46,44.02,Net Banking
ORD0006056,14-Feb-2025,CUST00715,Saanvi Joshi,PROD0047,Women's Wear Item 47,Clothing,Women's Wear,North,Punjab,Ludhiana,6472.9,2,0.0,3903.08,2569.82,Cash on Delivery
ORD0005667,2025-02-19,CUST00065,Pooja Das,PROD0052,Kids Wear Item 52,Clothing,Kids Wear,West,Gujarat,Surat,1399.34,2,0.1,914.36,484.98,UPI
ORD0005225,2025-02-25,CUST00544,Nikhil Malhotra,PROD0063,Beverage Item 63,Grocery,Beverages,North,Punjab,Amritsar,4045.0,5,0.0,2530.65,1514.35,UPI
ORD0005544,2025-02-07,CUST00041,Rajesh Reddy,PROD0086,Binder Item 86,Office Supplies,Binders,North,Delhi,New Delhi,21052.52,4,0.0,14790.6,6261.92,Credit Card
ORD0004706,2025-02-05,CUST00217,Nikhil Patel,PROD0090,Art Supplie Item 90,Office Supplies,Art Supplies,South,Karnataka,Mysuru,18192.45,5,0.05,12132.05,6060.4,Credit Card
ORD0006523,2025-02-13,CUST00217,Nikhil Patel,PROD0048,Women's Wear Item 48,Clothing,Women's Wear,North,Haryana,Gurugram,18590.0,5,0.0,12260.05,6329.95,Cash on Delivery
ORD0005846,2025-02-07,CUST00492,Vikram Das,PROD0033,Sofa Item 33,Furniture,Sofas,North,Haryana,Faridabad,56723.8,2,0.15,44745.58,11978.22,Debit Card
ORD0005371,2025-02-28,CUST00298,Ananya Joshi,PROD0081,Paper Item 81,Office Supplies,Paper,West,Rajasthan,Jaipur,19455.62,4,0.15,16079.84,3375.78,UPI
ORD0006519,2025-02-12,CUST00354,Aarav Kumar,PROD0096,Storage Item 96,Office Supplies,Storage,North,Haryana,Faridabad,1441.47,1,0.05,1079.14,362.33,UPI
ORD0006189,2025-02-06,CUST00149,Divya Khan,PROD0048,Women's Wear Item 48,Clothing,Women's Wear,North,Delhi,Dwarka,2974.4,1,0.2,2452.01,522.39,UPI
ORD0005616,2025-02-26,CUST00268,Pooja Patel,PROD0090,Art Supplie Item 90,Office Supplies,Art Supplies,West,Gujarat,Surat,22979.94,6,0.0,14558.46,8421.48,Credit Card
ORD0006384,2025-02-07,CUST00024,Rahul Rao,PROD0036,Sofa Item 36,Furniture,Sofas,South,Telangana,Warangal,37835.64,4,0.0,21093.88,16741.76,Credit Card
ORD0005213,2025-02-02,CUST00255,Saanvi Gupta,PROD0073,Staple Item 73,Grocery,Staples,North,Delhi,New Delhi,207.28,3,0.05,137.82,69.46,UPI
ORD0004009,05/02/2025,CUST00442,Rahul Patel,PROD0096,Storage Item 96,Office Supplies,Storage,South,Telangana,Hyderabad,8648.84,6,0.05,6474.84,2174.0,Credit Card
ORD0005837,2025-02-25,CUST00015,Vikram Khan,PROD0077,Personal Care Item 77,Grocery,Personal Care,West,Maharashtra,Nagpur,732.86,2,0.0,428.48,304.38,Credit Card
ORD0003977,2025-02-02,CUST00820,Kabir Iyer,PROD0073,Staple Item 73,Grocery,Staples,North,Delhi,Rohini,145.46,2,0.0,91.88,53.58,UPI
ORD0006775,2025-02-07,CUST00488,Ishaan Gupta,PROD0071,Dairy Item 71,Grocery,Dairy,North,Haryana,Gurugram,621.92,4,0.0,445.84,176.08,Debit Card
ORD0005942,2025-02-03,CUST00353,Diya Kumar,PROD0029,Bookcase Item 29,Furniture,Bookcases,South,Telangana,Warangal,143774.77,7,0.25,130243.75,13531.02,UPI
ORD0005908,2025-02-09,CUST00481,Ishaan Reddy,PROD0056,Footwear Item 56,Clothing,Footwear,North,Haryana,Faridabad,13709.1,5,0.0,9595.35,4113.75,UPI
ORD0003795,2025-02-21,CUST00632,Rahul Chatterjee,PROD0075,Staple Item 75,Grocery,Staples,North,Haryana,Faridabad,2079.44,2,0.0,1271.94,807.5,Credit Card
ORD0004622,02/02/2025,CUST00231,Tanvi Patel,PROD0013,Headphone Item 13,Electronics,Headphones,East,West Bengal,Howrah,53060.87,5,0.05,34255.75,18805.12,Credit Card
ORD0005791,2025-02-02,CUST00813,Vikram Malhotra,PROD0071,Dairy Item 71,Grocery,Dairy,West,Maharashtra,Nagpur,-,3,0.05,334.38,108.74,Net Banking
ORD0006288,2025-02-04,CUST00078,Rahul Das,PROD0031,Bookcase Item 31,Furniture,Bookcases,East,West Bengal,Howrah,19150.63,1,0.0,12613.39,6537.24,Net Banking
ORD0004137,2025-02-23,CUST00179,Ishaan Rao,PROD0074,Staple Item 74,Grocery,Staples,North,Haryana,Gurugram,1456.77,7,0.25,1446.13,10.64,UPI
ORD0005919,2025-02-08,CUST00067,Aditi Singh,PROD0044,Men's Wear Item 44,Clothing,Men's Wear,South,Tamil Nadu,Coimbatore,10941.91,7,0.0,6155.1,4786.81,Credit Card
ORD0006507,2025-02-02,CUST00718,Ananya Verma,PROD0031,Bookcase Item 31,Furniture,Bookcases,East,West Bengal,Howrah,127351.69,7,0.05,88293.73,39057.96,Credit Card
ORD0003794,2025-02-08,CUST00138,Neha Khan,PROD0072,Dairy Item 72,grocery,Dairy,South,Tamil Nadu,Coimbatore,4782.91,7,0.15,4027.38,755.53,Credit Card
ORD0004809,2025-02-02,CUST00128,Riya Patel,PROD0091,Art Supplie Item 91,Office Supplies,Art Supplies,West,Maharashtra,Mumbai,2311.22,2,0.25,2398.02,-86.8,Credit Card
ORD0004433,2025-02-03,CUST00627,Aditi Joshi,PROD0004,Mobile Phone Item 4,Electronics,Mobile Phones,North,Delhi,Rohini,129570.3,5,0.15,88057.95,41512.35,Net Banking
ORD0003874,2025-02-12,CUST00726,Saanvi Sharma,PROD0029,Bookcase Item 29,Furniture,Bookcases,North,Delhi,Rohini,102696.26,5,0.25,93031.25,9665.01,Cash on Delivery
ORD0006356,2025-02-12,CUST00106,Rohan Mehta,PROD0057,Accessorie Item 57,Clothing,Accessories,South,Karnataka,Mysuru,4610.92,3,0.25,4841.58,-230.66,Debit Card
ORD0006550,2025-02-18,CUST00554,Rohan Rao,PROD0063,Beverage Item 63,Grocery,Beverages,East,Bihar,Patna,768.55,1,0.05,506.13,262.42,Debit Card
ORD0005489,2025-02-25,CUST00435,Rahul Sharma,PROD0033,Sofa Item 33,Furniture,Sofas,South,Tamil Nadu,Chennai,141809.5,5,0.15,111863.95,29945.55,Credit Card
ORD0004489,08/02/2025,CUST00144,Ishaan Kumar,PROD0023,Chair Item 23,Furniture,Chairs,West,Rajasthan,Jaipur,38844.46,3,0.2,29682.75,9161.71,Net Banking
ORD0004707,2025-02-13,CUST00900,Priya Singh,PROD0095,Storage Item 95,Office Supplies,Storage,South,Karnataka,Bengaluru,11742.36,4,0.0,7798.24,3944.12,UPI
ORD0004874,2025-02-11,CUST00840,Sneha Singh,PROD0005,Laptop Item 5,Electronics,Laptops,West,Maharashtra,Pune,32535.04,2,0.0,20291.9,12243.14,Credit Card
ORD0004839,2025-02-11,CUST00135,Karan Kumar,PROD0100,Appliance Item 100,Office Supplies,Appliances,West,Gujarat,Ahmedabad,20709.44,4,0.0,12258.44,8451.0,Cash on Delivery
ORD0005282,2025-02-23,CUST00730,Rohan Singh,PROD0010,Television Item 10,Electronics,Televisions,South,Telangana,Warangal,77245.16,4,0.0,53162.0,24083.16,Cash on Delivery
ORD0004747,2025-02-28,CUST00665,Aryan Nair,PROD0003,Mobile Phone Item 3,electronics,Mobile Phones,North,Haryana,Gurugram,86431.41,2,0.25,82182.42,4248.99,Debit Card
ORD0006141,2025-02-04,CUST00567,Shreya Joshi,PROD0095,Storage Item 95,office supplies,Storage,North,Punjab,Ludhiana,2495.25,1,0.15,1949.56,545.69,Net Banking
ORD0004149,2025-02-26,CUST00792,Sanya Reddy,PROD0051,Kids Wear Item 51,Clothing,Kids Wear,West,Rajasthan,Jaipur,1059.26,2,0.0,703.94,355.32,Credit Card
ORD0004445,2025-02-28,CUST00487,Priya Khan,PROD0006,Laptop Item 6,Electronics,Laptops,West,Maharashtra,Nagpur,39304.86,1,0.15,35567.55,3737.31,Credit Card
ORD0005741,2025-02-28,CUST00058,Sanya Kumar,PROD0100,Appliance Item 100,Office Supplies,Appliances,North,Haryana,Faridabad,36241.52,7,0.0,21452.27,14789.25,Debit Card
ORD0004534,2025-02-10,CUST00526,Sanya Nair,PROD0035,Sofa Item 35,Furniture,Sofas,East,Bihar,Gaya,118566.3,6,0.0,71368.56,47197.74,Debit Card
ORD0004071,2025-02-25,CUST00778,Rahul Patel,PROD0011,Television Item 11,Electronics,Televisions,South,Tamil Nadu,Coimbatore,50212.47,7,0.0,38234.28,11978.19,UPI
ORD0005781,2025-02-27,CUST00323,Shreya Nair,PROD0011,Television Item 11,Electronics,Televisions,East,Bihar,Gaya,35866.05,5,0.0,27310.2,8555.85,UPI
ORD0003744,2025-02-02,CUST00445,Aarav Iyer,PROD0064,Beverage Item 64,Grocery,Beverages,East,West Bengal,Howrah,7179.92,7,0.1,5118.33,2061.59,UPI
ORD0005259,2025-02-13,CUST00292,Diya Sharma,PROD0002,Mobile Phone Item 2,Electronics,Mobile Phones,East,West Bengal,Howrah,0,6,0.15,16662.66,4464.75,UPI
ORD0003931,2025-02-15,CUST00886,Arjun Reddy,PROD0056,Footwear Item 56,Clothing,Footwear,East,West Bengal,Kolkata,10418.92,4,0.05,7676.28,2742.64,Debit Card
ORD0005949,2025-02-26,CUST00230,Divya Verma,PROD0054,Footwear Item 54,Clothing,Footwear,East,West Bengal,Howrah,7421.7,2,0.0,4674.1,2747.6,UPI
ORD0004301,2025-02-10,CUST00496,Arjun Singh,PROD0029,Bookcase Item 29,Furniture,Bookcases,South,Karnataka,Mysuru,109542.68,4,0.0,74425.0,35117.68,Net Banking
ORD0003727,2025-02-23,CUST00057,Vikram Khan,PROD0086,Binder Item 86,Office Supplies,Binders,East,Odisha,Cuttack,9473.63,2,0.1,7395.3,2078.33,Credit Card
ORD0006660,2025-02-11,CUST00640,Aarav Chatterjee,PROD0041,Men's Wear Item 41,Clothing,Men's Wear,North,Haryana,Gurugram,7124.09,2,0.1,5972.98,1151.11,Debit Card
ORD0005752,02-08-2025,CUST00167,Ananya Chatterjee,PROD0092,Art Supplie Item 92,Office Supplies,Art Supplies,South,Tamil Nadu,Chennai,38856.02,7,0.0,29562.82,9293.2,Credit Card
ORD0005527,2025-02-23,CUST00497,Kabir Reddy,PROD0019,Camera Item 19,Electronics,Cameras,West,Gujarat,Surat,181056.06,4,0.2,131302.72,49753.34,Debit Card
ORD0004249,2025-02-02,CUST00029,Vikram Patel,PROD0045,Women's Wear Item 45,Clothing,Women's Wear,East,Odisha,Cuttack,1410.2,1,0.1,1173.0,237.2,Cash on Delivery
ORD0005171,2025-02-04,CUST00543,Meera Chatterjee,PROD0078,Personal Care Item 78,Grocery,Personal Care,West,Maharashtra,Pune,1692.22,5,0.1,1351.3,340.92,Credit Card
ORD0005726,2025-02-01,CUST00634,Vivaan Nair,PROD0053,Footwear Item 53,Clothing,Footwear,East,Odisha,Bhubaneswar,13197.25,5,0.0,8554.9,4642.35,Credit Card
ORD0005461,2025-02-19,CUST00826,Kabir Sharma,PROD0073,Staple Item 73,Grocery,Staples,East,West Bengal,Kolkata,363.65,5,0.0,229.7,133.95,UPI
ORD0004682,2025-02-09,CUST00723,Ishaan Sharma,PROD0097,Appliance Item 97,Office Supplies,Appliances,South,Karnataka,Bengaluru,10841.94,6,0.0,6661.86,4180.08,Cash on Delivery
ORD0006587,16/02/2025,CUST00685,Rajesh Das,PROD0005,Laptop Item 5,Electronics,Laptops,South,Karnataka,Bengaluru,27654.78,2,0.15,20291.9,7362.88,UPI
ORD0004098,2025-02-01,CUST00458,Pooja Khan,PROD0032,Bookcase Item 32,Furniture,Bookcases,East,West Bengal,Howrah,3979.52,1,,3085.0,894.52,Cash on Delivery
ORD0004802,2025-02-23,CUST00755,Divya Das,PROD0045,Women's Wear Item 45,Clothing,Women's Wear,West,Gujarat,Surat,2507.02,2,0.2,2346.0,161.02,Credit Card
ORD0006696,2025-02-18,CUST00185,Aarav Joshi,PROD0039,Storage Unit Item 39,Furniture,Storage Units,South,Telangana,Hyderabad,15033.13,1,,10859.15,4173.98,Credit Card
ORD0004840,2025-02-07,CUST00617,Pallavi Mehta,PROD0091,Art Supplie Item 91,Office Supplies,Art Supplies,West,Maharashtra,Mumbai,8089.25,7,0.25,8393.07,-303.82,Credit Card
ORD0003860,2025-02-17,CUST00657,Shreya Chatterjee,PROD0072,Dairy Item 72,Grocery,Dairy,East,West Bengal,Howrah,2170.4,3,0.1,1726.02,444.38,Cash on Delivery
ORD0005464,2025-02-01,CUST00541,Sneha Malhotra,PROD0042,Men's Wear Item 42,Clothing,Men's Wear,East,Odisha,Bhubaneswar,9131.91,3,0.0,6092.73,3039.18,Credit Card
ORD0005347,2025-02-23,CUST00758,Rohan Rao,PROD0037,Storage Unit Item 37,Furniture,Storage Units,South,Karnataka,Bengaluru,11683.68,3,0.2,11380.08,303.6,Debit Card
ORD0004275,2025-02-02,CUST00486,Saanvi Reddy,PROD0079,Personal Care Item 79,Grocery,Personal Care,West,Gujarat,Surat,-6910.34,7,0.1,4611.74,2298.6,Debit Card
ORD0005019,2025-02-20,CUST00859,Riya Reddy,PROD0003,Mobile Phone Item 3,Electronics,Mobile Phones,South,Telangana,Hyderabad,288104.7,5,0.0,205456.05,82648.65,Credit Card
ORD0004178,2025-02-20,CUST00590,Rohan Sharma,PROD0080,Personal Care Item 80,Grocery,Personal Care,West,Maharashtra,Mumbai,606.05,1,0.1,488.44,117.61,UPI
ORD0005796,2025-02-13,CUST00675,Manish Kumar,PROD0069,Dairy Item 69,Grocery,Dairy,North,Delhi,New Delhi,798.7,2,0.1,578.64,220.06,Credit Card
ORD0006672,2025-02-19,CUST00607,Rahul Chatterjee,PROD0063,Beverage Item 63,Grocery,Beverages,South,Tamil Nadu,Coimbatore,3236.0,4,0.0,2024.52,1211.48,UPI
ORD0004387,2025-02-06,CUST00291,Aditi Chatterjee,PROD0018,Camera Item 18,Electronics,Cameras,East,Odisha,Bhubaneswar,93365.3,2,0.0,56178.22,37187.08,Credit Card
ORD0005803,2025-02-18,CUST00103,Rahul Iyer,PROD0047,Women's Wear Item 47,Clothing,Women's Wear,West,Gujarat,Ahmedabad,22655.15,7,0.0,13660.78,8994.37,Credit Card
ORD0005604,2025-02-08,CUST00754,Sneha Khan,PROD0017,Camera Item 17,Electronics,Cameras,East,Odisha,Cuttack,25184.02,1,0.0,18636.27,6547.75,Debit Card
ORD0005824,2025-02-08,CUST00827,Vivaan Kumar,PROD0031,Bookcase Item 31, Furniture,Bookcases,North,Delhi,New Delhi,16278.04,1,0.15,12613.39,3664.65,Credit Card
ORD0005263,2025-02-17,CUST00786,Aditi Nair,PROD0009,Television Item 9,Electronics,Televisions,North,Haryana,Gurugram,13683.84,3,0.2,9996.87,3686.97,Credit Card
ORD0003904,02-01-2025,CUST00315,Sanya Nair,PROD0031,Bookcase Item 31,Furniture,Bookcases,West,Rajasthan,Udaipur,38301.26,2,0.0,25226.78,13074.48,Net Banking
ORD0004687,2025-02-25,CUST00305,Pallavi Chatterjee,PROD0095,Storage Item 95,Office Supplies,Storage,South,Tamil Nadu,Coimbatore,7045.42,3,0.2,5848.68,1196.74,Credit Card
ORD0003932,2025-02-22,CUST00042,Ishaan Chatterjee,PROD0051,Kids Wear Item 51,Clothing,Kids Wear,East,West Bengal,Howrah,2701.11,6,0.15,2111.82,589.29,Credit Card
ORD0005324,2025-02-18,CUST00697,Pallavi Mehta,PROD0065,Snack Item 65,Grocery,Snacks,South,Karnataka,Mysuru,4496.45,5,0.0,2926.2,1570.25,Debit Card
ORD0005650,2025-02-07,CUST00831,Karan Kumar,PROD0071,Dairy Item 71,Grocery,Dairy,West,Maharashtra,Mumbai,621.92,5,0.2,557.3,64.62,Cash on Delivery
ORD0005883,2025-02-28,CUST00500,Rajesh Singh,PROD0013,Headphone Item 13,Electronics,Headphones,East,Odisha,Cuttack,35746.27,4,0.2,27404.6,8341.67,Credit Card
ORD0006211,2025-02-22,CUST00888,Shreya Patel,PROD0056,Footwear Item 56,Clothing,Footwear,West,Rajasthan,Udaipur,5209.46,2,0.05,3838.14,1371.32,UPI
ORD0005280,2025-02-24,CUST00744,Ishaan Sharma,PROD0098,Appliance Item 98,Office Supplies,Appliances,South,Tamil Nadu,Chennai,24900.19,7,,16247.28,8652.91,Net Banking
ORD0005578,2025-02-10,CUST00887,Arjun Reddy,PROD0025,Table Item 25,Furnitures,Tables,West,Gujarat,Ahmedabad,92131.41,4,0.25,77983.76,14147.65,UPI
ORD0004130,2025-02-25,CUST00006,Sanya Malhotra,PROD0002,Mobile Phone Item 2,Electronics,Mobile Phones,West,Gujarat,Surat,20713.15,5,0.0,13885.55,6827.6,UPI
ORD0006506,2025-02-08,CUST00393,Priya Kumar,PROD0054,Footwear Item 54,Clothing,Footwear,North,Delhi,Rohini,7050.62,2,0.05,4674.1,2376.52,UPI
ORD0003849,2025-02-22,CUST00864,Rajesh Kumar,PROD0066,Snack Item 66,Grocery,Snacks,North,Punjab,Amritsar,696.09,1,0.0,508.11,187.98,UPI
ORD0005930,2025-02-01,CUST00281,Vikram Sharma,PROD0011,Television Item 11,Electronics,Televisions,South,Tamil Nadu,Chennai,7173.21,1,0.0,5462.04,1711.17,Net Banking
ORD0006359,15 February 2025,CUST00445,Aarav Iyer,PROD0054,Footwear Item 54,Clothing,Footwear,West,Maharashtra,Nagpur,11132.55,3,0.0,7011.15,4121.4,UPI
ORD0006341,2025-02-04,CUST00280,Shreya Chatterjee,PROD0069,Dairy Item 69,Grocery,Dairy,North,Delhi,New Delhi,2950.74,7,0.05,2025.24,925.5,Credit Card
ORD0004989,2025-02-04,CUST00011,Sanya Nair,PROD0058,Accessorie Item 58,Clothing,Accessories,North,Haryana,Faridabad,10427.47,7,0.05,6523.3,3904.17,Credit Card
ORD0005340,2025-02-15,CUST00080,Sanya Joshi,PROD0100,Appliance Item 100,Office Supplies,Appliances,South,Telangana,Warangal,15532.08,3,0.0,9193.83,6338.25,Credit Card
ORD0006705,2025-02-01,CUST00120,Ananya Das,PROD0095,Storage Item 95,Office Supplies,Storage,West,Rajasthan,Udaipur,2495.25,1,0.15,1949.56,545.69,Credit Card
ORD0006527,2025-02-23,CUST00497,,PROD0053,Footwear Item 53,Clothing,Footwear,East,West Bengal,Kolkata,2375.5,1,0.1,1710.98,1541.94,UPI
ORD0005526,15 February 2025,CUST00572,Sneha Chatterjee,PROD0068,Snack Item 68,Grocery,Snacks,East,Bihar,Patna,1277.28,3,0.2,1136.4,140.88,Cash on Delivery
ORD0005153,2025-02-14,CUST00578,Ananya Kumar,PROD0027,Table Item 27,Furniture,Tables,West,Rajasthan,Udaipur,9172.04,1,0.0,5414.38,3757.66,Debit Card
ORD0004684,2025-02-16,CUST00791,Saanvi Gupta,PROD0065,Snack Item 65,Grocery,Snacks,West,Gujarat,Surat,899.29,1,0.0,585.24,314.05,UPI
ORD0006781,2025-02-18,CUST00074,Vivaan Gupta,PROD0003,Mobile Phone Item 3,Electronics,Mobile Phones,North,Punjab,Amritsar,218959.57,4,0.05,164364.84,54594.73,Debit Card
ORD0004277,2025-02-21,CUST00816,Pooja Rao,PROD0065,Snack Item 65,Grocery,Snacks,South,Karnataka,Mysuru,4046.8,5,0.1,2926.2,1120.6,Credit Card
ORD0004853,2025-02-23,CUST00822,Rahul Kumar,PROD0098,Appliance Item 98,Office Supplies,Appliances,East,Bihar,Patna,14228.68,5,0.2,11605.2,2623.48,Debit Card
ORD0006647,2025-02-08,CUST00136,Saanvi Sharma,PROD0090,Art Supplie Item 90,Office Supplies,Art Supplies,North,Punjab,Ludhiana,3638.49,1,0.05,2426.41,1212.08,UPI
ORD0005256,2025-02-19,CUST00413,Karan Verma,PROD0099,Appliance Item 99,Office Supplies,Appliances,West,Maharashtra,Nagpur,2086.88,2,0.25,2098.04,-11.16,UPI
ORD0004456,18 February 2025,CUST00038,Aryan Khan,PROD0063,Beverage Item 63,Grocery,Beverages,North,Delhi,Rohini,1618.0,2,0.0,1012.26,605.74,Debit Card
ORD0005208,2025-02-05,CUST00312,Ishaan Reddy,PROD0036,Sofa Item 36,Furniture,Sofas,East,Bihar,Patna,44929.82,5,0.05,26367.35,18562.47,UPI
ORD0005663,2025-02-05,CUST00154,Ananya Singh,PROD0093,Storage Item 93,Office Supplies,Storage,North,Delhi,Dwarka,36989.88,7,0.1,30259.67,6730.21,Credit Card
ORD0004379,2025-02-14,CUST00238,Riya Joshi,PROD0087,Binder Item 87,Office Supplies,Binders,North,Delhi,Rohini,8157.78,3,0.0,6395.58,1762.2,Cash on Delivery
ORD0006348,2025-02-14,CUST00514,Aditi Iyer,PROD0007,Laptop Item 7,Electronics,Laptops,East,West Bengal,Howrah,81369.08,2,0.25,86375.14,-5006.06,Credit Card
ORD0006095,2025-02-11,CUST00522,Neha Nair,PROD0042,Men's Wear Item 42,Clothing,Men's Wear,East,Odisha,Bhubaneswar,17350.63,6,0.05,12185.46,5165.17,Credit Card
ORD0005714,2025-02-02,CUST00667,Neha Joshi,PROD0026,Table Item 26,Furniture,Tables,North,Haryana,Gurugram,18955.08,1,0.0,11602.43,7352.65,Credit Card
ORD0005114,2025-02-03,CUST00369,Tanvi Nair,PROD0044,Men's Wear Item 44,Clothing,Men's Wear,North,Delhi,Dwarka,4689.39,3,0.0,2637.9,2051.49,Credit Card
ORD0003876,2025-02-26,CUST00158,Rohan Das,PROD0098,Appliance Item 98,OFFICE SUPPLIES,Appliances,West,Maharashtra,Nagpur,2845.74,1,0.2,2321.04,524.7,Cash on Delivery
ORD0006722,2025-02-19,CUST00794,Nikhil Verma,PROD0058,Accessorie Item 58,Apparel,Accessories,East,Bihar,Patna,4233.71,3,0.1,2795.7,1438.01,UPI
ORD0003796,23/02/2025,CUST00254,Sanya Gupta,PROD0049,Kids Wear Item 49,Clothing,Kids Wear,North,Haryana,Faridabad,6394.44,3,0.2,4400.79,1993.65,UPI
ORD0006332,2025-02-08,CUST00770,Tanvi Kumar,PROD0055,Footwear Item 55,Clothing,Footwear,West,Gujarat,Ahmedabad,11947.48,4,0.0,7948.36,3999.12,UPI
ORD0004594,24-Feb-2025,CUST00629,Meera Singh,PROD0023,Chair Item 23,Furniture,Chairs,East,Bihar,Gaya,48555.57,4,0.25,39577.0,8978.57,Credit Card
ORD0004204,2025-02-07,CUST00369,Tanvi Nair,PROD0010,Television Item 10,Electronics,Televisions,North,Haryana,Gurugram,14483.47,1,0.25,13290.5,1192.97,Debit Card
ORD0005786,2025-02-07,CUST00753,Pooja Gupta,PROD0100,Appliance Item 100,Office Supplies,Appliances,South,Tamil Nadu,Chennai,20709.44,5,0.2,15323.05,5386.39,Cash on Delivery
ORD0006612,2025-02-19,CUST00379,Manish Reddy,PROD0098,Appliance Item 98,Office Supplies,Appliances,South,Telangana,Hyderabad,18141.57,6,0.15,13926.24,4215.33,Net Banking
ORD0005976,2025-02-09,CUST00417,Rahul Patel,PROD0040,Storage Unit Item 40,Furniture,Storage Units,East,West Bengal,Kolkata,37981.0,2,0.0,22667.44,15313.56,UPI
ORD0005405,2025-02-14,CUST00649,Rohan Das,PROD0054,Footwear Item 54,Clothing,Footwear,West,Rajasthan,Jaipur,7421.7,2,0.0,4674.1,7976.83,UPI
ORD0004677,2025-02-06,CUST00700,Aarav Iyer,PROD0068,Snack Item 68,Grocery,Snacks,South,Telangana,Hyderabad,1596.6,3,0.0,1136.4,460.2,Credit Card
ORD0006707,2025-02-18,CUST00586,Karan Das,PROD0073,Staple Item 73,Grocery,Staples,North,Haryana,Faridabad,54.55,1,0.25,45.94,8.61,Cash on Delivery
ORD0003716,2025-02-22,CUST00563,Divya Chatterjee,PROD0076,Staple Item 76,Grocery,Staples,West,Maharashtra,Mumbai,3272.12,4,0.0,1905.48,1366.64,UPI
ORD0006752,2025-02-02,CUST00002,Riya Khan,PROD0064,Beverage Item 64,Grocery,Beverages,North,Haryana,Faridabad,1139.67,1,0.0,731.19,408.48,Debit Card
ORD0006349,2025-02-27,CUST00143,Rahul Malhotra,PROD0052,Kids Wear Item 52,Clothing,Kids Wear,South,Tamil Nadu,Chennai,1477.08,2,0.05,914.36,562.72,Credit Card
ORD0005966,2025-02-05,CUST00405,Kavya Malhotra,PROD0006,Laptop Item 6,Electronics,Laptops,East,Odisha,Bhubaneswar,184964.04,4,0.0,142270.2,42693.84,UPI
ORD0005991,2025-02-18,CUST00775,Priya Sharma,PROD0084,Paper Item 84,Office Supplies,Paper,East,Odisha,Bhubaneswar,4670.37,2,0.05,3546.32,1124.05,Net Banking
ORD0006503,2025-02-10,CUST00208,,PROD0076,Staple Item 76,Grocery,Staples,East,West Bengal,Kolkata,1636.06,2,0.0,952.74,683.32,Credit Card
ORD0005528,2025-02-09,CUST00733,Divya Verma,PROD0047,Women's Wear Item 47,Apparel,Women's Wear,North,Punjab,Ludhiana,16182.25,5,0.0,9757.7,6424.55,Cash on Delivery
ORD0004828,2025-02-27,CUST00889,Ananya Patel,PROD0030,Bookcase Item 30,Furniture,Bookcases,North,Haryana,Gurugram,59767.89,4,0.15,47985.64,11782.25,Credit Card
ORD0003739,2025-02-18,CUST00606,Karan Joshi,PROD0007,Laptop Item 7,Electronics,Laptops,West,Gujarat,Ahmedabad,216984.2,4,0.0,172750.28,44233.92,Net Banking
ORD0005731,2025-02-02,CUST00299,Pooja Joshi,PROD0054,Footwear Item 54,Clothing,Footwear,West,Rajasthan,Jaipur,23378.36,7,0.1,16359.35,7019.01,Debit Card
ORD0006325,2025-02-21,CUST00305,Pallavi Chatterjee,PROD0028,Table Item 28,Furniture,Tables,South,Tamil Nadu,Chennai,65897.3,2,0.0,50872.54,15024.76,Debit Card
ORD0005480,2025-02-17,CUST00127,Kabir Nair,PROD0086,Binder Item 86,Office-Supplies,Binders,East,West Bengal,Kolkata,15789.39,4,0.25,14790.6,998.79,Debit Card
ORD0005345,2025-02-02,CUST00217,Nikhil Patel,PROD0028,Table Item 28,Furniture,Tables,West,Gujarat,Surat,164743.25,5,0.0,127181.35,37561.9,Net Banking
ORD0005431,23-Feb-2025,CUST00532,Ishaan Mehta,PROD0059,Accessorie Item 59,Clothing,Accessories,East,Bihar,Gaya,6741.48,3,0.2,6417.06,324.42,UPI
ORD0003976,2025-02-15,CUST00584,Aarav Reddy,PROD0024,Chair Item 24,Furniture,Chairs,South,Telangana,Warangal,112906.76,5,0.1,95698.95,17207.81,Cash on Delivery
ORD0005963,2025-02-16,CUST00429,Rohan Sharma,PROD0045,Women's Wear Item 45,Clothing,Women's Wear,East,Odisha,Bhubaneswar,9323.0,7,0.15,8211.0,1112.0,Credit Card
ORD0004412,2025-02-11,CUST00563,Divya Chatterjee,PROD0063,Beverage Item 63,Grocery,Beverages,West,Rajasthan,Udaipur,809.0,1,0.0,506.13,302.87,Credit Card
ORD0005071,2025-02-04,CUST00486,Saanvi Reddy,PROD0070,Dairy Item 70,Grocery,Dairy,North,Punjab,Ludhiana,3336.36,6,0.0,1939.92,1396.44,UPI
ORD0004632,23 February 2025,CUST00768,Nikhil Sharma,PROD0043,Men's Wear Item 43,Clothing,Men's Wear,East,Odisha,Bhubaneswar,1731.3,2,0.0,1350.7,380.6,Credit Card
ORD0006261,02-26-2025,CUST00452,Meera Rao,PROD0024,Chair Item 24,Furniture,Chairs,East,West Bengal,Howrah,135488.11,6,0.1,114838.74,20649.37,Credit Card
ORD0006218,08-Feb-2025,CUST00791,Saanvi Gupta,PROD0014,Headphone Item 14,Electronics,Headphones,East,West Bengal,Kolkata,31003.01,3,0.05,24899.76,6103.25,Credit Card
ORD0004355,2025-02-01,CUST00750,Priya Chatterjee,PROD0005,Laptop Item 5,Electronics,Laptops,East,Odisha,Cuttack,65070.08,4,0.0,40583.8,24486.28,Debit Card
ORD0005849,2025-02-07,CUST00702,Saanvi Nair,PROD0089,Art Supplie Item 89,Office Supplies,Art Supplies,South,Karnataka,Bengaluru,3312.84,1,0.0,2227.74,2788.13,Credit Card
ORD0005123,2025-02-05,CUST00108,Manish Iyer,PROD0070,Dairy Item 70,Grocery,Dairy,North,Delhi,Dwarka,1251.13,3,0.25,969.96,281.17,Credit Card
ORD0006382,2025-02-02,CUST00235,Kabir Rao,PROD0076,Staple Item 76,Grocery ,Staples,North,Punjab,Ludhiana,2454.09,3,0.0,1429.11,1024.98,Net Banking
ORD0004366,2025-02-23,CUST00325,Rajesh Chatterjee,PROD0097,Appliance Item 97,OFFICE SUPPLIES,Appliances,North,Delhi,New Delhi,3071.88,2,0.15,2220.62,851.26,Credit Card
ORD0005039,2025-02-18,CUST00371,Nikhil Joshi,PROD0054,Footwear Item 54,Clothing,Footwear,East,Odisha,Bhubaneswar,18554.25,5,0.0,11685.25,6869.0,UPI
ORD0006643,11/02/2025,CUST00355,Priya Khan,PROD0029,Bookcase Item 29,Furniture,Bookcases,East,West Bengal,Howrah,123235.51,5,0.1,93031.25,30204.26,UPI
ORD0005947,2025-02-20,CUST00067,Aditi Singh,PROD0035,Sofa Item 35,Furniture,Sofas,West,Rajasthan,Jaipur,138327.35,7,0.0,83263.32,55064.03,Cash on Delivery
ORD0006720,2025-02-16,CUST00766,Aditi Sharma,PROD0014,Headphone Item 14,Electronics,Headphones,West,Maharashtra,Nagpur,36986.05,4,0.15,33199.68,3786.37,UPI
ORD0006264,2025-02-05,CUST00505,Manish Singh,PROD0038,Storage Unit Item 38,Furniture,Storage Units,East,Bihar,Gaya,33619.83,3,0.05,24844.41,8775.42,UPI
ORD0004002,2025-02-17,CUST00840,Sneha Singh,PROD0040,Storage Unit Item 40,Furniture,Storage Units,West,Rajasthan,Udaipur,75962.0,4,0.0,45334.88,30627.12,UPI
ORD0006036,2025-02-17,CUST00488,Ishaan Gupta,PROD0052,Kids Wear Item 52,Clothing,Kids Wear,North,Haryana,Faridabad,3109.64,4,0.0,1828.72,1280.92,UPI
ORD0003827,2025-02-24,CUST00387,Aarav Mehta,PROD0022,Chair Item 22,Furniture,Chairs,South,Telangana,Hyderabad,13877.26,2,0.0,9067.3,4809.96,UPI
ORD0005436,2025-02-06,CUST00729,Pallavi Khan,PROD0088,Binder Item 88,Office Supplies,Binders,West,Maharashtra,Mumbai,24664.85,6,0.2,19440.66,5224.19,Debit Card
ORD0006109,20/02/2025,CUST00126,Kabir Khan,PROD0050,Kids Wear Item 50,Clothing,Kids Wear,North,Delhi,Rohini,12721.47,4,0.2,9862.72,2858.75,UPI
ORD0005636,2025-02-06,CUST00524,Rohan Kumar,PROD0055,Footwear Item 55,Clothing,Footwear,West,Rajasthan,Udaipur,5376.37,2,0.1,3974.18,1402.19,Credit Card
ORD0003898,2025-02-15,CUST00364,Tanvi Verma,PROD0043,Men's Wear Item 43,Clothing,Men's Wear,West,Maharashtra,Mumbai,1731.3,2,0.0,1350.7,380.6,UPI
ORD0004774,2025-02-26,CUST00248,Saanvi Reddy,PROD0031,Bookcase Item 31,FURNITURE,Bookcases,North,Delhi,Dwarka,34471.13,2,0.1,25226.78,9244.35,Net Banking
ORD0004886,2025-02-28,CUST00220,Aditi Reddy,PROD0066,Snack Item 66,Grocery,Snacks,West,Gujarat,Surat,3480.45,5,0.0,2540.55,939.9,Credit Card
ORD0006316,2025-02-18,CUST00124,Manish Reddy,PROD0096,Storage Item 96,Office Supplies,Storage,North,Haryana,Faridabad,4552.02,3,0.0,3237.42,1314.6,UPI
ORD0006453,2025-02-14,CUST00730,Rohan Singh,PROD0015,Headphone Item 15,Electronics,Headphones,South,Telangana,Hyderabad,121302.92,4,0.15,104717.6,16585.32,UPI
ORD0004103,2025-02-21,CUST00324,Rahul Singh,PROD0053,Footwear Item 53,Clothing,Footwear,East,Odisha,Bhubaneswar,8974.13,4,0.15,6843.92,2130.21,Net Banking
ORD0006196,2025-02-07,CUST00694,Vikram Nair,PROD0092,Art Supplie Item 92,Office Supplies,Art Supplies,North,Punjab,Ludhiana,9991.55,2,0.1,8446.52,1545.03,Credit Card
ORD0005008,2025-02-13,CUST00320,Shreya Malhotra,PROD0073,Staple Item 73,grocery,Staples,East,Bihar,Gaya,218.19,3,0.0,137.82,80.37,UPI
ORD0004061,2025-02-22,CUST00424,Ishaan Sharma,PROD0003,Mobile Phone Item 3,ELECTRONICS,Mobile Phones,East,Odisha,Cuttack,230483.76,4,0.0,164364.84,66118.92,Credit Card
ORD0004385,2025-02-18,CUST00451,Aarav Sharma,PROD0037,Storage Unit Item 37,Furniture,Storage Units,West,Maharashtra,Mumbai,24827.82,6,0.15,22760.16,2067.66,UPI
ORD0006429,2025-02-27,CUST00818,Neha Singh,PROD0052,Kids Wear Item 52,Clothing,Kids Wear,South,Telangana,Warangal,2099.01,3,0.1,1371.54,727.47,Net Banking
ORD0005508,2025-02-04,CUST00034,Sneha Nair,PROD0056,Footwear Item 56,Clothing,Footwear,West,Rajasthan,Udaipur,9322.19,4,0.15,7676.28,1645.91,Credit Card
ORD0006593,2025-02-15,CUST00877,Karan Reddy,PROD0004,Mobile Phone Item 4,Electronics,Mobile Phones,North,Delhi,Dwarka,60974.26,2,0.0,35223.18,25751.08,Credit Card
ORD0004436,2025-02-08,CUST00285,Riya Kumar,PROD0076,Staple Item 76,Grocery,Staples,South,Tamil Nadu,Coimbatore,3681.14,6,0.25,2858.22,822.92,UPI
ORD0006406,2025-02-26,CUST00869,Sanya Verma,PROD0018,Camera Item 18,Electronics,Cameras,East,West Bengal,Kolkata,105035.96,3,0.25,84267.33,20768.63,Net Banking
ORD0005646,2025-02-12,CUST00865,Rahul Verma,PROD0032,Bookcase Item 32,Furniture,Bookcases,North,Delhi,Dwarka,31836.12,6,0.0,18510.0,13326.12,UPI
ORD0004300,2025-02-12,CUST00812,Sneha Sharma,PROD0094,Storage Item 94,Office Supplies,Storage,South,Telangana,Hyderabad,25824.62,7,0.2,23908.71,1915.91,Net Banking
ORD0006336,2025-02-09,CUST00162,Karan Rao,PROD0040,Storage Unit Item 40,Furniture,Storage Units,East,Odisha,Bhubaneswar,18990.5,1,0.0,11333.72,7656.78,Credit Card
ORD0005073,2025-02-15,CUST00323,Shreya Nair,PROD0027,, Furniture,Tables,West,Gujarat,Ahmedabad,55032.24,6,0.0,32486.28,22545.96,UPI
ORD0004918,2025-02-03,CUST00455,Kavya Verma,PROD0091,Art Supplie Item 91,Office Supplies,Art Supplies,West,Gujarat,Ahmedabad,1232.65,1,,1199.01,33.64,Debit Card
ORD0005985,2025-02-03,CUST00748,Neha Reddy,PROD0084,Paper Item 84,Office Supplies,Paper,West,Gujarat,Surat,17206.63,7,0.0,12412.12,4794.51,Credit Card
ORD0004528,2025-02-09,CUST00490,Arjun Kumar,PROD0012,Television Item 12,Electronics,Televisions,North,Delhi,Dwarka,75160.48,2,0.0,51529.36,23631.12,UPI
ORD0004651,2025-02-13,CUST00805,Rohan Patel,PROD0083,Paper Item 83,Office Supplies,Paper,West,Gujarat,Ahmedabad,10153.59,6,0.15,9485.04,668.55,UPI
ORD0006028,2025-02-21,CUST00802,Nikhil Nair,PROD0074,Staple Item 74,Grocery,Staples,North,Delhi,Rohini,527.21,2,0.05,413.18,114.03,Net Banking
ORD0006599,16 February 2025,CUST00389,Neha Verma,PROD0067,Snack Item 67,Grocery,Snacks,North,Delhi,Rohini,1270.54,2,0.0,986.92,283.62,Credit Card
ORD0004539,2025-02-28,CUST00391,Amit Das,PROD0012,Television Item 12,Electronics,Televisions,West,Rajasthan,Jaipur,225481.44,6,0.0,154588.08,70893.36,Net Banking
ORD0005958,2025-02-19,CUST00606,Karan Joshi,PROD0080,Personal Care Item 80,Grocery,Personal Care,East,Bihar,Patna,2289.53,4,0.15,1953.76,335.77,UPI
ORD0006434,2025-02-05,CUST00511,Vivaan Verma,PROD0074,Staple Item 74,Grocery,Staples,West,Maharashtra,Nagpur,749.2,3,0.1,619.77,129.43,Debit Card
ORD0004940,2025-02-25,CUST00184,Priya Nair,PROD0082,Paper Item 82,Office Supplies,Paper,South,Telangana,Warangal,8988.73,7,0.2,7936.67,1052.06,Net Banking
ORD0003833,2025-02-17,CUST00276,Nikhil Reddy,PROD0001,Mobile Phone Item 1,Electronics,Mobile Phones,South,Tamil Nadu,Coimbatore,115609.48,4,0.0,71083.64,44525.84,Debit Card
ORD0005448,2025-02-24,CUST00281,Vikram Sharma,PROD0048,Women's Wear Item 48,Clothing,Women's Wear,East,Odisha,Cuttack,11154.0,4,0.25,9808.04,1345.96,Debit Card
ORD0005352,2025-02-28,CUST00552,Sneha Patel,PROD0005,Laptop Item 5,Electronics,Laptops,West,Gujarat,Surat,65070.08,4,0.0,40583.8,24486.28,Credit Card
ORD0005029,2025-02-28,CUST00195,Amit Patel,PROD0074,Staple Item 74,Grocery,Staples,South,Telangana,Warangal,1942.36,7,0.0,1446.13,496.23,UPI
ORD0004856,2025-02-24,CUST00431,Pallavi Rao,PROD0082,Paper Item 82,Office Supplies,Paper,East,Bihar,Patna,1524.87,1,0.05,1133.81,391.06,Debit Card
ORD0005150,2025-02-06,CUST00575,Aryan Chatterjee,PROD0021,Chair Item 21,Furniture,Chairs,East,Odisha,Cuttack,23633.42,3,0.2,22499.61,1133.81,Debit Card
ORD0005447,2025-02-15,CUST00543,Meera Chatterjee,PROD0003,Mobile Phone Item 3,Electronics,Mobile Phones,East,West Bengal,Kolkata,230483.76,5,0.2,205456.05,25027.71,Credit Card
ORD0005748,2025-02-28,CUST00778,Rahul Patel,PROD0100,Appliance Item 100,Office Supplies,Appliances,East,West Bengal,Howrah,15532.08,3,0.0,9193.83,6338.25,Credit Card
ORD0006548,02-05-2025,CUST00593,Neha Iyer,PROD0079,Personal Care Item 79,Grocery,Personal Care,West,Maharashtra,Pune,1974.38,2,0.1,1317.64,656.74,Net Banking
ORD0004843,2025-02-01,CUST00202,Ananya Malhotra,PROD0023,Chair Item 23,Furniture,Chairs,North,Delhi,New Delhi,80925.95,5,0.0,49471.25,31454.7,UPI
ORD0003863,2025-02-23,CUST00597,Kabir Mehta,PROD0081,Paper Item 81,Office Supplies,Paper,East,Bihar,Patna,32616.77,6,0.05,24119.76,8497.01,UPI
ORD0005951,2025-02-21,CUST00595,Vikram Sharma,PROD0034,Sofa Item 34,Furniture,Sofas,North,Haryana,Gurugram,80159.11,3,0.2,59206.95,20952.16,UPI
ORD0004914,02 February 2025,CUST00839,Ishaan Reddy,PROD0056,Footwear Item 56,clothing,Footwear,East,Odisha,Bhubaneswar,14805.83,-6,0.1,11514.42,3291.41,UPI
ORD0005054,2025-02-14,CUST00715,Saanvi Joshi,PROD0100,Appliance Item 100,Office Supplies,Appliances,West,Rajasthan,Udaipur,4400.76,1,0.15,3064.61,1336.15,Net Banking
ORD0004984,2025-02-18,CUST00604,Sanya Mehta,PROD0042,Men's Wear Item 42,Clothing,Men's Wear,West,Rajasthan,Jaipur,15980.84,7,0.25,14216.37,1764.47,UPI
ORD0005476,06 February 2025,CUST00728,Pooja Verma,PROD0098,Appliance Item 98,Office Supplies,Appliances,South,Tamil Nadu,Coimbatore,19208.72,6,0.1,13926.24,5282.48,Debit Card
ORD0006632,2025-02-27,CUST00374,Sanya Nair,PROD0025,Table Item 25,Furniture,Tables,North,Haryana,Faridabad,58349.89,2,0.05,38991.88,19358.01,UPI
ORD0004769,2025-02-21,CUST00292,Diya Sharma,PROD0024,Chair Item 24,Furniture,Chairs,North,Haryana,Faridabad,112906.76,6,0.25,114838.74,-1931.98,Cash on Delivery
ORD0004894,2025-02-21,CUST00056,Saanvi Joshi,PROD0061,Beverage Item 61,Grocery,Beverages,South,Tamil Nadu,Chennai,6027.62,7,0.2,5555.97,471.65,Net Banking
ORD0005074,02-Feb-2025,CUST00085,Arjun Sharma,PROD0054,Footwear Item 54,Clothing,Footwear,West,Rajasthan,Jaipur,649972.7,7,0.05,16359.35,8317.8,UPI
ORD0004274,2025-02-25,CUST00641,Manish Mehta,PROD0027,Table Item 27,Furniture,Tables,West,Gujarat,Ahmedabad,36688.16,5,0.2,27071.9,16251.31,Credit Card
ORD0004701,2025-02-13,CUST00155,Ananya Verma,PROD0003,Mobile Phone Item 3,Electronics,Mobile Phones,West,Rajasthan,Jaipur,230483.76,5,0.2,205456.05,25027.71,Cash on Delivery
ORD0005168,2025-02-08,CUST00754,Sneha Khan,PROD0016,Headphone Item 16,Electronics,Headphones,South,Telangana,Warangal,37635.84,2,0.0,24192.82,13443.02,Credit Card
ORD0006745,2025-02-09,CUST00730,Rohan Singh,PROD0062,Beverage Item 62,Groceries,Beverages,West,Maharashtra,Nagpur,8334.06,7,0.0,5690.93,2643.13,Debit Card
ORD0006736,2025-02-19,CUST00467,Rohan Das,PROD0062,Beverage Item 62,Grocery,Beverages,North,Haryana,Gurugram,1904.93,2,0.2,1625.98,278.95,Cash on Delivery
ORD0005462,2025-02-06,CUST00082,Neha Reddy,PROD0078,Personal Care Item 78,Grocery,Personal Care,South,Telangana,Hyderabad,64157.08,6,0.2,1621.56,183.48,UPI
ORD0006259,2025-02-24,CUST00334,Sanya Chatterjee,PROD0091,Art Supplie Item 91,Office Supplies,Art Supplies,West,Rajasthan,Udaipur,1309.69,1,0.15,1199.01,110.68,Net Banking
ORD0006075,2025-02-07,CUST00151,Arjun Chatterjee,PROD0089,Art Supplie Item 89,Office Supplies,Art Supplies,East,Bihar,Gaya,8944.67,3,0.1,6683.22,2261.45,Debit Card
ORD0003777,2025-02-14,CUST00856,Arjun Khan,PROD0083,Paper Item 83,Office Supplies,Paper,North,Delhi,Rohini,8461.32,5,0.15,7904.2,557.12,Cash on Delivery
ORD0004763,02-23-2025,CUST00175,Kabir Patel,PROD0060,Accessorie Item 60,Clothing,Accessories,South,Karnataka,Bengaluru,426.49,1,0.05,297.38,129.11,UPI
ORD0004778,2025-02-08,CUST00660,Rahul Reddy,PROD0086,Binder Item 86,Office Supplies,Binders,West,Rajasthan,Jaipur,13420.98,3,0.15,11092.95,3973.46,Credit Card
ORD0006242,2025-02-02,CUST00715,Saanvi Joshi,PROD0020,Camera Item 20,Electronics,Cameras,North,Haryana,Gurugram,215692.56,4,0.0,124044.56,91648.0,Credit Card
ORD0004582,2025-02-20,CUST00494,Karan Nair,PROD0084,Paper Item 84,Office-Supplies,Paper,North,Delhi,Dwarka,8357.51,4,0.15,7092.64,1264.87,Credit Card
ORD0005975,2025-02-18,CUST00040,Vikram Das,PROD0024,Chair Item 24,Furniture,Chairs,West,Maharashtra,Mumbai,125451.95,5,0.0,95698.95,29753.0,Debit Card
ORD0006194,2025-02-13,CUST00779,Amit Joshi,PROD0082,Paper Item 82,Office Supplies,Paper,North,Haryana,Faridabad,6420.52,5,0.2,5669.05,751.47,Credit Card
ORD0005548,2025-02-21,CUST00536,Aryan Gupta,PROD0082,Paper Item 82,Office Supplies,Paper,East,Bihar,Gaya,1605.13,1,0.0,1133.81,471.32,Debit Card
ORD0003834,10-Feb-2025,CUST00875,Nikhil Mehta,PROD0090,Art Supplie Item 90,Office Supplies,Art Supplies,East,Bihar,Gaya,18192.45,5,0.05,12132.05,6060.4,Debit Card
ORD0005437,2025-02-06,CUST00866,Shreya Rao,PROD0001,Mobile Phone Item 1,Electronics,Mobile Phones,South,Tamil Nadu,Coimbatore,138731.38,6,0.2,106625.46,32105.92,UPI
ORD0004088,2025-02-15,CUST00742,Saanvi Verma,PROD0059,Accessorie Item 59,Clothing,Accessories,South,Tamil Nadu,Coimbatore,5617.9,2,0.0,4278.04,1339.86,Cash on Delivery
ORD0004311,2025-02-07,CUST00382,Rajesh Rao,PROD0026,Table Item 26,Furniture,Tables,North,Delhi,Rohini,94775.4,5,0.0,58012.15,36763.25,UPI
ORD0006050,2025-02-13,CUST00459,Vikram Joshi,PROD0071,Dairy Item 71,Grocery,Dairy,East,Bihar,Gaya,660.79,5,0.15,557.3,103.49,Credit Card
ORD0005695,2025-02-07,CUST00722,Rajesh Reddy,PROD0047,Women's Wear Item 47,Clothing,Women's Wear,West,Gujarat,Ahmedabad,5501.96,2,0.15,3903.08,1598.88,Credit Card
ORD0005858,2025-02-19,CUST00604,Sanya Mehta,PROD0050,Kids Wear Item 50,Clothing,Kids Wear,West,Gujarat,Surat,9541.1,3,0.2,7397.04,2144.06,Credit Card
ORD0004686,2025-02-07,CUST00544,Nikhil Malhotra,PROD0091,Art Supplie Item 91,Office Supplies,Art Supplies,North,Haryana,Gurugram,unknown,7,0.15,8393.07,774.75,Debit Card
ORD0006257,2025-02-25,CUST00701,Divya Gupta,PROD0013,Headphone Item 13,Electronics,Headphones,South,Telangana,Warangal,-22341.42,2,0.0,13702.3,8639.12,Net Banking
ORD0004560,2025-02-24,CUST00254,Sanya Gupta,PROD0011,Television Item 11,Electronics,Televisions,East,West Bengal,Howrah,28692.84,5,0.2,27310.2,1382.64,Cash on Delivery
ORD0005711,2025-02-06,CUST00256,Pallavi Mehta,PROD0069,Dairy Item 69,Grocery,Dairy,East,Bihar,Patna,2484.83,7,0.2,2025.24,459.59,Cash on Delivery
ORD0006565,2025-02-11,CUST00746,Saanvi Khan,PROD0011,Television Item 11,Electronics,Televisions,West,Gujarat,Surat,21519.63,4,0.25,21848.16,-328.53,UPI
ORD0005911,2025-02-09,CUST00079,Diya Singh,PROD0030,Bookcase Item 30,Furniture,Bookcases,West,Maharashtra,Nagpur,26368.18,-2,0.25,23992.82,2375.36,UPI
ORD0004058,2025-02-26,CUST00018,Amit Verma,PROD0018,Camera Item 18,Electronics,Cameras,West,Rajasthan,Jaipur,224076.72,6,0.2,168534.66,55542.06,Credit Card
ORD0004402,2025-02-08,CUST00203,Priya Singh,PROD0039,Storage Unit Item 39,Furniture,Storage Units,West,Rajasthan,Udaipur,79341.53,5,0.05,54295.75,25045.78,Credit Card
ORD0006321,2025-02-24,CUST00728,Pooja Verma,PROD0100,Appliance Item 100,Office Supplies,Appliances,East,Odisha,Bhubaneswar,19673.97,4,0.05,12258.44,7415.53,Debit Card
ORD0004791,2025-02-13,CUST00502,Vikram Rao,PROD0096,Storage Item 96,Office Supplies,Storage,East,Odisha,Cuttack,7966.04,7,0.25,7553.98,412.06,Cash on Delivery
ORD0004076,2025-02-08,CUST00294,Aryan Verma,PROD0068,Snack Item 68,Grocery,Snacks,North,Delhi,New Delhi,1596.6,3,0.0,1136.4,460.2,Cash on Delivery
ORD0004857,2025-02-22,CUST00616,Nikhil Mehta,PROD0071,Dairy Item 71,Grocery,Dairy,East,Bihar,Patna,139.93,1,0.1,111.46,28.47,UPI
ORD0005035,2025-02-19,CUST00672,Diya Kumar,PROD0065,Snack Item 65,Grocery,Snacks,North,Haryana,Faridabad,2697.87,3,0.0,1755.72,942.15,Net Banking
ORD0006444,2025-02-13,CUST00214,Divya Joshi,PROD0038,Storage Unit Item 38,Furniture,Storage Units,West,Maharashtra,Pune,66060.01,7,0.2,57970.29,8089.72,UPI
ORD0006540,2025-02-20,CUST00761,Divya Mehta,PROD0043,Men's Wear Item 43,Clothing,Men's Wear,North,Delhi,Rohini,4674.51,6,0.1,4052.1,622.41,UPI
ORD0005567,2025-02-03,CUST00730,Rohan Singh,PROD0070,Dairy Item 70,Grocery,Dairy,North,Punjab,Ludhiana,3892.42,7,0.0,2263.24,1629.18,UPI
ORD0006333,2025-02-07,CUST00540,Neha Chatterjee,PROD0094,Storage Item 94,Office Supplies,Storage,West,Maharashtra,Nagpur,13834.62,3,0.0,10246.59,3588.03,UPI
ORD0004260,2025-02-16,CUST00665,Aryan Nair,PROD0038,Storage Unit Item 38,Furniture,Storage Units,North,Punjab,Amritsar,35389.29,4,,33125.88,2263.41,Credit Card
ORD0006070,2025-02-09,CUST00327,Meera Joshi,PROD0050,Kids Wear Item 50,Clothing,Kids Wear,North,Punjab,Ludhiana,-20871.16,7,0.25,17259.76,3611.4,Credit Card
ORD0006761,2025-02-18,CUST00408,Shreya Chatterjee,PROD0066,Snack Item 66,Grocery,Snacks,East,Bihar,Gaya,1983.86,3,0.05,1524.33,459.53,UPI
ORD0006792,2025-02-19,CUST00147,Rajesh Nair,PROD0012,Television Item 12,Electronics,Televisions,North,Punjab,Amritsar,225481.44,6,0.0,154588.08,70893.36,UPI
ORD0004140,2025-02-21,CUST00094,Ishaan Reddy,PROD0075,Staple Item 75,Grocery,Staples,South,Karnataka,Bengaluru,5614.49,6,0.1,3815.82,1798.67,Net Banking
ORD0005285,2025-02-01,CUST00823,Diya Iyer,PROD0031,Bookcase Item 31,Furniture,Bookcases,North,Haryana,Gurugram,54579.3,3,0.05,37840.17,16739.13,Credit Card
ORD0004318,24 February 2025,CUST00001,Aditi Joshi,PROD0032,Bookcase Item 32,Furniture,Bookcases,East,West Bengal,Howrah,22550.59,5,0.15,15425.0,7125.59,Net Banking
ORD0004902,08-Feb-2025,CUST00115,Vikram Patel,PROD0016,Headphone Item 16,Electronics,Headphones,North,Haryana,Gurugram,17877.02,1,0.05,12096.41,5780.61,UPI
ORD0004553,02-01-2025,CUST00175,Kabir Patel,PROD0070,Dairy Item 70,Grocery,Dairy,North,Punjab,Ludhiana,1779.39,4,0.2,1293.28,486.11,Credit Card
ORD0003733,2025-02-18,CUST00681,Aditi Verma,PROD0091,Art Supplie Item 91,Office Supplies,Art Supplies,West,Rajasthan,Udaipur,6163.24,4,0.0,4796.04,1367.2,UPI
ORD0006162,2025-02-10,CUST00823,Diya Iyer,PROD0026,Table Item 26,Furniture,Tables,West,Gujarat,Ahmedabad,30328.13,2,0.2,23204.86,7123.27,Net Banking
ORD0005322,2025-02-03,CUST00288,Aarav Nair,PROD0038,Storage Unit Item 38,Furniture,Storage Units,South,Telangana,Hyderabad,11796.43,1,0.0,8281.47,3514.96,Cash on Delivery
ORD0006145,2025-02-22,CUST00188,Amit Verma,PROD0079,Personal Care Item 79,Grocery,Personal Care,South,Telangana,Warangal,2193.76,2,0.0,1317.64,876.12,Credit Card
ORD0003758,2025-02-23,CUST00619,Aarav Verma,PROD0050,Kids Wear Item 50,Clothing,Kids Wear,North,Delhi,Dwarka,3379.14,1,0.15,2465.68,913.46,Credit Card
ORD0004681,2025-02-27,CUST00600,Nikhil Kumar,PROD0055,,Clothing,Footwear,North,Punjab,Ludhiana,8960.61,4,0.25,7948.36,1012.25,Debit Card
ORD0004541,2025-02-02,CUST00544,Nikhil Malhotra,PROD0025,Table Item 25,Furniture,Tables,West,Maharashtra,Mumbai,30710.47,1,0.0,19495.94,11214.53,Net Banking
ORD0006665,2025-02-21,CUST00721,Shreya Singh,PROD0029,Bookcase Item 29,Furniture,Bookcases,South,Karnataka,Bengaluru,156098.32,6,0.05,111637.5,44460.82,Credit Card
ORD0006645,2025-02-16,CUST00812,Sneha Sharma,PROD0068,Snack Item 68,Grocery,Snacks,West,Rajasthan,Udaipur,425.76,1,0.2,378.8,46.96,Cash on Delivery
ORD0005467,2025-02-24,CUST00733,Divya Verma,PROD0027,Table Item 27,Furniture,Tables,South,Karnataka,Bengaluru,64204.28,7,0.0,37900.66,26303.62,UPI
ORD0006165,2025-02-17,CUST00318,Kabir Das,PROD0075,Staple Item 75,Grocery,Staples,North,Punjab,Ludhiana,3119.16,3,0.0,1907.91,1211.25,UPI
ORD0004516,2025-02-24,CUST00363,Shreya Verma,PROD0017,Camera Item 17,Electronics,Cameras,East,Bihar,Patna,167473.73,7,0.05,130453.89,37019.84,Net Banking
ORD0005215,2025-02-25,CUST00842,Vivaan Joshi,PROD0055,Footwear Item 55,Clothing,Footwear,West,Gujarat,Surat,14187.63,5,0.05,9935.45,4252.18,Debit Card
ORD0005140,2025-02-09,CUST00168,Rahul Joshi,PROD0007,Laptop Item 7,ELECTRONICS,Laptops,South,Telangana,Hyderabad,260381.04,6,0.2,259125.42,1255.62,UPI
ORD0005637,2025-02-08,CUST00647,Rahul Sharma,PROD0011,Television Item 11,Electronics,Televisions,North,Haryana,Gurugram,45191.22,7,0.1,38234.28,6956.94,Net Banking
ORD0005872,2025-02-15,,Vikram Rao,PROD0091,Art Supplie Item 91,Office Supplies,Art Supplies,East,West Bengal,Kolkata,1463.77,1,0.05,1199.01,264.76,UPI
ORD0005547,02 February 2025,CUST00742,Saanvi Verma,PROD0047,Women's Wear Item 47,Clothing,Women's Wear,West,Maharashtra,Nagpur,14564.02,five,0.25,11709.24,2854.78,UPI
ORD0004527,2025-02-12,CUST00005,Meera Verma,PROD0071,Dairy Item 71,Grocery,Dairy,East,Bihar,Gaya,839.59,6,0.1,668.76,170.83,Credit Card
ORD0004353,2025-02-13,CUST00028,Priya Sharma,PROD0003,Mobile Phone Item 3,electronics,Mobile Phones,North,Delhi,Dwarka,328439.36,6,0.05,246547.26,81892.1,Net Banking
ORD0005705,2025-02-14,CUST00418,Divya Joshi,PROD0014,Headphone Item 14,Electronics,Headphones,North,Delhi,New Delhi,39161.7,4,0.1,33199.68,5962.02,Credit Card
ORD0005724,2025-02-08,CUST00527,Sanya Malhotra,PROD0038,Storage Unit Item 38,Furniture,Storage Units,West,Rajasthan,Udaipur,60161.79,6,0.15,49688.82,10472.97,UPI
ORD0006346,2025-02-22,CUST00097,Karan Nair,PROD0021,Chair Item 21,Furniture,Chairs,East,Bihar,Gaya,36927.23,5,0.25,37499.35,-572.12,Credit Card
ORD0006212,2025-02-22,CUST00420,Aarav Rao,PROD0008,Laptop Item 8,Electronics,Laptops,West,Gujarat,Ahmedabad,150369.55,3,0.15,139445.61,10923.94,Cash on Delivery
ORD0006339,06 February 2025,CUST00425,Nikhil Kumar,PROD0075,Staple Item 75,Grocery,Staples,West,Gujarat,Ahmedabad,6238.32,6,0.0,3815.82,2422.5,Cash on Delivery
ORD0005255,2025-02-21,CUST00699,Karan Das,PROD0018,Camera Item 18,Electronics,Cameras,West,Maharashtra,Pune,261422.84,7,0.2,196623.77,64799.07,Credit Card
ORD0004999,2025-02-12,CUST00080,Sanya Joshi,PROD0054,Footwear Item 54,Clothing,Footwear,North,Delhi,Rohini,11132.55,4,0.25,9348.2,1784.35,Credit Card
ORD0006029,2025-02-14,CUST00199,Vivaan Gupta,PROD0060,Accessorie Item 60,Clothing,Accessories,South,Tamil Nadu,Chennai,336.7,1,0.25,297.38,39.32,UPI
ORD0004211,2025-02-15,CUST00115,Vikram Patel,PROD0013,Headphone Item 13,electronics,Headphones,East,Bihar,Gaya,53060.87,5,0.05,34255.75,18805.12,Credit Card
ORD0004158,2025-02-17,CUST00813,Vikram Malhotra,PROD0068,Snack Item 68,Grocery,Snacks,North,Delhi,New Delhi,1703.04,4,0.2,1515.2,187.84,Net Banking
ORD0006490,2025-02-09,CUST00153,Vikram Patel,PROD0033,Sofa Item 33,Furniture,Sofas,South,Tamil Nadu,Chennai,166834.7,5,0.0,111863.95,164708.32,UPI
ORD0005961,2025-02-26,CUST00231,Tanvi Patel,PROD0067,Snack Item 67,Grocery,Snacks,South,Telangana,Hyderabad,2541.08,4,0.0,1973.84,567.24,Credit Card
ORD0004648,02-01-2025,CUST00009,Sanya Patel,PROD0035,Sofa Item 35,Furniture,Sofas,North,Haryana,Gurugram,98805.25,5,0.0,59473.8,39331.45,UPI
ORD0006788,2025-02-17,CUST00688,Amit Malhotra,PROD0078,Personal Care Item 78,Grocery,Personal Care,West,Gujarat,Ahmedabad,1880.25,5,0.0,1351.3,528.95,UPI
ORD0003813,2025-02-19,CUST00190,Kavya Iyer,PROD0072,Dairy Item 72,Grocery ,Dairy,North,Delhi,New Delhi,4782.91,7,0.15,4027.38,755.53,UPI
ORD0006230,2025-02-18,CUST00388,Divya Malhotra,PROD0036,Sofa Item 36,Furniture,Sofas,North,Haryana,Gurugram,62901.75,7,0.05,36914.29,25987.46,Cash on Delivery
ORD0005978,2025-02-21,CUST00145,Vikram Khan,PROD0051,Kids Wear Item 51,Clothing,Kids Wear,North,Delhi,Dwarka,900.37,2,0.15,703.94,196.43,Credit Card
ORD0005315,2025-02-03,CUST00862,Riya Mehta,PROD0079,Personal Care Item 79,Grocery,Personal Care,East,Odisha,Cuttack,6581.28,6,0.0,3952.92,2628.36,Debit Card
ORD0006195,2025-02-21,CUST00169,Rajesh Nair,PROD0045,Women's Wear Item 45,Clothing,Women's Wear,North,Delhi,Dwarka,6659.28,5,0.15,5865.0,794.28,Debit Card
ORD0004712,14-Feb-2025,CUST00738,Pallavi Iyer,PROD0001,Mobile Phone Item 1,Electronics,Mobile Phones,South,Telangana,Warangal,115609.48,4,0.0,71083.64,44525.84,Debit Card
ORD0003866,2025-02-11,CUST00806,Shreya Patel,PROD0052,Kids Wear Item 52,Clothing,Kids Wear,North,Haryana,Faridabad,1749.17,3,0.25,1371.54,377.63,Credit Card
ORD0004892,2025-02-13,CUST00203,Priya Singh,PROD0066,Snack Item 66,Grocery,Snacks,South,Tamil Nadu,Coimbatore,1392.18,2,0.0,1016.22,375.96,Credit Card
ORD0004601,2025-02-04,CUST00434,Nikhil Chatterjee,PROD0018,Camera Item 18,Electronics,Cameras,West,Gujarat,Ahmedabad,210071.92,5,0.1,140445.55,69626.37,UPI
ORD0004522,2025-02-27,CUST00417,Rahul Patel,PROD0017,Camera Item 17,Electronics,Cameras,East,Odisha,Cuttack,85625.67,4,0.15,74545.08,11080.59,UPI
ORD0006271,2025-02-06,CUST00726,Saanvi Sharma,PROD0100,Appliance Item 100,Office Supplies,Appliances,West,Rajasthan,Udaipur,11649.06,3,0.25,9193.83,2455.23,Credit Card
ORD0005621,2025-02-02,CUST00780,Pallavi Chatterjee,PROD0026,Table Item 26,Furniture,Tables,South,Tamil Nadu,Chennai,90984.38,6,0.2,69614.58,21369.8,Debit Card
ORD0005709,08 February 2025,CUST00395,Vikram Sharma,PROD0007,Laptop Item 7,Electronics,Laptops,West,Rajasthan,Jaipur,138327.43,3,0.15,129562.71,8764.72,UPI
ORD0006595,2025-02-27,CUST00390,Saanvi Chatterjee,PROD0006,,Electronics,Laptops,West,Rajasthan,Jaipur,131786.88,3,0.05,106702.65,25084.23,Cash on Delivery
ORD0003929,2025-02-10,CUST00329,Manish Das,PROD0072,Dairy Item 72,Grocery,Dairy,West,Maharashtra,Nagpur,643.08,1,0.2,575.34,67.74,UPI
ORD0005610,2025-02-17,CUST00479,Neha Das,PROD0089,Art Supplie Item 89,Office Supplies,Art Supplies,West,Gujarat,Ahmedabad,2981.56,1,0.1,2227.74,753.82,UPI
ORD0006203,2025-02-06,CUST00166,Vikram Nair,PROD0056,Footwear Item 56,Clothing,Footwear,West,Maharashtra,Mumbai,9322.19,4,0.15,7676.28,1645.91,Cash on Delivery
ORD0005374,04-Feb-2025,CUST00095,Rohan Iyer,PROD0021,Chair Item 21, Furniture,Chairs,East,West Bengal,Kolkata,51698.12,7,0.25,52499.09,-800.97,UPI
ORD0003879,2025-02-04,CUST00046,Rahul Joshi,PROD0038,Storage Unit Item 38,Furniture,Storage Units,West,Rajasthan,Udaipur,37748.58,4,0.2,33125.88,4622.7,Debit Card
ORD0006510,2025-02-20,CUST00691,Pallavi Iyer,PROD0037,Storage Unit Item 37,Furniture,Storage Units,South,Karnataka,Bengaluru,4868.2,1,0.0,3793.36,1074.84,Debit Card
ORD0005007,2025-02-04,CUST00511,Vivaan Verma,PROD0024,Chair Item 24,Furniture,Chairs,West,Gujarat,Surat,120433.87,6,0.2,114838.74,5595.13,Credit Card
ORD0006020,2025-02-15,CUST00515,Vikram Nair,PROD0081,Paper Item 81,Office Supplies,Paper,West,Maharashtra,Pune,16308.38,3,0.05,12059.88,4248.5,UPI
ORD0005179,2025-02-19,CUST00084,Ananya Patel,PROD0092,Art Supplie Item 92,Office Supplies,Art Supplies,East,Bihar,Patna,17762.75,4,0.2,16893.04,869.71,Credit Card
ORD0003719,2025-02-04,CUST00349,Tanvi Kumar,PROD0014,Headphone Item 14,Electronics,Headphones,North,Delhi,New Delhi,41337.35,4,0.05,33199.68,8137.67,Debit Card
ORD0004688,2025-02-22,CUST00226,Rajesh Rao,PROD0090,Art Supplie Item 90,Office Supplies,Art Supplies,North,Delhi,New Delhi,19149.95,5,0.0,12132.05,7017.9,Cash on Delivery
ORD0004400,2025-02-12,CUST00535,Arjun Sharma,PROD0053,Footwear Item 53,Clothing,Footwear,North,Punjab,Ludhiana,5014.95,2,0.05,3421.96,1592.99,Cash on Delivery
ORD0005952,2025-02-04,CUST00009,Sanya Patel,PROD0067,Snack Item 67,Grocery,Snacks,West,Rajasthan,Jaipur,1810.52,3,0.05,1480.38,330.14,Credit Card
ORD0004882,09/02/2025,CUST00567,Shreya Joshi,PROD0051,Kids Wear Item 51,Clothing,Kids Wear,South,Tamil Nadu,Chennai,2118.52,4,0.0,1407.88,710.64,Credit Card
ORD0006201,2025-02-13,CUST00269,Rahul Verma,PROD0088,Binder Item 88,Office Supplies,Binders,North,Haryana,Faridabad,15415.53,3,0.0,9720.33,5695.2,UPI
ORD0005641,05/02/2025,CUST00101,Arjun Rao,PROD0022,Chair Item 22,Furniture,Chairs,North,Punjab,Amritsar,31223.84,6,0.25,27201.9,4021.94,Credit Card
ORD0005306,24 February 2025,CUST00125,Shreya Sharma,PROD0016,Headphone Item 16,Electronics,Headphones,East,West Bengal,Kolkata,18817.92,1,0.0,12096.41,6721.51,Credit Card
ORD0004653,22-Feb-2025,CUST00436,Rahul Gupta,PROD0006,Laptop Item 6,Electronics,Laptops,South,Tamil Nadu,Coimbatore,242765.3,7,0.25,248972.85,-6207.55,UPI
ORD0005357,2025-02-10,CUST00191,Aarav Rao,PROD0024,Chair Item 24,Furniture,Chairs,North,Delhi,New Delhi,125451.95,5,0.0,95698.95,29753.0,Credit Card
ORD0003721,08 February 2025,CUST00707,Rohan Joshi,PROD0033,Sofa Item 33,Furniture,Sofas,East,Odisha,Bhubaneswar,133467.76,4,0.0,89491.16,43976.6,UPI
ORD0006069,2025-02-24,CUST00003,Neha Chatterjee,PROD0028,Table Item 28,Furniture,Tables,North,Punjab,Ludhiana,164743.25,5,0.0,127181.35,37561.9,UPI
ORD0005430,2025-02-07,CUST00751,Sanya Iyer,PROD0069,Dairy Item 69,Grocery,Dairy,East,Odisha,Cuttack,2662.32,6,0.0,1735.92,926.4,Credit Card
ORD0006668,2025-02-05,CUST00650,Sanya Sharma,PROD0002,Mobile Phone Item 2,Electronics,Mobile Phones,North,Haryana,Gurugram,11806.5,3,0.05,8331.33,3475.17,UPI
ORD0006611,2025-02-03,CUST00370,,PROD0095,Storage Item 95,Office Supplies,Storage,West,Maharashtra,Pune,8366.43,3,0.05,5848.68,2517.75,Credit Card
ORD0005126,2025-02-20,CUST00281,Vikram Sharma,PROD0031,Bookcase Item 31,Furniture,Bookcases,West,Rajasthan,Jaipur,134054.41,7,0.0,88293.73,45760.68,Debit Card
ORD0006395,2025-02-25,CUST00578,Ananya Kumar,PROD0038,Storage Unit Item 38,Furniture,Storage Units,East,Odisha,Cuttack,35389.29,4,0.25,33125.88,2263.41,Debit Card
ORD0005983,2025-02-25,CUST00136,Saanvi Sharma,PROD0089,,Office Supplies,Art Supplies,West,Rajasthan,Udaipur,2484.63,1,0.25,2227.74,256.89,Credit Card
ORD0004647,2025-02-19,CUST00034,Sneha Nair,PROD0090,Art Supplie Item 90,Office Supplies,Art Supplies,East,Bihar,Gaya,15319.96,4,0.0,9705.64,5614.32,Cash on Delivery
ORD0004221,2025-02-27,CUST00300,Karan Das,PROD0002,Mobile Phone Item 2,Electronics,Mobile Phones,South,Telangana,Hyderabad,23198.73,7,0.2,19439.77,3758.96,Credit Card
ORD0006015,2025-02-11,CUST00117,Aarav Joshi,PROD0097,Appliance Item 97,Office Supplies,Appliances,West,Rajasthan,Jaipur,5149.92,3,0.05,3330.93,3602.43,Credit Card
ORD0005939,2025-02-12,CUST00773,Meera Kumar,PROD0017,Camera Item 17,Electronics,Cameras,North,Punjab,Ludhiana,176288.14,7,0.0,130453.89,45834.25,Net Banking
ORD0003823,2025-02-27,CUST00865,Rahul Verma,PROD0032,Bookcase Item 32,Furniture,Bookcases,West,Gujarat,Surat,18040.47,4,0.15,12340.0,5700.47,UPI
ORD0004833,02-10-2025,CUST00046,Rahul Joshi,PROD0017,Camera Item 17,Electronics,Cameras,West,Gujarat,Ahmedabad,151104.12,,0.0,111817.62,39286.5,Credit Card
ORD0004386,2025-02-06,CUST00245,Manish Kumar,PROD0098,Appliance Item 98,Office Supplies,Appliances,South,Tamil Nadu,Coimbatore,21343.02,6,0.0,13926.24,7416.78,Credit Card
ORD0006334,2025-02-21,CUST00066,Vikram Singh,PROD0054,Footwear Item 54,Clothing,Footwear,North,Delhi,New Delhi,20780.76,7,0.2,16359.35,4421.41,Debit Card
ORD0005756,2025-02-08,CUST00870,Aarav Gupta,PROD0027,Table Item 27, Furniture,Tables,North,Punjab,Ludhiana,9172.04,1,0.0,5414.38,3757.66,Net Banking
ORD0005296,2025-02-13,CUST00487,Priya Khan,PROD0016,Headphone Item 16,Electronic,Headphones,South,Tamil Nadu,Chennai,30108.67,2,0.2,24192.82,5915.85,Credit Card
ORD0005493,2025-02-28,CUST00522,Neha Nair,PROD0008,Laptop Item 8,Electronics,Laptops,North,Haryana,Faridabad,117936.9,2,0.0,92963.74,24973.16,Credit Card
ORD0004113,2025-02-12,CUST00455,Kavya Verma,PROD0068,Snack Item 68,Grocery,Snacks,South,Karnataka,Mysuru,16608.28,1,0.2,378.8,46.96,Credit Card
ORD0005712,2025-02-26,CUST00200,Saanvi Iyer,PROD0018,Camera Item 18,ELECTRONICS,Cameras,West,Gujarat,Surat,261422.84,7,0.2,196623.77,64799.07,Net Banking
ORD0006231,2025-02-18,CUST00764,Ananya Patel,PROD0039,Storage Unit Item 39,Furniture,Storage Units,South,Telangana,Hyderabad,-75165.66,6,0.25,65154.9,10010.76,Debit Card
ORD0005524,2025-02-18,CUST00304,Ananya Singh,PROD0018,Camera Item 18,Electronics,Cameras,West,Rajasthan,Jaipur,70023.98,2,0.25,56178.22,13845.76,Net Banking
ORD0004959,2025-02-21,CUST00494,Karan Nair,PROD0018,Camera Item 18,Electronics,Cameras,East,Odisha,Cuttack,140047.95,4,0.25,112356.44,27691.51,Credit Card
ORD0006260,2025-02-04,CUST00799,Riya Mehta,PROD0077,Personal Care Item 77,Grocery,Personal Care,East,West Bengal,Kolkata,732.86,2,0.0,428.48,844.01,Net Banking
ORD0005496,2025-02-22,CUST00510,Vivaan Verma,PROD0005,Laptop Item 5,Electronics,Laptops,South,Tamil Nadu,Chennai,113872.64,7,0.0,71021.65,70435.4,Net Banking
ORD0005410,2025-02-27,CUST00571,Amit Nair,PROD0014,Headphone Item 14,Electronics,Headphones,South,Tamil Nadu,Coimbatore,17405.2,2,0.2,16599.84,805.36,UPI
ORD0004947,03 February 2025,CUST00464,Vikram Iyer,PROD0083,Paper Item 83,Office Supplies,Paper,East,West Bengal,Kolkata,3583.62,2,0.1,3161.68,421.94,Credit Card
ORD0004696,2025-02-16,CUST00464,Vikram Iyer,PROD0072,Dairy Item 72,Grocery,Dairy,East,West Bengal,Howrah,803.85,1,0.0,575.34,228.51,UPI
ORD0006795,2025-02-02,CUST00210,Saanvi Singh,PROD0003,Mobile Phone Item 3,Electronics ,Mobile Phones,North,Delhi,New Delhi,86431.41,2,0.25,82182.42,4248.99,UPI
ORD0005715,11 February 2025,CUST00461,Amit Kumar,PROD0053,Footwear Item 53,clothing,Footwear,South,Tamil Nadu,Coimbatore,7918.35,4,0.25,6843.92,1074.43,Credit Card
ORD0004169,2025-02-10,CUST00789,Vikram Joshi,PROD0098,,Office Supplies,Appliances,North,Delhi,Dwarka,21343.02,6,0.0,13926.24,7416.78,UPI
ORD0004050,2025-02-13,CUST00798,Tanvi Patel,PROD0073,Staple Item 73,Grocery,Staples,East,Odisha,Bhubaneswar,61.82,1,0.15,45.94,15.88,Debit Card
ORD0006307,2025-02-12,CUST00572,Sneha Chatterjee,PROD0097,Appliance Item 97,Office Supplies,Appliances,South,Telangana,Hyderabad,4065.73,3,0.25,3330.93,734.8,UPI
ORD0004627,19 February 2025,CUST00070,Arjun Reddy,PROD0032,Bookcase Item 32,Furniture,Bookcases,West,Maharashtra,Mumbai,31836.12,6,0.0,18510.0,13326.12,Credit Card
ORD0006245,2025-02-21,CUST00409,Vivaan Verma,PROD0061,Beverage Item 61,Grocery,Beverages,South,Karnataka,Bengaluru,861.09,1,0.2,793.71,67.38,Net Banking
ORD0005380,2025-02-21,CUST00572,Sneha Chatterjee,PROD0079,Personal Care Item 79,Grocery,Personal Care,South,Tamil Nadu,Chennai,7294.25,7,0.05,4611.74,2682.51,UPI
ORD0004302,2025-02-05,CUST00560,Tanvi Khan,PROD0077,Personal Care Item 77,Grocery,Personal Care,North,Haryana,Faridabad,1099.29,4,0.25,856.96,242.33,Cash on Delivery
ORD0004134,2025-02-22,CUST00024,Rahul Rao,PROD0013,Headphone Item 13,Electronics,Headphones,North,Haryana,Faridabad,63673.05,6,0.05,41106.9,22566.15,UPI
ORD0006562,2025-02-05,CUST00105,Rohan Joshi,PROD0055,Footwear Item 55,Clothing,Footwear,South,Telangana,Hyderabad,12694.2,5,0.15,9935.45,2758.75,UPI
ORD0006273,2025-02-02,CUST00015,Vikram Khan,PROD0098,Appliance Item 98,Office Supplies,Appliances,East,West Bengal,Kolkata,24900.19,7,0.0,16247.28,8652.91,Debit Card
ORD0004990,2025-02-10,CUST00025,Aryan Joshi,PROD0032,Bookcase Item 32,Furniture,Bookcases,East,West Bengal,Howrah,31570.82,7,0.15,21595.0,9975.82,Debit Card
ORD0006206,2025-02-22,CUST00789,Vikram Joshi,PROD0009,Television Item 9,Electronics,Televisions,East,West Bengal,Howrah,22806.4,4,,13329.16,9477.24,Net Banking
ORD0003906,2025-02-18,CUST00336,Rajesh Kumar,PROD0013,Headphone Item 13,Electronics,Headphones,East,Odisha,Cuttack,53060.87,5,0.05,34255.75,18805.12,Net Banking
ORD0005601,2025-02-11,CUST00618,Riya Nair,PROD0071,Dairy Item 71,Grocery,Dairy,North,Delhi,New Delhi,792.95,6,0.15,668.76,124.19,Debit Card
ORD0006554,2025-02-12,CUST00557,Kabir Iyer,PROD0007,Laptop Item 7,Electronics,Laptops,North,Delhi,New Delhi,54246.05,1,0.0,43187.57,11058.48,Credit Card
ORD0005098,2025-02-17,CUST00155,Ananya Verma,PROD0027,Table Item 27,Furniture,Tables,North,Haryana,Faridabad,27516.12,4,0.25,21657.52,5858.6,Cash on Delivery
ORD0004567,2025-02-12,CUST00684,Ananya Khan,PROD0100,Appliance Item 100,office supplies,Appliances,East,Bihar,Gaya,12425.66,3,0.2,9193.83,3231.83,Cash on Delivery
