Order_ID,Order_Date,Customer_ID,Customer_Name,Product_ID,Product_Name,Category,Sub_Category,Region,State,City,Sales,Quantity,Discount,Cost,Profit,Payment_Method
ORD0011733,2025-04-14,CUST00076,Divya Iyer,PROD0078,Personal Care Item 78,Grocery,Personal Care,West,Maharashtra,Pune,2632.35,7,0.0,1891.82,740.53,UPI
ORD0013978,27-Apr-2025,CUST00375,Ananya Patel,PROD0032,Bookcase Item 32,Furniture,Bookcases,North,Delhi,Rohini,26530.1,5,0.0,15425.0,11105.1,Credit Card
ORD0012615,2025-04-01,CUST00183,Diya Singh,PROD0085,Binder Item 85,Office Supplies,Binders,East,Bihar,Gaya,948.16,4,0.0,616.32,559.19,Credit Card
ORD0011299,2025-04-10,CUST00577,Neha Rao,PROD0016,Headphone Item 16,Electronics,Headphones,North,Haryana,Gurugram,112907.52,6,0.0,72578.46,40329.06,UPI
ORD0013597,2025-04-13,CUST00781,Saanvi Iyer,PROD0023,Chair Item 23,Furniture,Chairs,East,Bihar,Gaya,46127.79,3,0.05,29682.75,16445.04,Net Banking
ORD0011500,2025-04-25,CUST00607,Rahul Chatterjee,PROD0010,Television Item 10,Electronics,Televisions,West,Gujarat,Surat,98487.58,6,0.15,79743.0,18744.58,Cash on Delivery
ORD0014401,2025-04-29,CUST00477,Karan Reddy,PROD0013,Headphone Item 13,Electronics,Headphones,East,Bihar,Gaya,41890.16,5,0.25,34255.75,7634.41,Net Banking
ORD0013562,2025-04-21,CUST00342,Rajesh Malhotra,PROD0053,Footwear Item 53,Clothing,Footwear,South,Telangana,Hyderabad,13197.25,5,0.0,8554.9,4642.35,UPI
ORD0012943,2025-04-22,CUST00846,Shreya Rao,PROD0021,Chair Item 21,Furniture,Chairs,West,Gujarat,Surat,8370.17,1,0.15,7499.87,870.3,Net Banking
ORD0012759,2025-04-24,CUST00716,Priya Patel,PROD0047,Women's Wear Item 47,Apparel,Women's Wear,West,Maharashtra,Pune,12945.8,4,0.0,7806.16,5139.64,Credit Card
ORD0012168,2025-04-24,CUST00806,Shreya Patel,PROD0059,Accessorie Item 59,Clothing,Accessories,South,Tamil Nadu,Chennai,8426.85,4,0.25,8556.08,-129.23,Credit Card
ORD0011992,04-05-2025,CUST00549,Divya Joshi,PROD0084,Paper Item 84,Office Supplies,Paper,South,Tamil Nadu,Chennai,17206.63,7,0.0,12412.12,4794.51,UPI
ORD0012522,2025-04-22,CUST00539,Tanvi Patel,PROD0056,Footwear Item 56,Clothing,Footwear,South,Tamil Nadu,Coimbatore,14394.56,7,0.25,13433.49,961.07,Net Banking
ORD0013432,2025-04-05,CUST00185,Aarav Joshi,PROD0049,Kids Wear Item 49,Clothing,Kids Wear,North,Delhi,Dwarka,-13321.75,5,0.0,7334.65,5987.1,Debit Card
ORD0013836,2025-04-12,CUST00885,Aditi Gupta,PROD0086,Binder Item 86,Office Supplies,Binders,North,Delhi,New Delhi,21052.52,5,0.2,18488.25,2564.27,Net Banking
ORD0011655,2025-04-17,CUST00327,Meera Joshi,PROD0086,Binder Item 86,Office Supplies,Binders,West,Rajasthan,Jaipur,16842.02,4,0.2,14790.6,2051.42,UPI
ORD0011379,2025-04-11,CUST00326,Priya Das,PROD0076,Staple Item 76,Grocery ,Staples,South,Karnataka,Bengaluru,4908.18,6,0.0,2858.22,2049.96,UPI
ORD0011216,2025-04-18,,Riya Mehta,PROD0020,Camera Item 20,Electronics,Cameras,South,Tamil Nadu,Chennai,215692.56,5,0.2,155055.7,60636.86,Debit Card
ORD0012662,2025-04-24,CUST00474,Pallavi Patel,PROD0018,Camera Item 18,Electronics,Cameras,West,Gujarat,Ahmedabad,326778.55,7,0.0,196623.77,130154.78,UPI
ORD0012357,2025-04-01,CUST00132,Saanvi Rao,PROD0036,Sofa Item 36,Furniture,Sofas,North,Haryana,Faridabad,42565.1,6,0.25,31640.82,10924.28,UPI
ORD0013494,2025-04-20,CUST00001,Aditi Joshi,PROD0031,Bookcase Item 31,Furniture,Bookcases,North,Punjab,Amritsar,134054.41,7,0.0,88293.73,45760.68,Debit Card
ORD0013900,2025-04-05,CUST00593,Neha Iyer,PROD0013,Headphone Item 13,Electronics,Headphones,South,Karnataka,Mysuru,44682.84,4,0.0,27404.6,17278.24,Cash on Delivery
ORD0013940,06 April 2025,CUST00197,Kavya Kumar,PROD0066,Snack Item 66,Grocery,Snacks,East,West Bengal,Howrah,3480.45,5,0.0,2540.55,939.9,UPI
ORD0011219,2025-04-08,CUST00176,Sanya Sharma,PROD0052,Kids Wear Item 52,Clothing,Kids Wear,South,Tamil Nadu,Coimbatore,4431.24,6,0.05,2743.08,1688.16,UPI
ORD0011281,2025-04-03,CUST00328,Vikram Singh,PROD0045,Women's Wear Item 45,Clothing,Women's Wear,South,Telangana,Hyderabad,8931.27,6,,7038.0,1893.27,UPI
ORD0012413,2025-04-03,CUST00020,Saanvi Das,PROD0026,Table Item 26,Furniture,Tables,East,West Bengal,Kolkata,99514.17,7,0.25,81217.01,18297.16,UPI
ORD0013122,2025-04-22,CUST00804,Ishaan Kumar,PROD0057,Accessorie Item 57,Clothing,Accessories,North,Haryana,Gurugram,1536.98,1,0.25,1613.86,-76.88,Net Banking
ORD0011285,2025-04-27,CUST00399,Pallavi Khan,PROD0012,Television Item 12,Electronics,Televisions,West,Maharashtra,Mumbai,112740.72,3,0.0,77294.04,35446.68,Debit Card
ORD0012782,2025-04-09,CUST00716,Priya Patel,PROD0065,Snack Item 65,Grocery,Snacks,East,West Bengal,Kolkata,4856.17,6,0.1,3511.44,1344.73,UPI
ORD0013817,2025-04-26,CUST00763,Karan Sharma,PROD0066,Snack Item 66,Grocery,Snacks,West,Gujarat,Ahmedabad,2784.36,5,0.2,2540.55,243.81,Credit Card
ORD0012584,22 April 2025,CUST00747,Aarav Nair,PROD0007,Laptop Item 7,Electronics,Laptops,East,West Bengal,Howrah,216984.2,5,0.2,215937.85,1046.35,Net Banking
ORD0014310,2025-04-16,CUST00247,Manish Kumar,PROD0042,Men's Wear Item 42,Clothing,Men's Wear,North,Delhi,New Delhi,18263.82,6,0.0,12185.46,6078.36,Credit Card
ORD0013072,2025-04-22,CUST00774,Aryan Chatterjee,PROD0087,Binder Item 87,Office Supplies,Binders,North,Haryana,Gurugram,16315.56,6,0.0,12791.16,3524.4,UPI
ORD0014269,2025-04-06,CUST00141,Saanvi Khan,PROD0067,Snack Item 67,Grocery,Snacks,North,Haryana,Faridabad,4446.89,7,0.0,3454.22,992.67,Credit Card
ORD0011469,2025-04-28,CUST00709,Riya Khan,PROD0027,Table Item 27,Furniture,Tables,West,Maharashtra,Nagpur,41274.18,5,0.1,27071.9,14202.28,UPI
ORD0012816,2025-04-10,CUST00780,Pallavi Chatterjee,PROD0035,Sofa Item 35,Furniture,Sofas,North,Delhi,Rohini,59283.15,3,0.0,35684.28,23598.87,Credit Card
ORD0012423,2025-04-28,CUST00524,Rohan Kumar,PROD0055,Footwear Item 55,Clothing,Footwear,East,Odisha,Bhubaneswar,20908.09,7,0.0,13909.63,6998.46,UPI
ORD0014328,18 April 2025,CUST00136,Saanvi Sharma,PROD0092,Art Supplie Item 92,Office Supplies,Art Supplies,South,Tamil Nadu,Coimbatore,10546.63,2,0.05,8446.52,2100.11,Debit Card
ORD0011255,2025-04-28,CUST00377,Aditi Rao,PROD0054,Footwear Item 54,Clothing,Footwear,South,Telangana,Warangal,7421.7,2,0.0,4674.1,2747.6,Credit Card
ORD0013681,2025-04-27,CUST00325,Rajesh Chatterjee,PROD0080,Personal Care Item 80,Grocery,Personal Care,South,Telangana,Warangal,4040.34,6,0.0,2930.64,1109.7,Net Banking
ORD0011208,2025-04-27,CUST00726,Saanvi Sharma,PROD0018,Camera Item 18,Electronics,Cameras,East,Bihar,Patna,42014.38,1,0.1,28089.11,13925.27,Debit Card
ORD0011895,2025-04-19,CUST00508,Sanya Chatterjee,PROD0083,Paper Item 83,Office Supplies,Paper,North,Delhi,Rohini,5972.7,4,0.25,6323.36,-350.66,Debit Card
ORD0013733,2025-04-12,CUST00785,Sneha Malhotra,PROD0071,Dairy Item 71,Grocery,Dairy,South,Tamil Nadu,Chennai,1088.36,7,0.0,780.22,308.14,Credit Card
ORD0013614,2025-04-13,CUST00747,Aarav Nair,PROD0035,Sofa Item 35,Furniture,Sofas,North,Haryana,Faridabad,71139.78,4,0.1,47579.04,23560.74,Credit Card
ORD0014402,2025-04-10,CUST00469,Ishaan Patel,PROD0033,Sofa Item 33,Furniture,Sofas,South,Karnataka,Mysuru,150151.23,5,0.1,111863.95,38287.28,Debit Card
ORD0011857,2025-04-13,CUST00003,Neha Chatterjee,PROD0012,Television Item 12,Electronics,Televisions,North,Punjab,Amritsar,56370.36,2,0.25,51529.36,4841.0,Net Banking
ORD0013263,03 April 2025,CUST00083,Neha Chatterjee,PROD0064,Beverage Item 64,grocery,Beverages,West,Rajasthan,Udaipur,6838.02,6,0.0,4387.14,2450.88,Net Banking
ORD0011842,2025-04-26,CUST00898,Priya Gupta,PROD0076,Staple Item 76,Grocery,Staples,North,Punjab,Ludhiana,2781.3,4,0.15,1905.48,875.82,Net Banking
ORD0013384,2025-04-14,CUST00367,Sneha Joshi,PROD0091,Art Supplie Item 91,Office Supplies,Art Supplies,West,Maharashtra,Pune,5778.04,5,0.25,5995.05,-217.01,UPI
ORD0013288,2025-04-28,CUST00792,Sanya Reddy,PROD0032,Bookcase Item 32,Furniture,Bookcases,West,Gujarat,Surat,15122.16,3,0.05,9255.0,5867.16,Credit Card
ORD0012160,2025-04-28,CUST00289,Sneha Singh,PROD0012,Television Item 12,Electronics,Televisions,East,Bihar,Patna,169111.08,6,0.25,154588.08,14523.0,Net Banking
ORD0013935,2025-04-27,CUST00705,Aarav Iyer,PROD0044,Men's Wear Item 44,Clothing,Men's Wear,North,Haryana,Faridabad,8440.9,6,0.1,5275.8,3165.1,Debit Card
ORD0013890,2025-04-28,CUST00150,Saanvi Sharma,PROD0031,Bookcase Item 31,Furniture,Bookcases,North,Delhi,Rohini,16278.04,1,0.15,12613.39,3664.65,Credit Card
ORD0012675,2025-04-19,CUST00150,Saanvi Sharma,PROD0079,Personal Care Item 79,Grocery,Personal Care,North,Delhi,Dwarka,3290.64,3,0.0,1976.46,1314.18,Debit Card
ORD0011577,2025-04-27,CUST00037,Rahul Patel,PROD0091,Art Supplie Item 91,Office Supplies,Art Supplies,North,Delhi,Rohini,8628.54,7,0.2,8393.07,235.47,UPI
ORD0011739,2025-04-26,CUST00024,Rahul Rao,PROD0061,Beverage Item 61,Grocery,Beverages,North,Haryana,Faridabad,4036.35,5,0.25,3968.55,67.8,Debit Card
ORD0013709,2025-04-29,CUST00008,Tanvi Joshi,PROD0051,Kids Wear Item 51,Clothing,Kids Wear,West,Gujarat,Surat,847.41,2,0.2,703.94,143.47,Credit Card
ORD0013824,2025-04-20,CUST00569,Tanvi Nair,PROD0062,Beverage Item 62,Grocery,Beverages,South,Karnataka,Bengaluru,5714.78,6,0.2,4877.94,836.84,UPI
ORD0011808,09 April 2025,CUST00296,Nikhil Rao,PROD0031,Bookcase Item 31,Furniture,Bookcases,North,Delhi,Rohini,76602.52,4,0.0,50453.56,26148.96,Net Banking
ORD0013598,2025-04-07,CUST00665,Aryan Nair,PROD0003,Mobile Phone Item 3,ELECTRONICS,Mobile Phones,West,Maharashtra,Mumbai,172862.82,4,0.25,164364.84,8497.98,Credit Card
ORD0012990,2025-04-05,CUST00143,Rahul Malhotra,PROD0057,Accessorie Item 57,Clothing,Accessories,East,West Bengal,Kolkata,6147.9,3,0.0,4841.58,1306.32,Credit Card
ORD0012497,2025-04-24,CUST00385,Ishaan Reddy,PROD0090,Art Supplie Item 90,Office Supplies,Art Supplies,South,Karnataka,Mysuru,9766.47,3,0.15,7279.23,2487.24,UPI
ORD0013811,2025-04-27,CUST00351,Sanya Kumar,PROD0041,Men's Wear Item 41,clothing,Men's Wear,North,Punjab,Amritsar,3957.83,1,0.0,2986.49,971.34,Credit Card
ORD0012621,2025-04-27,CUST00037,Rahul Patel,PROD0056,Footwear Item 56,Clothing,Footwear,North,Punjab,Amritsar,2741.82,1,0.0,1919.07,822.75,Credit Card
ORD0012001,27-Apr-2025,CUST00145,Vikram Khan,PROD0061,Beverage Item 61,Grocery,Beverages,West,Maharashtra,Pune,5381.8,5,0.0,3968.55,1413.25,UPI
ORD0011782,2025-04-28,CUST00383,Arjun Joshi,PROD0070,Dairy Item 70,Grocery,Dairy,East,Bihar,Patna,556.06,1,0.0,323.32,232.74,UPI
ORD0013659,2025-04-07,CUST00371,Nikhil Joshi,PROD0038,Storage Unit Item 38,Furniture,Storage Units,East,Bihar,Gaya,50134.83,5,0.15,41407.35,8727.48,Debit Card
ORD0013883,2025-04-08,CUST00772,Aditi Kumar,PROD0014,Headphone Item 14,Electronics,Headphones,South,Karnataka,Bengaluru,31003.01,3,0.05,24899.76,6103.25,Net Banking
ORD0011615,2025-04-05,CUST00742,Saanvi Verma,PROD0044,Men's Wear Item 44,Clothing,Men's Wear,West,Rajasthan,Jaipur,5002.02,4,0.2,3517.2,1484.82,Net Banking
ORD0012055,2025-04-12,CUST00534,Sneha Das,PROD0026,Table Item 26,Furniture,Tables,East,West Bengal,Kolkata,18955.08,1,0.0,11602.43,7352.65,Cash on Delivery
ORD0013155,2025-04-07,CUST00076,Divya Iyer,PROD0084,Paper Item 84,Office Supplies,Paper,East,West Bengal,Kolkata,13765.3,7,0.2,12412.12,1353.18,Debit Card
ORD0012736,2025-04-16,CUST00536,Aryan Gupta,PROD0091,Art Supplie Item 91,Office Supplies,Art Supplies,West,Gujarat,Ahmedabad,3081.62,2,0.0,2398.02,683.6,UPI
ORD0012302,2025-04-05,CUST00148,Vikram Singh,PROD0080,Personal Care Item 80,Grocery,Personal Care,East,Bihar,Patna,572.38,1,0.15,488.44,83.94,UPI
ORD0013584,2025-04-12,CUST00356,Aryan Singh,PROD0067,Snack Item 67,Grocery,Snacks,North,Punjab,Amritsar,3557.51,7,0.2,3454.22,103.29,Cash on Delivery
ORD0014262,2025-04-10,CUST00266,Pooja Patel,PROD0046,Women's Wear Item 46,Clothing,Women's Wear,West,Maharashtra,Pune,4947.64,2,0.05,3842.02,1105.62,UPI
ORD0011859,28 April 2025,CUST00088,Aryan Khan,PROD0048,Women's Wear Item 48,Clothing,Women's Wear,East,Odisha,Cuttack,13384.8,4,0.1,9808.04,3576.76,Cash on Delivery
ORD0011209,10 April 2025,CUST00508,Sanya Chatterjee,PROD0085,Binder Item 85,Office Supplies,Binders,East,West Bengal,Kolkata,1244.46,7,0.25,1078.56,165.9,Net Banking
ORD0014259,2025-04-29,CUST00258,Rajesh Verma,PROD0006,Laptop Item 6,Electronics,Laptops,South,Tamil Nadu,Coimbatore,124850.73,3,0.1,106702.65,18148.08,Credit Card
ORD0011584,2025-04-09,CUST00233,Aarav Malhotra,PROD0057,Accessorie Item 57,Clothing,Accessories,West,Maharashtra,Pune,12295.8,6,0.0,9683.16,2612.64,Debit Card
ORD0011626,2025-04-23,CUST00257,Divya Chatterjee,PROD0027,Table Item 27,Furniture,Tables,South,Tamil Nadu,Chennai,31184.94,4,0.15,21657.52,9527.42,Net Banking
ORD0011288,2025-04-15,CUST00539,Tanvi Patel,PROD0095,Storage Item 95,Office Supplies,Storage,West,Rajasthan,Jaipur,4990.5,2,0.15,3899.12,1091.38,UPI
ORD0014407,2025-04-29,CUST00800,Divya Mehta,PROD0017,Camera Item 17,Electronics,Cameras,North,Haryana,Gurugram,45331.24,2,0.1,37272.54,8058.7,Credit Card
ORD0013800,2025-04-03,CUST00367,Sneha Joshi,PROD0045,Women's Wear Item 45,Apparel,Women's Wear,North,Delhi,New Delhi,10968.23,7,0.0,8211.0,2757.23,Debit Card
ORD0014161,2025-04-20,CUST00298,Ananya Joshi,PROD0006,Laptop Item 6,Electronics,Laptops,East,Bihar,Gaya,249701.45,6,0.1,213405.3,36296.15,Net Banking
ORD0014057,2025-04-12,CUST00255,Saanvi Gupta,PROD0046,Women's Wear Item 46,Clothing,Women's Wear,West,Maharashtra,Pune,15493.92,7,0.15,13447.07,2046.85,Cash on Delivery
ORD0013893,2025-04-28,CUST00677,Priya Rao,PROD0045,Women's Wear Item 45,Clothing,Women's Wear,South,Tamil Nadu,Chennai,3133.78,2,0.0,2346.0,787.78,UPI
ORD0013723,2025-04-25,CUST00772,Aditi Kumar,PROD0051,,Clothing,Kids Wear,East,Bihar,Patna,2701.11,6,0.15,2111.82,589.29,Credit Card
ORD0013131,04-Apr-2025,CUST00615,Ishaan Iyer,PROD0066,Snack Item 66,Grocery,Snacks,North,Haryana,Faridabad,2784.36,4,0.0,2032.44,751.92,Credit Card
ORD0012355,2025-04-09,CUST00703,Kabir Patel,PROD0100,Appliance Item 100,Office Supplies,Appliances,North,Haryana,Faridabad,22003.78,5,0.15,15323.05,6680.73,Credit Card
ORD0012050,2025-04-11,CUST00135,Karan Kumar,PROD0060,Accessorie Item 60,Clothing,Accessories,West,Maharashtra,Pune,1795.76,4,0.0,1189.52,606.24,Debit Card
ORD0011330,2025-04-12,CUST00155,Ananya Verma,PROD0089,Art Supplie Item 89,Office Supplies,Art Supplies,West,Gujarat,Surat,15735.99,5,0.05,11138.7,4597.29,UPI
ORD0012616,2025-04-27,CUST00176,Sanya Sharma,PROD0082,Paper Item 82,Office Supplies,Paper,South,Karnataka,Mysuru,11235.91,7,0.0,7936.67,3299.24,Credit Card
ORD0014380,2025-04-29,CUST00115,Vikram Patel,PROD0034,Sofa Item 34, Furniture,Sofas,East,Odisha,Cuttack,31729.65,1,0.05,19735.65,11994.0,Net Banking
ORD0014105,2025-04-05,CUST00374,Sanya Nair,PROD0071,Dairy Item 71,Grocery,Dairy,North,Delhi,New Delhi,777.4,5,0.0,557.3,220.1,Credit Card
ORD0013225,2025-04-27,CUST00161,Ananya Verma,PROD0074,Staple Item 74,Grocery,Staples,North,Delhi,New Delhi,263.61,1,0.05,206.59,57.02,Net Banking
ORD0014347,04-24-2025,CUST00390,Saanvi Chatterjee,PROD0004,Mobile Phone Item 4,Electronics,Mobile Phones,South,Tamil Nadu,Chennai,91461.39,4,0.25,70446.36,21015.03,Credit Card
ORD0011764,2025-04-22,CUST00202,Ananya Malhotra,PROD0099,Appliance Item 99,Office Supplies,Appliances,North,Haryana,Gurugram,5008.5,4,0.1,4196.08,812.42,Credit Card
ORD0013753,2025-04-10,CUST00539,Tanvi Patel,PROD0097,Appliance Item 97,office supplies,Appliances,East,Odisha,Cuttack,7679.71,5,0.15,5551.55,2128.16,Credit Card
ORD0012947,2025-04-16,CUST00634,Vivaan Nair,PROD0035,Sofa Item 35,Furniture,Sofas,North,Punjab,Amritsar,19761.05,1,0.0,11894.76,7866.29,Credit Card
ORD0013925,2025-04-29,CUST00890,Ananya Das,PROD0038,Storage Unit Item 38,Furniture,Storage Units,North,Delhi,Dwarka,58982.15,5,0.0,41407.35,17574.8,Credit Card
ORD0013884,2025-04-16,CUST00312,Ishaan Reddy,PROD0034,Sofa Item 34,Furniture,Sofas,East,West Bengal,Kolkata,80159.11,3,0.2,59206.95,20952.16,Debit Card
ORD0013031,17/04/2025,CUST00453,Rahul Mehta,PROD0063,Beverage Item 63,GROCERY,Beverages,North,Haryana,Faridabad,1618.0,2,0.0,1012.26,605.74,Net Banking
ORD0011746,2025-04-09,CUST00851,Rohan Patel,PROD0016,Headphone Item 16,Electronics,Headphones,West,Maharashtra,Nagpur,112907.52,6,0.0,72578.46,40329.06,UPI
ORD0014221,2025-04-26,CUST00371,Nikhil Joshi,PROD0031,Bookcase Item 31,Furniture,Bookcases,South,Tamil Nadu,Chennai,95753.15,5,0.0,63066.95,32686.2,UPI
ORD0014317,13 April 2025,CUST00841,Rajesh Sharma,PROD0061,Beverage Item 61,Grocery,Beverages,North,Delhi,Dwarka,4305.44,5,0.2,3968.55,336.89,Credit Card
ORD0013376,2025-04-17,CUST00773,Meera Kumar,PROD0073,Staple Item 73,Grocery,Staples,South,Telangana,Warangal,327.29,5,0.1,229.7,97.59,Debit Card
ORD0012954,2025-04-05,CUST00247,Manish Kumar,PROD0095,Storage Item 95,Office Supplies,Storage,East,Odisha,Cuttack,19521.67,7,0.05,13646.92,5874.75,UPI
ORD0013803,2025-04-12,CUST00200,Saanvi Iyer,PROD0080,Personal Care Item 80,Grocery,Personal Care,South,Tamil Nadu,Chennai,1717.14,3,0.15,1465.32,251.82,Credit Card
ORD0012849,2025-04-27,CUST00884,Sanya Khan,PROD0039,Storage Unit Item 39,furniture,Storage Units,South,Telangana,Hyderabad,50110.44,4,0.25,43436.6,6673.84,Credit Card
ORD0011902,04-02-2025,CUST00534,Sneha Das,PROD0082,Paper Item 82,Office Supplies,Paper,North,Haryana,Faridabad,7704.62,6,0.2,6802.86,901.76,UPI
ORD0012455,2025-04-16,CUST00070,Arjun Reddy,PROD0063,Beverage Item 63,Grocery,Beverages,West,Maharashtra,Mumbai,647.2,1,0.2,506.13,141.07,Credit Card
ORD0011836,2025-04-17,CUST00134,Rahul Nair,PROD0078,Personal Care Item 78,Grocery,Personal Care,South,Telangana,Hyderabad,1278.57,4,0.15,1081.04,197.53,Credit Card
ORD0011502,2025-04-21,CUST00788,Ishaan Nair,PROD0058,Accessorie Item 58,Clothing,Accessories,West,Rajasthan,Jaipur,5644.94,4,0.1,3727.6,1917.34,Credit Card
ORD0013989,2025-04-04,CUST00115,Vikram Patel,PROD0010,Television Item 10,Electronics,Televisions,North,Punjab,Amritsar,82072.98,5,0.15,66452.5,15620.48,Credit Card
ORD0013378,2025-04-28,CUST00018,Amit Verma,PROD0092,Art Supplie Item 92,Office Supplies,Art Supplies,North,Haryana,Gurugram,26644.13,6,0.2,25339.56,1304.57,Cash on Delivery
ORD0011267,04-06-2025,CUST00049,Rohan Das,PROD0064,Beverage Item 64,Grocery,Beverages,North,Delhi,New Delhi,4558.68,4,0.0,2924.76,1633.92,Net Banking
ORD0012121,2025-04-08,CUST00356,Aryan Singh,PROD0042,Men's Wear Item 42,Clothing,Men's Wear,South,Telangana,Warangal,16437.44,6,0.1,12185.46,4251.98,Credit Card
ORD0014129,2025-04-27,CUST00481,Ishaan Reddy,PROD0026,Table Item 26,Furniture,Tables,East,West Bengal,Howrah,71081.55,5,0.25,58012.15,13069.4,Credit Card
ORD0013366,2025-04-01,CUST00356,Aryan Singh,PROD0054,Footwear Item 54,Clothing,Footwear,East,Bihar,Gaya,13359.06,4,0.1,9348.2,4010.86,Credit Card
ORD0012587,2025-04-30,CUST00636,Kavya Verma,PROD0059,Accessorie Item 59,Clothing,Accessories,North,Delhi,Rohini,11938.04,5,0.15,10695.1,1242.94,UPI
ORD0012911,26 April 2025,CUST00302,Manish Patel,PROD0092,Art Supplie Item 92,Office Supplies,Art Supplies,East,Bihar,Patna,8326.29,2,0.25,8446.52,-120.23,UPI
ORD0012958,04-29-2025,CUST00396,Aditi Khan,PROD0004,Mobile Phone Item 4,Electronics,Mobile Phones,South,Tamil Nadu,Chennai,25914.06,1,0.15,17611.59,8302.47,Debit Card
ORD0012228,2025-04-14,CUST00450,Aditi Kumar,PROD0093,Storage Item 93,Office Supplies,Storage,West,Rajasthan,Udaipur,16733.52,3,0.05,12968.43,3765.09,Debit Card
ORD0013306,2025-04-09,CUST00276,Nikhil Reddy,PROD0078,Personal Care Item 78,Grocery,Personal Care,East,West Bengal,Howrah,1880.25,5,0.0,1351.3,528.95,Debit Card
ORD0011880,2025-04-03,CUST00464,Vikram Iyer,PROD0035,Sofa Item 35,FURNITURE,Sofas,North,Haryana,Gurugram,59283.15,4,0.25,47579.04,11704.11,Credit Card
ORD0011510,2025-04-21,CUST00630,Vikram Joshi,PROD0004,Mobile Phone Item 4,Electronics,Mobile Phones,East,Bihar,Patna,82315.25,3,0.1,52834.77,29480.48,Debit Card
ORD0013419,2025-04-25,CUST00266,Pooja Patel,PROD0051,Kids Wear Item 51,Clothing,Kids Wear,East,Odisha,Cuttack,3177.78,6,,2111.82,1065.96,Cash on Delivery
ORD0011580,2025-04-23,CUST00113,Tanvi Iyer,PROD0078,Personal Care Item 78,Grocery ,Personal Care,South,Karnataka,Mysuru,1974.26,7,0.25,1891.82,82.44,UPI
ORD0013284,2025-04-27,CUST00141,Saanvi Khan,PROD0064,Beverage Item 64,Grocery,Beverages,South,Karnataka,Bengaluru,2906.16,3,0.15,2193.57,712.59,Credit Card
ORD0013859,2025-04-26,CUST00450,Aditi Kumar,PROD0035,Sofa Item 35,Furniture,Sofas,West,Gujarat,Ahmedabad,112637.98,6,0.05,71368.56,41269.42,Net Banking
ORD0014167,04-22-2025,CUST00849,Priya Patel,PROD0094,Storage Item 94,OFFICE SUPPLIES,Storage,South,Telangana,Hyderabad,32280.78,7,0.0,23908.71,8372.07,UPI
ORD0012830,14/04/2025,CUST00599,Tanvi Malhotra,PROD0073,Staple Item 73,Grocery,Staples,North,Punjab,Amritsar,138.19,2,0.05,91.88,46.31,Debit Card
ORD0012521,2025-04-14,CUST00261,Arjun Patel,PROD0041,Men's Wear Item 41,Clothing,Men's Wear,West,Gujarat,Ahmedabad,21372.28,6,0.1,17918.94,3453.34,Debit Card
ORD0011414,2025-04-29,CUST00241,Saanvi Chatterjee,PROD0018,Camera Item 18,Electronics,Cameras,West,Rajasthan,Udaipur,119040.76,3,0.15,84267.33,34773.43,Debit Card
ORD0012273,2025-04-02,CUST00036,Shreya Gupta,PROD0066,Snack Item 66,Grocery,Snacks,East,West Bengal,Kolkata,591.68,1,0.15,508.11,83.57,UPI
ORD0012473,2025-04-13,CUST00181,Divya Rao,PROD0057,Accessorie Item 57,clothing,Accessories,East,West Bengal,Kolkata,7787.34,4,0.05,6455.44,1331.9,Credit Card
ORD0013858,2025-04-26,CUST00425,Nikhil Kumar,PROD0100,Appliance Item 100,Office Supplies,Appliances,East,Odisha,Bhubaneswar,11649.06,3,0.25,9193.83,2455.23,Credit Card
ORD0012259,2025-04-18,CUST00666,Rahul Mehta,PROD0099,Appliance Item 99,Office Supplies,Appliances,South,Tamil Nadu,Coimbatore,6956.25,5,0.0,5245.1,1711.15,Credit Card
ORD0013341,2025-04-21,CUST00154,Ananya Singh,PROD0057,Accessorie Item 57,Clothing,Accessories,South,Tamil Nadu,Coimbatore,6147.9,3,0.0,4841.58,1306.32,Debit Card
ORD0012389,2025-04-05,CUST00559,Pallavi Kumar,PROD0037,Storage Unit Item 37,FURNITURE,Storage Units,East,Odisha,Cuttack,4624.79,1,0.05,3793.36,831.43,Credit Card
ORD0012155,2025-04-02,CUST00001,Aditi Joshi,PROD0100,Appliance Item 100,Office Supplies,Appliances,West,Gujarat,Ahmedabad,15532.08,3,0.0,9193.83,6338.25,Credit Card
ORD0011825,2025-04-03,CUST00751,Sanya Iyer,PROD0039,Storage Unit Item 39,Furniture,Storage Units,East,Bihar,Patna,111078.14,7,0.05,76014.05,35064.09,Debit Card
ORD0012604,2025-04-21,CUST00001,Aditi Joshi,PROD0030,Bookcase Item 30,Furniture,Bookcases,East,Odisha,Cuttack,70315.16,4,0.0,47985.64,22329.52,Credit Card
ORD0012627,2025-04-12,CUST00156,Riya Das,PROD0081,Paper Item 81,Office Supplies,Paper,South,Tamil Nadu,Coimbatore,24319.52,5,0.15,20099.8,4219.72,Debit Card
ORD0013516,17-Apr-2025,CUST00316,Manish Nair,PROD0072,Dairy Item 72,Grocery,Dairy,South,Telangana,Warangal,4019.25,5,0.0,2876.7,1142.55,UPI
ORD0012959,17 April 2025,CUST00595,Vikram Sharma,PROD0014,Headphone Item 14,Electronics,Headphones,South,Tamil Nadu,Coimbatore,9790.43,1,0.1,8299.92,1490.51,Debit Card
ORD0011278,2025-04-17,CUST00094,Ishaan Reddy,PROD0042,Men's Wear Item 42,Clothing,Men's Wear,West,Rajasthan,Udaipur,12175.88,5,0.2,10154.55,2021.33,UPI
ORD0013810,2025-04-15,CUST00293,Neha Rao,PROD0074,Staple Item 74,Grocery,Staples,East,Odisha,Bhubaneswar,1664.88,6,0.0,1239.54,425.34,Cash on Delivery
ORD0012012,2025-04-01,CUST00323,Shreya Nair,PROD0073,Staple Item 73,Grocery,Staples,East,Odisha,Bhubaneswar,116.37,2,0.2,91.88,24.49,UPI
ORD0013226,2025-04-23,CUST00803,Diya Rao,PROD0044,Men's Wear Item 44,Clothing,Men's Wear,North,Haryana,Faridabad,4689.39,3,,2637.9,2051.49,Credit Card
ORD0014198,2025-04-14,CUST00804,Ishaan Kumar,PROD0032,Bookcase Item 32,Furniture,Bookcases,South,Karnataka,Mysuru,4244.82,1,0.2,3085.0,1159.82,Debit Card
ORD0012088,2025-04-30,CUST00330,Aditi Iyer,PROD0057,Accessorie Item 57,Clothing,Accessories,South,Telangana,Warangal,2049.3,1,0.0,1613.86,435.44,Debit Card
ORD0012475,2025-04-27,CUST00262,Kabir Chatterjee,PROD0072,Dairy Item 72,Grocery,Dairy,South,Karnataka,Mysuru,3858.48,6,0.2,3452.04,406.44,UPI
ORD0013326,2025-04-08,CUST00157,Diya Iyer,PROD0039,Storage Unit Item 39,Furniture,Storage Units,West,Gujarat,Ahmedabad,50110.44,3,0.0,32577.45,17532.99,Credit Card
ORD0013294,2025-04-15,CUST00604,Sanya Mehta,PROD0099,Appliance Item 99,Office Supplies,Appliances,South,Telangana,Hyderabad,7791.0,7,0.2,7343.14,447.86,Credit Card
ORD0013559,2025-04-24,CUST00144,Ishaan Kumar,PROD0061,Beverage Item 61,Grocery,Beverages,West,Maharashtra,Nagpur,5489.44,6,0.15,4762.26,727.18,Cash on Delivery
ORD0013210,2025-04-20,CUST00612,Rajesh Das,PROD0007,Laptop Item 7,Electronics,Laptops,West,Maharashtra,Nagpur,360736.23,7,0.05,302312.99,58423.24,UPI
ORD0013585,04-06-2025,CUST00706,Vivaan Singh,PROD0044,Men's Wear Item 44,Clothing,Men's Wear,South,Tamil Nadu,Chennai,7815.65,5,0.0,4396.5,3419.15,Debit Card
ORD0013181,2025-04-07,CUST00297,Rohan Malhotra,PROD0085,Binder Item 85,Office-Supplies,Binders,East,Odisha,Bhubaneswar,0,2,0.1,308.16,281.9,Credit Card
ORD0012004,2025-04-24,CUST00097,Karan Nair,PROD0032,Bookcase Item 32,Furniture,Bookcases,North,Punjab,Ludhiana,10612.04,2,0.0,6170.0,4442.04,Credit Card
ORD0012776,2025-04-22,CUST00225,Sanya Iyer,PROD0068,Snack Item 68,Grocery,Snacks,West,Gujarat,Ahmedabad,1995.75,5,0.25,1894.0,101.75,Net Banking
ORD0012166,2025-04-27,CUST00631,Rohan Rao,PROD0055,Footwear Item 55,Clothing,Footwear,East,West Bengal,Howrah,16726.47,7,0.2,13909.63,2816.84,UPI
ORD0013540,2025-04-29,CUST00183,Diya Singh,PROD0014,Headphone Item 14,Electronics,Headphones,East,West Bengal,Howrah,19580.85,2,0.1,16599.84,2981.01,Credit Card
ORD0013465,2025-04-23,CUST00645,Diya Kumar,PROD0006,Laptop Item 6,Electronics,Laptops,East,West Bengal,Howrah,138723.03,4,0.25,142270.2,-3547.17,UPI
ORD0011459,2025-04-08,CUST00266,Pooja Patel,PROD0066,Snack Item 66,Grocery,Snacks,East,West Bengal,Kolkata,2088.27,3,0.0,1524.33,563.94,Cash on Delivery
ORD0011887,2025-04-24,CUST00507,Rohan Nair,PROD0076,Staple Item 76,Grocery,Staples,North,Delhi,Dwarka,1636.06,2,0.0,952.74,683.32,UPI
ORD0013839,2025-04-10,CUST00867,Aryan Chatterjee,PROD0099,Appliance Item 99,Office Supplies,Appliances,North,Delhi,Rohini,1252.12,1,0.1,1049.02,203.1,Credit Card
ORD0014279,2025-04-23,CUST00038,Aryan Khan,PROD0055,Footwear Item 55,Clothing,Footwear,South,Tamil Nadu,Coimbatore,14187.63,5,0.05,9935.45,7980.2,Debit Card
ORD0013797,2025-04-30,CUST00244,Arjun Singh,PROD0065,Snack Item 65,Grocery,Snacks,West,Maharashtra,Mumbai,3372.34,5,0.25,2926.2,446.14,Credit Card
ORD0013014,2025-04-21,CUST00560,Tanvi Khan,PROD0006,Laptop Item 6,Electronics,Laptops,West,Gujarat,Ahmedabad,124850.73,3,0.1,106702.65,18148.08,Cash on Delivery
ORD0011793,2025-04-26,CUST00333,Pooja Mehta,PROD0018,Camera Item 18,Electronics,Cameras,North,Punjab,Amritsar,140047.95,4,0.25,112356.44,27691.51,Debit Card
ORD0011550,2025-04-26,CUST00893,Tanvi Gupta,PROD0085,Binder Item 85,Office Supplies,Binders,South,Karnataka,Bengaluru,1659.28,7,0.0,1078.56,580.72,UPI
ORD0012183,2025-04-10,CUST00242,Rohan Joshi,PROD0004,Mobile Phone Item 4,Electronics,Mobile Phones,North,Punjab,Amritsar,115851.09,4,0.05,70446.36,45404.73,Debit Card
ORD0011454,2025-04-29,CUST00471,Aryan Reddy,PROD0048,Women's Wear Item 48,Clothing,Women's Wear,North,Haryana,Gurugram,3346.2,1,0.1,2452.01,894.19,Debit Card
ORD0014135,2025-04-13,CUST00772,Aditi Kumar,PROD0042,Men's Wear Item 42,Clothing,Men's Wear,South,Karnataka,Mysuru,7305.53,3,0.2,6092.73,1212.8,Credit Card
ORD0011371,2025-04-03,CUST00851,Rohan Patel,PROD0003,Mobile Phone Item 3,Electronics,Mobile Phones,East,Bihar,Gaya,259294.23,5,0.1,205456.05,53838.18,UPI
ORD0013586,04-24-2025,,Rahul Das,PROD0086,Binder Item 86,Office Supplies,Binders,West,Gujarat,Surat,21052.52,4,0.0,14790.6,6261.92,Credit Card
ORD0012916,2025-04-18,CUST00441,Aditi Chatterjee,PROD0061,Beverage Item 61,Grocery,Beverages,North,Delhi,Dwarka,914.91,1,0.15,793.71,121.2,UPI
ORD0014431,12 April 2025,CUST00858,Riya Rao,PROD0082,Paper Item 82,Office Supplies,Paper,North,Haryana,Gurugram,3210.26,2,0.0,2267.62,942.64,Credit Card
ORD0013368,2025-04-19,CUST00179,Ishaan Rao,PROD0071,Dairy Item 71,Grocery,Dairy,North,Delhi,Dwarka,155.48,1,0.0,111.46,44.02,UPI
ORD0012770,2025-04-30,CUST00380,Diya Mehta,PROD0058,Accessorie Item 58,Clothing,Accessories,West,Maharashtra,Pune,7840.2,5,0.0,4659.5,3180.7,Cash on Delivery
ORD0013011,2025-04-12,CUST00309,Rohan Iyer,PROD0048,Women's Wear Item 48,Clothing,Women's Wear,West,Rajasthan,Jaipur,12641.2,4,0.15,9808.04,2833.16,UPI
ORD0013124,2025-04-26,CUST00674,Divya Mehta,PROD0053,Footwear Item 53,Clothing,Footwear,West,Rajasthan,Udaipur,18476.15,7,0.0,11976.86,6499.29,UPI
ORD0014219,2025-04-02,CUST00405,Kavya Malhotra,PROD0080,Personal Care Item 80,Grocery,Personal Care,South,Tamil Nadu,Coimbatore,1010.08,2,0.25,976.88,87.32,Credit Card
ORD0011409,2025-04-10,CUST00165,Ishaan Singh,PROD0081,Paper Item 81,Office Supplies,Paper,South,Telangana,Warangal,14591.71,3,0.15,12059.88,2531.83,UPI
ORD0011995,2025-04-16,CUST00802,Nikhil Nair,PROD0010,Television Item 10,Electronics,Televisions,North,Haryana,Faridabad,36691.45,2,0.05,26581.0,10110.45,Debit Card
ORD0012661,2025-04-27,CUST00760,Priya Khan,PROD0031,Bookcase Item 31,Furniture,Bookcases,South,Karnataka,Bengaluru,72772.39,4,0.05,50453.56,22318.83,Credit Card
ORD0014418,2025-04-12,CUST00136,Saanvi Sharma,PROD0045,Women's Wear Item 45,Clothing,Women's Wear,West,Maharashtra,Nagpur,1566.89,1,0.0,1173.0,393.89,Credit Card
ORD0014138,2025-04-02,CUST00755,Divya Das,PROD0047,Women's Wear Item 47,Clothing,Women's Wear,North,Delhi,Rohini,2589.16,1,0.2,1951.54,637.62,Cash on Delivery
ORD0012932,2025-04-06,CUST00443,Nikhil Mehta,PROD0041,Men's Wear Item 41,Clothing,Men's Wear,North,Delhi,Rohini,7124.09,2,0.1,5972.98,1151.11,Credit Card
ORD0014286,2025-04-22,CUST00055,Priya Mehta,PROD0006,Laptop Item 6,ELECTRONICS,Laptops,East,Bihar,Patna,131786.88,3,0.05,106702.65,25084.23,UPI
ORD0012946,2025-04-16,CUST00574,Sanya Joshi,PROD0093,Storage Item 93,Office Supplies,Storage,North,Punjab,Amritsar,23485.64,5,0.2,21614.05,1871.59,Debit Card
ORD0013681,2025-04-27,CUST00325,Rajesh Chatterjee,PROD0080,Personal Care Item 80,Grocery,Personal Care,South,Telangana,Warangal,4040.34,6,0.0,2930.64,1109.7,Net Banking
ORD0011954,2025-04-13,CUST00265,Sneha Rao,PROD0037,Storage Unit Item 37,Furniture,Storage Units,South,Tamil Nadu,Chennai,4868.2,1,0.0,3793.36,1074.84,UPI
ORD0012405,2025-04-17,CUST00398,Neha Iyer,PROD0096,Storage Item 96,Office Supplies,Storage,North,Punjab,Ludhiana,1517.34,1,0.0,1079.14,438.2,UPI
ORD0011847,2025-04-17,CUST00146,Nikhil Iyer,PROD0005,Laptop Item 5,Electronics,Laptops,North,Delhi,New Delhi,13014.02,1,0.2,10145.95,2868.07,Debit Card
ORD0013544,2025-04-05,CUST00828,Ishaan Gupta,PROD0033,Sofa Item 33,Furniture,Sofas,West,Maharashtra,Pune,170171.39,6,0.15,134236.74,35934.65,Net Banking
ORD0013814,2025-04-04,CUST00174,Pallavi Rao,PROD0063,Beverage Item 63,Grocery,Beverages,West,Gujarat,Ahmedabad,3236.0,4,0.0,2024.52,1211.48,Net Banking
ORD0011318,2025-04-13,CUST00333,Pooja Mehta,PROD0077,Personal Care Item 77,Grocery,Personal Care,North,Delhi,New Delhi,311.47,1,0.15,214.24,97.23,Credit Card
ORD0013848,2025-04-13,CUST00205,Rajesh Sharma,PROD0087,Binder Item 87,Office Supplies,Binders,West,Maharashtra,Nagpur,8157.78,3,0.0,6395.58,1762.2,UPI
ORD0012936,2025-04-05,CUST00005,Meera Verma,PROD0069,Dairy Item 69,Grocery,Dairy,South,Telangana,Hyderabad,421.53,1,0.05,289.32,132.21,Cash on Delivery
ORD0013278,2025-04-04,CUST00661,Diya Iyer,PROD0054,Footwear Item 54,Clothing,Footwear,West,Rajasthan,Jaipur,23378.36,7,0.1,16359.35,7019.01,Debit Card
ORD0013814,2025-04-04,CUST00174,Pallavi Rao,PROD0063,Beverage Item 63,Grocery,Beverages,West,Gujarat,Ahmedabad,3236.0,4,0.0,2024.52,1211.48,Net Banking
ORD0012429,2025-04-23,CUST00890,Ananya Das,PROD0056,Footwear Item 56,Clothing,Footwear,West,Maharashtra,Mumbai,2056.37,1,0.25,1919.07,137.3,Debit Card
ORD0012333,2025-04-22,CUST00532,Ishaan Mehta,PROD0041,Men's Wear Item 41,Clothing,Men's Wear,East,West Bengal,Howrah,19789.15,5,0.0,14932.45,4856.7,UPI
ORD0014294,2025-04-15,CUST00741,Ishaan Sharma,PROD0056,Footwear Item 56,Clothing,Footwear,East,West Bengal,Howrah,4386.91,2,0.2,3838.14,548.77,Credit Card
ORD0013807,2025-04-08,CUST00638,Manish Mehta,PROD0022,Chair Item 22,Furniture,Chairs,West,Maharashtra,Nagpur,N/A,1,0.05,4533.65,2058.05,UPI
ORD0014261,2025-04-12,CUST00401,Aarav Iyer,PROD0081,Paper Item 81,Office Supplies,Paper,West,Gujarat,Surat,21744.51,4,0.05,16079.84,5664.67,Debit Card
ORD0014235,2025-04-01,CUST00896,Pooja Rao,PROD0077,Personal Care Item 77,Grocery,Personal Care,West,Rajasthan,Udaipur,1832.15,5,0.0,1071.2,760.95,UPI
ORD0011997,2025-04-11,CUST00205,Rajesh Sharma,PROD0099,Appliance Item 99,Office Supplies,Appliances,West,Maharashtra,Mumbai,2782.5,2,0.0,2098.04,684.46,UPI
ORD0011381,2025-04-12,CUST00431,Pallavi Rao,PROD0027,Table Item 27,Furniture,Tables,South,Telangana,Hyderabad,55032.24,6,0.0,32486.28,22545.96,UPI
ORD0012781,2025-04-01,CUST00584,Aarav Reddy,PROD0069,Dairy Item 69,Grocery,Dairy,West,Gujarat,Surat,0,5,0.0,1446.6,772.0,UPI
ORD0013302,2025-04-12,CUST00166,Vikram Nair,PROD0005,Laptop Item 5,Electronics,Laptops,East,Bihar,Gaya,41482.18,3,0.15,30437.85,11044.33,UPI
ORD0013806,2025-04-03,CUST00423,Aarav Sharma,PROD0067,Snack Item 67,Grocery,Snacks,East,Odisha,Cuttack,571.74,1,0.1,493.46,78.28,Credit Card
ORD0011882,2025-04-15,CUST00304,Ananya Singh,PROD0047,Women's Wear Item 47,Clothing,Women's Wear,North,Haryana,Gurugram,18447.76,6,0.05,11709.24,6738.52,Cash on Delivery
ORD0011971,24 April 2025,CUST00164,Rohan Sharma,PROD0012,Television Item 12,Electronics,Televisions,West,Maharashtra,Nagpur,187901.2,5,0.0,128823.4,59077.8,Net Banking
ORD0013084,2025-04-02,CUST00421,Saanvi Das,PROD0044,Men's Wear Item 44,Clothing,Men's Wear,North,Delhi,Rohini,7815.65,5,0.0,4396.5,3419.15,Debit Card
ORD0012189,2025-04-29,CUST00282,Priya Patel,PROD0035,Sofa Item 35,Furniture,Sofas,West,Gujarat,Surat,19761.05,1,0.0,11894.76,7866.29,Debit Card
ORD0013343,17-Apr-2025,CUST00511,Vivaan Verma,PROD0038,Storage Unit Item 38,Furniture,Storage Units,East,West Bengal,Howrah,53083.94,5,0.1,41407.35,11676.59,Net Banking
ORD0011804,27-Apr-2025,CUST00828,Ishaan Gupta,PROD0017,Camera Item 17,Electronics,Cameras,East,West Bengal,Kolkata,60441.65,3,0.2,55908.81,4532.84,Debit Card
ORD0013456,2025-04-17,CUST00220,Aditi Reddy,PROD0013,Headphone Item 13,Electronics,Headphones,West,Rajasthan,Jaipur,26809.7,3,0.2,20553.45,6256.25,Debit Card
ORD0013134,2025-04-18,CUST00038,Aryan Khan,PROD0007,Laptop Item 7,Electronics,Laptops,North,Delhi,Dwarka,103067.5,2,0.05,86375.14,16692.36,UPI
ORD0013908,2025-04-24,CUST00725,Manish Verma,PROD0049,Kids Wear Item 49,Clothing,Kids Wear,South,Karnataka,Mysuru,15986.1,6,0.0,8801.58,7184.52,UPI
ORD0011481,2025-04-10,,Divya Malhotra,PROD0049,Kids Wear Item 49,Clothing,Kids Wear,East,Bihar,Patna,4262.96,2,0.2,2933.86,1329.1,Credit Card
ORD0011509,2025-04-26,CUST00115,Vikram Patel,PROD0051,Kids Wear Item 51,Clothing,Kids Wear,North,Haryana,Faridabad,2118.52,4,0.0,1407.88,710.64,UPI
ORD0014322,2025-04-28,CUST00292,Diya Sharma,PROD0034,Sofa Item 34,Furniture,Sofas,South,Karnataka,Bengaluru,200397.78,6,0.0,118413.9,81983.88,Credit Card
ORD0014460,14 April 2025,CUST00111,Diya Khan,PROD0037,Storage Unit Item 37,Furniture,Storage Units,North,Punjab,Ludhiana,3651.15,1,0.25,3793.36,-142.21,UPI
ORD0014256,02/04/2025,CUST00551,Priya Khan,PROD0089,Art Supplie Item 89,Office Supplies,Art Supplies,West,Rajasthan,Jaipur,12423.15,5,0.25,11138.7,1284.45,UPI
ORD0014467,2025-04-13,CUST00084,Ananya Patel,PROD0014,Headphone Item 14,Electronics,Headphones,North,Haryana,Gurugram,43513.0,4,0.0,33199.68,10313.32,Credit Card
ORD0013829,2025-04-04,CUST00644,Sneha Gupta,PROD0009,Television Item 9,Electronics,Televisions,East,West Bengal,Howrah,17104.8,3,0.0,9996.87,17694.94,Cash on Delivery
ORD0013852,09 April 2025,CUST00374,Sanya Nair,PROD0030,Bookcase Item 30,Furniture,Bookcases,East,Bihar,Gaya,110746.38,7,0.1,83974.87,26771.51,Debit Card
ORD0014320,2025-04-08,CUST00858,Riya Rao,PROD0036,Sofa Item 36,Furniture,Sofas,West,Gujarat,Surat,26957.89,3,0.05,15820.41,11137.48,Debit Card
ORD0014206,20-Apr-2025,CUST00423,Aarav Sharma,PROD0028,Table Item 28,Furniture,Tables,East,Bihar,Patna,131794.6,4,0.0,101745.08,65841.95,Credit Card
ORD0012154,2025-04-01,CUST00520,Rahul Chatterjee,PROD0085,Binder Item 85,Office Supplies,Binders,West,Rajasthan,Jaipur,1185.2,,0.0,770.4,414.8,UPI
ORD0011496,2025-04-02,,Pallavi Patel,PROD0097,Appliance Item 97,Office Supplies,Appliances,South,Karnataka,Mysuru,1445.59,1,0.2,1110.31,335.28,Credit Card
ORD0013995,2025-04-11,CUST00494,Karan Nair,PROD0008,Laptop Item 8,Electronics,Laptops,North,Haryana,Faridabad,283048.56,6,0.2,278891.22,4157.34,Credit Card
ORD0012548,2025-04-28,CUST00363,Shreya Verma,PROD0059,Accessorie Item 59,Clothing,Accessories,East,Odisha,Bhubaneswar,2387.61,1,0.15,2139.02,248.59,Credit Card
ORD0012968,2025-04-13,CUST00600,Nikhil Kumar,PROD0079,Personal Care Item 79,Grocery,Personal Care,East,Bihar,Patna,932.35,1,0.15,658.82,273.53,Cash on Delivery
ORD0011823,2025-04-02,CUST00243,Rahul Gupta,PROD0033,Sofa Item 33,Furniture,Sofas,West,Gujarat,Surat,33366.94,1,0.0,22372.79,10994.15,Credit Card
ORD0011712,2025-04-22,CUST00696,Ananya Singh,PROD0047,Women's Wear Item 47,Clothing,Women's Wear,North,Haryana,Gurugram,16505.89,6,0.15,11709.24,4796.65,Credit Card
ORD0012372,2025-04-24,CUST00483,Rajesh Kumar,PROD0049,Kids Wear Item 49,Clothing,Kids Wear,West,Maharashtra,Pune,15852.88,7,0.15,10268.51,5584.37,Credit Card
ORD0011977,2025-04-15,CUST00375,Ananya Patel,PROD0026,Table Item 26,Furniture,Tables,West,Gujarat,Ahmedabad,96670.91,6,0.15,69614.58,27056.33,UPI
ORD0012540,2025-04-24,CUST00106,Rohan Mehta,PROD0090,Art Supplie Item 90,Office Supplies,Art Supplies,South,Tamil Nadu,Coimbatore,26809.93,7,0.0,16984.87,9825.06,UPI
ORD0011827,2025-04-02,CUST00834,Manish Das,PROD0039,Storage Unit Item 39,Furniture,Storage Units,West,Maharashtra,Nagpur,66813.92,-4,0.0,43436.6,23377.32,Credit Card
ORD0013306,2025-04-09,CUST00276,Nikhil Reddy,PROD0078,Personal Care Item 78,Grocery,Personal Care,East,West Bengal,Howrah,1880.25,5,0.0,1351.3,528.95,Debit Card
ORD0012140,2025-04-06,CUST00194,Aditi Chatterjee,PROD0020,Camera Item 20,Electronics,Cameras,North,Haryana,Gurugram,153680.95,3,0.05,93033.42,60647.53,UPI
ORD0014394,2025-04-19,CUST00849,Priya Patel,PROD0062,Beverage Item 62,Grocery,Beverages,North,Delhi,New Delhi,2381.16,2,0.0,1625.98,755.18,Credit Card
ORD0012871,2025-04-24,CUST00227,Priya Sharma,PROD0077,Personal Care Item 77,Grocery,Personal Care,South,Telangana,Warangal,989.36,3,0.1,642.72,346.64,Debit Card
ORD0013229,2025-04-16,CUST00593,Neha Iyer,PROD0080,Personal Care Item 80,Grocery,Personal Care,East,Odisha,Bhubaneswar,1616.14,3,0.2,1465.32,150.82,UPI
ORD0012605,2025-04-16,CUST00038,Aryan Khan,PROD0077,Personal Care Item 77,Grocery,Personal Care,East,Odisha,Bhubaneswar,1465.72,4,,856.96,608.76,Net Banking
ORD0012111,2025-04-22,CUST00833,Sanya Reddy,PROD0002,Mobile Phone Item 2,Electronic,Mobile Phones,North,Punjab,Ludhiana,10563.71,3,0.15,8331.33,2232.38,Net Banking
ORD0012380,2025-04-06,CUST00512,Amit Chatterjee,PROD0048,Women's Wear Item 48,clothing,Women's Wear,North,Punjab,Amritsar,17846.4,6,0.2,14712.06,3134.34,Net Banking
ORD0012045,2025-04-22,,Vikram Das,PROD0078,,Grocery,Personal Care,North,Punjab,Ludhiana,2237.5,7,0.15,1891.82,345.68,Net Banking
ORD0014308,2025-04-06,CUST00798,Tanvi Patel,PROD0049,Kids Wear Item 49,Clothing,Kids Wear,West,Maharashtra,Nagpur,2664.35,1,0.0,1466.93,1197.42,UPI
ORD0011766,2025-04-21,CUST00620,Saanvi Sharma,PROD0003,Mobile Phone Item 3,Electronics,Mobile Phones,North,Haryana,Faridabad,172862.82,3,0.0,123273.63,49589.19,Credit Card
ORD0011852,2025-04-02,CUST00884,Sanya Khan,PROD0026,Table Item 26,Furniture,Tables,South,Karnataka,Mysuru,30328.13,2,0.2,23204.86,7123.27,Cash on Delivery
ORD0011876,2025-04-21,CUST00504,Divya Singh,PROD0018,Camera Item 18,Electronics,Cameras,North,Delhi,Dwarka,177394.07,4,0.05,112356.44,65037.63,UPI
ORD0012934,2025-04-14,CUST00335,Sneha Patel,PROD0078,Personal Care Item 78,Grocery,Personal Care,East,Odisha,Bhubaneswar,846.11,3,0.25,810.78,35.33,UPI
ORD0012231,2025-04-08,CUST00371,Nikhil Joshi,PROD0045,Women's Wear Item 45,Clothing,Women's Wear,South,Telangana,Warangal,3133.78,2,0.0,2346.0,787.78,Credit Card
ORD0011396,2025-04-03,CUST00612,Rajesh Das,PROD0081,Paper Item 81,OfficeSupplies,Paper,North,Delhi,Rohini,5722.24,1,0.0,4019.96,1702.28,Credit Card
ORD0014495,2025-04-13,CUST00389,Neha Verma,PROD0003,Mobile Phone Item 3,Electronics,Mobile Phones,East,Bihar,Patna,unknown,6,0.25,246547.26,12746.97,Credit Card
ORD0013529,2025-04-03,CUST00118,Priya Mehta,PROD0023,Chair Item 23,Furniture,Chairs,West,Maharashtra,Nagpur,97111.14,6,0.0,59365.5,37745.64,Debit Card
ORD0014278,2025-04-16,CUST00363,Shreya Verma,PROD0053,Footwear Item 53,CLOTHING,Footwear,South,Tamil Nadu,Coimbatore,13857.11,7,,11976.86,1880.25,Debit Card
ORD0011238,02 April 2025,CUST00442,Rahul Patel,PROD0027,Table Item 27,Furniture,Tables,North,Haryana,Faridabad,36688.16,4,0.0,21657.52,15030.64,Debit Card
ORD0012436,2025-04-02,CUST00468,Rahul Malhotra,PROD0079,Personal Care Item 79,Grocery,Personal Care,North,Punjab,Amritsar,6142.53,7,0.2,4611.74,1530.79,Debit Card
ORD0012880,2025-04-28,CUST00298,Ananya Joshi,PROD0036,Sofa Item 36, Furniture,Sofas,East,West Bengal,Kolkata,47294.55,5,0.0,26367.35,20927.2,UPI
ORD0012611,2025-04-19,CUST00637,Sneha Das,PROD0010,Television Item 10,Electronics,Televisions,North,Punjab,Ludhiana,19311.29,1,0.0,13290.5,6020.79,Net Banking
ORD0011729,2025-04-15,CUST00485,Sneha Sharma,PROD0051,Kids Wear Item 51,Clothing,Kids Wear,North,Haryana,Gurugram,953.33,2,0.1,703.94,249.39,Credit Card
ORD0011543,2025-04-09,CUST00737,Rahul Gupta,PROD0045,Women's Wear Item 45,Clothing,Women's Wear,East,Odisha,Cuttack,1566.89,1,0.0,1173.0,969.19,Credit Card
ORD0012414,2025-04-04,CUST00699,Karan Das,PROD0039,Storage Unit Item 39,Furniture,Storage Units,South,Karnataka,Mysuru,63473.22,4,0.05,43436.6,20036.62,Cash on Delivery
ORD0013125,2025-04-05,CUST00013,Shreya Das,PROD0052,Kids Wear Item 52,Clothing,Kids Wear,West,Gujarat,Surat,5441.87,7,0.0,3200.26,2241.61,Debit Card
ORD0014217,19 April 2025,CUST00900,Priya Singh,PROD0083,Paper Item 83,Office Supplies,Paper,East,Bihar,Gaya,5972.7,3,0.0,4742.52,1230.18,Cash on Delivery
ORD0012900,2025-04-03,CUST00373,Shreya Nair,PROD0096,Storage Item 96,Office Supplies,Storage,South,Tamil Nadu,Coimbatore,8497.1,7,0.2,7553.98,943.12,Credit Card
ORD0012642,2025-04-02,CUST00712,Pooja Das,PROD0011,Television Item 11,Electronics,Televisions,West,Maharashtra,Nagpur,43039.26,6,0.0,32772.24,10267.02,UPI
ORD0014270,2025-04-26,CUST00158,Rohan Das,PROD0046,Women's Wear Item 46,clothing,Women's Wear,West,Maharashtra,Nagpur,18228.14,7,,13447.07,4781.07,UPI
ORD0014016,2025-04-19,CUST00074,Vivaan Gupta,PROD0024,Chair Item 24,Furniture,Chairs,West,Rajasthan,Jaipur,94088.96,5,0.25,95698.95,-1609.99,Credit Card
ORD0012753,2025-04-28,CUST00699,Karan Das,PROD0063,Beverage Item 63,Grocery,Beverages,West,Gujarat,Ahmedabad,4247.25,7,0.25,3542.91,704.34,Debit Card
ORD0013262,2025-04-18,CUST00464,Vikram Iyer,PROD0060,Accessorie Item 60,Clothing,Accessories,West,Rajasthan,Jaipur,3142.58,7,0.0,2081.66,1060.92,Credit Card
ORD0013647,2025-04-13,CUST00749,Vikram Joshi,PROD0022,Chair Item 22,Furniture,Chairs,North,Delhi,New Delhi,26366.79,4,0.05,18134.6,8232.19,Debit Card
ORD0013828,2025-04-23,CUST00138,Neha Khan,PROD0082,Paper Item 82,Office Supplies,Paper,North,Delhi,Dwarka,5136.42,4,0.2,4535.24,601.18,Cash on Delivery
ORD0011848,2025-04-15,CUST00573,Ananya Khan,PROD0013,Headphone Item 13,Electronic,Headphones,North,Delhi,Dwarka,56970.62,6,0.15,41106.9,15863.72,Credit Card
ORD0013770,2025-04-15,CUST00712,Pooja Das,PROD0005,Laptop Item 5,Electronics,Laptops,North,Delhi,New Delhi,16267.52,1,0.0,10145.95,6121.57,Debit Card
ORD0012331,2025-04-11,CUST00884,Sanya Khan,PROD0077,Personal Care Item 77,Grocery,Personal Care,West,Maharashtra,Mumbai,293.14,1,0.2,214.24,78.9,Debit Card
ORD0012153,2025-04-21,CUST00123,Karan Verma,PROD0033,Sofa Item 33,Furniture,Sofas,East,West Bengal,Howrah,166834.7,5,0.0,111863.95,54970.75,Debit Card
ORD0012202,2025-04-03,CUST00097,Karan Nair,PROD0081,Paper Item 81,Office Supplies,Paper,East,Odisha,Cuttack,10872.26,2,0.05,8039.92,2832.34,UPI
ORD0012577,2025-04-28,CUST00803,Diya Rao,PROD0019,Camera Item 19,Electronics,Cameras,South,Tamil Nadu,Coimbatore,169740.06,3,0.0,98477.04,71263.02,Credit Card
ORD0011203,2025-04-08,CUST00857,Amit Mehta,PROD0057,Accessorie Item 57,Clothing,Accessories,North,Punjab,Ludhiana,3073.95,2,0.25,3227.72,-153.77,Credit Card
ORD0011359,2025-04-24,CUST00300,Karan Das,PROD0046,Women's Wear Item 46,Clothing,Women's Wear,East,Odisha,Cuttack,2343.62,1,0.1,1921.01,422.61,Credit Card
ORD0011340,2025-04-25,CUST00034,Sneha Nair,PROD0052,Kids Wear Item 52,Clothing,Kids Wear,East,West Bengal,Howrah,1399.34,2,0.1,914.36,484.98,UPI
ORD0012738,2025-04-18,CUST00726,Saanvi Sharma,PROD0072,Dairy Item 72,Grocery,Dairy,North,Delhi,Rohini,4581.94,6,0.05,3452.04,1129.9,UPI
ORD0014094,2025-04-15,CUST00686,Amit Nair,PROD0044,Men's Wear Item 44,Clothing,Men's Wear,East,Odisha,Bhubaneswar,9378.78,6,0.0,5275.8,4102.98,Debit Card
ORD0012062,2025-04-29,CUST00827,Vivaan Kumar,PROD0096,Storage Item 96,Office Supplies,Storage,South,Telangana,Warangal,6828.03,6,0.25,6474.84,735.04,Credit Card
ORD0012974,2025-04-16,CUST00379,Manish Reddy,PROD0091,Art Supplie Item 91,Office Supplies,Art Supplies,South,Telangana,Warangal,10246.39,7,0.05,8393.07,4087.55,Credit Card
ORD0011370,2025-04-07,CUST00815,Kavya Patel,PROD0036,Sofa Item 36,Furniture,Sofas,East,Bihar,Patna,28376.73,3,0.0,15820.41,12556.32,Net Banking
ORD0012649,2025-04-12,CUST00842,Vivaan Joshi,PROD0078,Personal Care Item 78,Grocery,Personal Care,South,Telangana,Warangal,2143.48,6,0.05,1621.56,521.92,UPI
ORD0012052,2025-04-28,CUST00218,Rahul Verma,PROD0023,,Furniture,Chairs,West,Rajasthan,Udaipur,29133.34,2,0.1,19788.5,9344.84,Cash on Delivery
ORD0012256,2025-04-10,CUST00817,Aditi Rao,PROD0054,Footwear Item 54,Clothing,Footwear,East,Bihar,Patna,-,4,0.0,9348.2,5495.2,Cash on Delivery
ORD0013927,2025-04-25,CUST00491,Pooja Mehta,PROD0019,Camera Item 19,Electronics,Cameras,East,Bihar,Gaya,282900.1,-5,0.0,164128.4,118771.7,Net Banking
ORD0012571,2025-04-28,CUST00762,Kabir Patel,PROD0001,Mobile Phone Item 1,Electronics,Mobile Phones,West,Maharashtra,Nagpur,137286.26,5,0.05,88854.55,48431.71,Net Banking
ORD0013491,2025-04-30,CUST00011,Sanya Nair,PROD0063,Beverage Item 63,Grocery,Beverages,West,Rajasthan,Jaipur,3236.0,4,0.0,2024.52,1211.48,Debit Card
ORD0013660,2025-04-20,CUST00429,Rohan Sharma,PROD0054,Footwear Item 54,Clothing,Footwear,North,Haryana,Gurugram,7421.7,2,0.0,4674.1,2747.6,Debit Card
ORD0013342,2025-04-08,CUST00203,Priya Singh,PROD0049,Kids Wear Item 49,clothing,Kids Wear,West,Rajasthan,Udaipur,13321.75,5,0.0,7334.65,5987.1,UPI
ORD0013185,2025-04-10,CUST00630,Vikram Joshi,PROD0048,Women's Wear Item 48,CLOTHING,Women's Wear,South,Tamil Nadu,Coimbatore,13384.8,4,0.1,9808.04,3576.76,Credit Card
ORD0013030,2025-04-20,CUST00558,Kabir Khan,PROD0099,Appliance Item 99,Office Supplies,Appliances,West,Gujarat,Ahmedabad,7095.38,6,0.15,6294.12,801.26,UPI
ORD0011691,2025-04-11,CUST00764,Ananya Patel,PROD0082,Paper Item 82,Office Supplies,Paper,South,Karnataka,Bengaluru,3049.75,2,0.05,2267.62,782.13,Cash on Delivery
ORD0012434,2025-04-23,CUST00495,Rohan Joshi,PROD0007,Laptop Item 7,Electronics,Laptops,East,Bihar,Gaya,379722.35,7,0.0,302312.99,77409.36,Credit Card
ORD0014359,2025-04-26,CUST00782,Rohan Rao,PROD0097,Appliance Item 97,Office Supplies,Appliances,East,West Bengal,Howrah,12648.93,7,0.0,7772.17,4876.76,Debit Card
ORD0012329,2025-04-21,CUST00322,Divya Khan,PROD0058,Accessorie Item 58,Clothing,Accessories,West,Rajasthan,Jaipur,2352.06,2,0.25,1863.8,488.26,Credit Card
ORD0012532,2025-04-14,CUST00852,Aryan Gupta,PROD0006,Laptop Item 6,Electronics,Laptops,East,Odisha,Bhubaneswar,92482.02,2,0.0,71135.1,21346.92,Debit Card
ORD0011433,2025-04-22,CUST00189,Manish Mehta,PROD0048,Women's Wear Item 48,Clothing,Women's Wear,West,Gujarat,Surat,3160.3,1,0.15,2452.01,708.29,Credit Card
ORD0013045,2025-04-09,CUST00300,Karan Das,PROD0049,Kids Wear Item 49,Clothing,Kids Wear,North,Punjab,Amritsar,14387.49,6,0.1,8801.58,5585.91,Net Banking
ORD0014292,2025-04-29,CUST00323,Shreya Nair,PROD0025,Table Item 25,Furniture,Tables,East,Bihar,Patna,30710.47,1,0.0,19495.94,32329.79,UPI
ORD0011576,2025-04-07,CUST00589,Ananya Gupta,PROD0079,Personal Care Item 79,Groceries,Personal Care,West,Rajasthan,Udaipur,4935.96,5,0.1,3294.1,1641.86,Credit Card
ORD0012780,2025-04-18,CUST00340,Sanya Rao,PROD0018,Camera Item 18,Electronics,Cameras,South,Telangana,Warangal,245083.91,7,0.25,196623.77,48460.14,Credit Card
ORD0012883,2025-04-05,CUST00554,Rohan Rao,PROD0093,Storage Item 93,Office Supplies,Storage,North,Haryana,Gurugram,10568.54,2,0.1,8645.62,1922.92,Net Banking
ORD0013005,2025-04-08,CUST00235,Kabir Rao,PROD0048,Women's Wear Item 48,Clothing,Women's Wear,North,Delhi,Dwarka,7436.0,2,0.0,4904.02,2531.98,Net Banking
ORD0014124,2025-04-22,CUST00220,Aditi Reddy,PROD0067,Snack Item 67,grocery,Snacks,North,Haryana,Gurugram,4224.55,7,0.05,3454.22,770.33,Debit Card
ORD0011593,2025-04-25,CUST00512,Amit Chatterjee,PROD0012,Television Item 12,Electronics,Televisions,North,Punjab,Amritsar,150320.96,4,0.0,103058.72,47262.24,Credit Card
ORD0012863,2025-04-26,CUST00299,Pooja Joshi,PROD0053,Footwear Item 53,Clothing,Footwear,North,Haryana,Gurugram,9897.94,5,0.25,8554.9,1343.04,Debit Card
ORD0011929,2025-04-11,CUST00717,Kabir Singh,PROD0095,Storage Item 95,Office Supplies,Storage,South,Tamil Nadu,Coimbatore,20549.13,7,0.0,13646.92,6902.21,Debit Card
ORD0012172,2025-04-17,CUST00237,Neha Khan,PROD0082,Paper Item 82,Office Supplies,Paper,East,Bihar,Patna,4574.62,3,0.05,3401.43,1173.19,Net Banking
ORD0013636,2025-04-21,CUST00794,Nikhil Verma,PROD0008,Laptop Item 8,Electronics,Laptops,West,Gujarat,Surat,58968.45,1,0.0,46481.87,12486.58,Cash on Delivery
ORD0011940,2025-04-05,CUST00193,Aarav Verma,PROD0034,Sofa Item 34,Furniture,Sofas,East,Bihar,Gaya,175348.06,7,0.25,138149.55,37198.51,Cash on Delivery
ORD0013030,2025-04-20,CUST00558,Kabir Khan,PROD0099,Appliance Item 99,Office Supplies,Appliances,West,Gujarat,Ahmedabad,7095.38,6,0.15,6294.12,801.26,UPI
ORD0012973,2025-04-07,CUST00615,Ishaan Iyer,PROD0027,Table Item 27, Furniture,Tables,North,Haryana,Gurugram,18344.08,2,0.0,10828.76,7515.32,Net Banking
ORD0012293,2025-04-11,CUST00829,Divya Chatterjee,PROD0042,Men's Wear Item 42,CLOTHING,Men's Wear,West,Gujarat,Surat,2891.77,1,0.05,2030.91,860.86,Credit Card
ORD0012848,2025-04-20,CUST00804,Ishaan Kumar,PROD0058,Accessorie Item 58,Clothing,Accessories,North,Haryana,Faridabad,10976.28,7,0.0,6523.3,4452.98,Credit Card
ORD0011491,2025-04-18,CUST00709,Riya Khan,PROD0033,Sofa Item 33,Furniture,Sofas,North,Delhi,New Delhi,186854.86,7,0.2,156609.53,30245.33,UPI
ORD0014223,2025-04-13,CUST00832,Kabir Singh,PROD0044,Men's Wear Item 44,Clothing,Men's Wear,East,West Bengal,Howrah,5002.02,4,0.2,3517.2,1484.82,Credit Card
ORD0014013,2025-04-09,CUST00381,Kabir Singh,PROD0008,Laptop Item 8,Electronics,Laptops,East,Bihar,Gaya,58968.45,1,0.0,46481.87,12486.58,Debit Card
ORD0012964,2025-04-15,CUST00681,Aditi Verma,PROD0096,Storage Item 96,Office Supplies,Storage,West,Gujarat,Surat,4552.02,3,0.0,3237.42,1314.6,Net Banking
ORD0014447,2025-04-13,CUST00377,Aditi Rao,PROD0030,Bookcase Item 30,Furnitures,Bookcases,East,West Bengal,Kolkata,123051.53,7,0.0,83974.87,39076.66,UPI
ORD0012082,2025-04-23,CUST00280,Shreya Chatterjee,PROD0039,Storage Unit Item 39,Furniture,Storage Units,North,Haryana,Gurugram,42593.87,five,0.15,32577.45,10016.42,UPI
ORD0012612,2025-04-18,CUST00206,Kabir Gupta,PROD0012,Television Item 12,Electronics,Televisions,West,Maharashtra,Nagpur,187901.2,5,0.0,128823.4,59077.8,Net Banking
ORD0012703,2025-04-10,CUST00701,Divya Gupta,PROD0085,Binder Item 85,Office Supplies,Binders,North,Punjab,Amritsar,675.56,3,0.05,462.24,213.32,Cash on Delivery
ORD0012390,05/04/2025,CUST00756,Arjun Gupta,PROD0049,Kids Wear Item 49,Clothing,Kids Wear,North,Delhi,Dwarka,1998.26,1,0.25,1466.93,531.33,Net Banking
ORD0012978,2025-04-27,CUST00506,Saanvi Joshi,PROD0059,Accessorie Item 59,Clothing,Accessories,West,Rajasthan,Udaipur,16853.7,6,0.0,12834.12,4019.58,Credit Card
ORD0012593,2025-04-27,CUST00158,Rohan Das,PROD0082,Paper Item 82,Office Supplies,Paper,South,Tamil Nadu,Chennai,9630.78,6,0.0,6802.86,2827.92,Net Banking
ORD0014288,2025-04-04,CUST00554,Rohan Rao,PROD0083,Paper Item 83,Office Supplies,Paper,West,Gujarat,Surat,11945.4,6,0.0,9485.04,2460.36,Credit Card
ORD0013109,2025-04-23,CUST00801,Ananya Mehta,PROD0094,Storage Item 94,Office Supplies,Storage,West,Maharashtra,Nagpur,7839.62,2,0.15,6831.06,1008.56,Credit Card
ORD0011835,2025-04-22,CUST00687,Rahul Reddy,PROD0013,Headphone Item 13,Electronics,Headphones,South,Tamil Nadu,Chennai,8936.57,1,0.2,6851.15,2085.42,Debit Card
ORD0012030,2025-04-08,CUST00458,Pooja Khan,PROD0013,Headphone Item 13,Electronics,Headphones,South,Telangana,Hyderabad,66465.72,7,0.15,47958.05,18507.67,Credit Card
ORD0014395,2025-04-24,CUST00896,Pooja Rao,PROD0038,Storage Unit Item 38,Furniture,Storage Units,North,Delhi,Dwarka,58982.15,5,0.0,41407.35,38833.14,Credit Card
ORD0013404,2025-04-23,CUST00503,Diya Rao,PROD0026,Table Item 26,Furniture,Tables,North,Haryana,Gurugram,42648.93,3,0.25,34807.29,7841.64,Cash on Delivery
ORD0013412,2025-04-22,CUST00677,Priya Rao,PROD0024,Chair Item 24,Furniture,Chairs,South,Telangana,Hyderabad,106634.16,5,0.15,95698.95,10935.21,Debit Card
ORD0012179,2025-04-17,CUST00150,Saanvi Sharma,PROD0040,Storage Unit Item 40,Furniture,Storage Units,East,Odisha,Bhubaneswar,18990.5,1,0.0,11333.72,7656.78,Net Banking
ORD0012665,2025-04-01,CUST00506,Saanvi Joshi,PROD0033,Sofa Item 33,Furniture,Sofas,North,Punjab,Amritsar,25025.2,1,0.25,22372.79,2652.41,UPI
ORD0011616,2025-04-01,CUST00511,Vivaan Verma,PROD0075,Staple Item 75,Grocery,Staples,South,Karnataka,Mysuru,6186.33,7,0.15,4451.79,1734.54,UPI
ORD0012847,2025-04-05,CUST00721,Shreya Singh,PROD0097,Appliance Item 97,Office Supplies,Appliances,South,Karnataka,Bengaluru,12648.93,7,0.0,7772.17,4876.76,Debit Card
ORD0012597,03 April 2025,CUST00601,Amit Khan,PROD0033,Sofa Item 33,Furniture,Sofas,West,Maharashtra,Pune,31698.59,1,0.05,22372.79,9325.8,UPI
ORD0014408,2025-04-30,CUST00055,Priya Mehta,PROD0052,Kids Wear Item 52,Clothing,Kids Wear,South,Tamil Nadu,Chennai,5441.87,7,0.0,3200.26,2241.61,UPI
ORD0013547,2025-04-15,CUST00486,,PROD0023,Chair Item 23,Furniture,Chairs,West,Maharashtra,Nagpur,24277.78,2,0.25,19788.5,4489.28,Debit Card
ORD0011885,2025-04-18,CUST00578,Ananya Kumar,PROD0066,Snack Item 66,Groceries,Snacks,East,Bihar,Gaya,4176.54,6,0.0,3048.66,1127.88,Net Banking
ORD0012090,2025-04-23,CUST00601,Amit Khan,PROD0068,Snack Item 68,Grocery ,Snacks,West,Gujarat,Surat,1703.04,4,0.2,1515.2,187.84,UPI
ORD0013853,2025-04-21,CUST00561,Aarav Verma,PROD0025,Table Item 25,Furniture,Tables,South,Tamil Nadu,Chennai,161229.97,7,0.25,136471.58,24758.39,UPI
ORD0012652,2025-04-10,CUST00462,Rahul Patel,PROD0088,Binder Item 88,Office Supplies,Binders,West,Rajasthan,Udaipur,25692.55,5,0.0,16200.55,9492.0,Debit Card
ORD0014301,2025-04-11,CUST00759,Priya Sharma,PROD0028,Table Item 28,Furniture,Tables,West,Gujarat,Ahmedabad,32948.65,1,0.0,25436.27,7512.38,Credit Card
ORD0011595,2025-04-16,CUST00265,Sneha Rao,PROD0019,Camera Item 19,Electronics,Cameras,West,Maharashtra,Pune,56580.02,1,0.0,32825.68,23754.34,UPI
ORD0014144,2025-04-01,CUST00809,Shreya Singh,PROD0043,Men's Wear Item 43,Clothing,Men's Wear,East,West Bengal,Kolkata,4544.66,7,0.25,4727.45,-182.79,UPI
ORD0012982,2025-04-28,CUST00405,Kavya Malhotra,PROD0070,Dairy Item 70,GROCERY,Dairy,East,Odisha,Cuttack,2641.28,5,0.05,1616.6,1024.68,Net Banking
ORD0012686,2025-04-30,CUST00896,Pooja Rao,PROD0056,Footwear Item 56,Clothing,Footwear,East,Bihar,Patna,10418.92,4,0.05,7676.28,2742.64,Credit Card
ORD0013096,2025-04-04,CUST00371,Nikhil Joshi,PROD0085,Binder Item 85,Office Supplies,Binders,West,Rajasthan,Udaipur,201.48,1,0.15,154.08,47.4,UPI
ORD0012071,2025-04-21,CUST00580,Kavya Nair,PROD0002,Mobile Phone Item 2,Electronics,Mobile Phones,West,Rajasthan,Jaipur,28998.41,7,0.0,19439.77,9558.64,Net Banking
ORD0014255,2025-04-05,CUST00391,Amit Das,PROD0057,Accessorie Item 57,Clothing,Accessories,South,Tamil Nadu,Chennai,7787.34,4,0.05,6455.44,1331.9,Credit Card
ORD0011479,2025-04-06,CUST00411,Aarav Das,PROD0064,Beverage Item 64,Grocery,Beverages,South,Tamil Nadu,Chennai,5812.32,6,0.15,4387.14,1425.18,Credit Card
ORD0011923,2025-04-30,CUST00107,Shreya Khan,PROD0013,Headphone Item 13,Electronic,Headphones,East,Bihar,Patna,55853.55,-5,0.0,34255.75,21597.8,UPI
ORD0014302,2025-04-17,CUST00009,Sanya Patel,PROD0017,Camera Item 17,Electronics,Cameras,West,Rajasthan,Udaipur,80588.86,4,0.2,74545.08,6043.78,Debit Card
ORD0013524,2025-04-05,CUST00175,Kabir Patel,PROD0088,Binder Item 88,Office Supplies,Binders,South,Tamil Nadu,Coimbatore,4367.73,1,0.15,3240.11,1127.62,Credit Card
ORD0012813,2025-04-14,CUST00482,Divya Gupta,PROD0025,Table Item 25,Furniture,Tables,East,Odisha,Cuttack,204224.63,7,0.05,136471.58,67753.05,UPI
ORD0014357,2025-04-17,CUST00888,Shreya Patel,PROD0062,Beverage Item 62,Grocery,Beverages,West,Gujarat,Ahmedabad,5357.61,6,0.25,4877.94,479.67,Net Banking
ORD0014041,2025-04-14,CUST00340,Sanya Rao,PROD0074,Staple Item 74,Grocery,Staples,West,Rajasthan,Udaipur,221.98,1,0.2,206.59,15.39,UPI
ORD0014464,2025-04-12,CUST00290,Amit Verma,PROD0088,Binder Item 88,Office Supplies,Binders,East,Odisha,Bhubaneswar,30831.06,6,0.0,19440.66,11390.4,Net Banking
ORD0011436,08 April 2025,CUST00328,Vikram Singh,PROD0023,Chair Item 23,Furniture,Chairs,West,Rajasthan,Jaipur,87400.03,6,0.1,59365.5,28034.53,Net Banking
ORD0012854,2025-04-22,CUST00193,Aarav Verma,PROD0075,Staple Item 75,Grocery,Staples,South,Tamil Nadu,Coimbatore,4678.74,6,0.25,3815.82,862.92,Credit Card
ORD0013673,2025-04-21,CUST00602,Pallavi Joshi,PROD0059,Accessorie Item 59,Clothing,Accessories,South,Telangana,Hyderabad,8426.85,3,0.0,6417.06,2009.79,Net Banking
ORD0014491,2025-04-02,CUST00128,Riya Patel,PROD0079,Personal Care Item 79,Groceries,Personal Care,East,Odisha,Bhubaneswar,1096.88,1,0.0,658.82,438.06,UPI
ORD0012765,2025-04-18,CUST00235,Kabir Rao,PROD0065,Snack Item 65,Grocery,Snacks,West,Gujarat,Surat,2293.19,3,0.15,1755.72,537.47,UPI
ORD0013710,2025-04-27,CUST00062,Riya Khan,PROD0072,Dairy Item 72,Grocery,Dairy,East,West Bengal,Howrah,4823.1,6,0.0,3452.04,1371.06,UPI
ORD0013060,22 April 2025,CUST00255,Saanvi Gupta,PROD0076,Staple Item 76,Grocery,Staples,West,Gujarat,Surat,695.33,1,0.15,476.37,218.96,Debit Card
ORD0013666,2025-04-09,CUST00828,Ishaan Gupta,PROD0096,Storage Item 96,Office Supplies,Storage,North,Delhi,Rohini,4552.02,3,0.0,3237.42,1314.6,UPI
ORD0011914,2025-04-17,CUST00885,Aditi Gupta,PROD0040,Storage Unit Item 40,Furniture,Storage Units,East,Odisha,Bhubaneswar,14242.88,1,0.25,11333.72,2909.16,Net Banking
ORD0013041,2025-04-03,CUST00245,Manish Kumar,PROD0050,Kids Wear Item 50,Clothing,Kids Wear,North,Delhi,Rohini,11926.38,3,0.0,7397.04,4529.34,UPI
ORD0011276,2025-04-08,CUST00108,Manish Iyer,PROD0061,Beverage Item 61,Grocery,Beverages,North,Punjab,Ludhiana,1722.18,2,0.2,1587.42,134.76,Credit Card
ORD0011957,2025-04-19,CUST00367,Sneha Joshi,PROD0086,Binder Item 86,Office Supplies,Binders,East,Odisha,Cuttack,4210.5,1,0.2,3697.65,512.85,UPI
ORD0013410,2025-04-20,CUST00001,Aditi Joshi,PROD0084,Paper Item 84,Office Supplies,Paper,West,Rajasthan,Jaipur,12290.45,5,0.0,8865.8,3424.65,Debit Card
ORD0013156,2025-04-12,CUST00405,Kavya Malhotra,PROD0001,Mobile Phone Item 1,Electronics,Mobile Phones,West,Maharashtra,Mumbai,202316.59,7,0.0,124396.37,77920.22,UPI
ORD0011643,06-Apr-2025,CUST00820,Kabir Iyer,PROD0021,Chair Item 21,Furniture,Chairs,North,Punjab,Amritsar,39389.04,4,0.0,29999.48,20899.98,Credit Card
ORD0014053,2025-04-21,CUST00223,Sanya Das,PROD0075,Staple Item 75,Grocery,Staples,South,Telangana,Warangal,6238.32,6,0.0,3815.82,2422.5,UPI
ORD0013061,2025-04-12,CUST00368,Meera Das,PROD0045,Women's Wear Item 45,Clothing,Women's Wear,South,Tamil Nadu,Coimbatore,8226.17,7,0.25,8211.0,15.17,Debit Card
ORD0012796,2025-04-09,CUST00467,Rohan Das,PROD0047,Women's Wear Item 47,Clothing,Women's Wear,North,Punjab,Ludhiana,3236.45,1,0.0,1951.54,1284.91,Credit Card
ORD0012260,2025-04-25,CUST00299,Pooja Joshi,PROD0031,Bookcase Item 31,Furniture,Bookcases,South,Telangana,Hyderabad,81390.18,5,0.15,63066.95,18323.23,Debit Card
ORD0013558,25/04/2025,CUST00296,Nikhil Rao,PROD0024,Chair Item 24,Furniture,Chairs,North,Punjab,Amritsar,25090.39,1,0.0,19139.79,5950.6,UPI
ORD0011298,2025-04-23,CUST00669,Riya Iyer,PROD0042,Men's Wear Item 42,Clothing,Men's Wear,East,Bihar,Gaya,21307.79,7,0.0,14216.37,7091.42,UPI
ORD0012506,2025-04-21,CUST00445,Aarav Iyer,PROD0036,Sofa Item 36,Furniture,Sofas,North,Punjab,Ludhiana,14188.36,2,0.25,10546.94,3641.42,Net Banking
ORD0013089,2025-04-21,CUST00773,Meera Kumar,PROD0015,Headphone Item 15,Electronics,Headphones,South,Tamil Nadu,Coimbatore,114167.46,4,0.2,104717.6,9449.86,UPI
ORD0011699,2025-04-13,CUST00348,Aditi Iyer,PROD0048,Women's Wear Item 48,Clothing,Women's Wear,South,Karnataka,Bengaluru,2974.4,1,0.2,2452.01,522.39,Net Banking
ORD0012089,2025-04-06,CUST00642,Kavya Joshi,PROD0048,Women's Wear Item 48,Clothing,Women's Wear,North,Delhi,Rohini,10038.6,3,0.1,7356.03,2682.57,UPI
ORD0013825,2025-04-21,CUST00282,Priya Patel,PROD0070,Dairy Item 70,Grocery,Dairy,West,Gujarat,Ahmedabad,3113.94,7,0.2,2263.24,1924.29,UPI
ORD0013898,2025-04-13,CUST00812,Sneha Sharma,PROD0032,Bookcase Item 32,Furniture,Bookcases,South,Karnataka,Mysuru,15918.06,3,0.0,9255.0,6663.06,UPI
ORD0012692,2025-04-12,,Amit Verma,PROD0021,Chair Item 21,Furniture,Chairs,East,Odisha,Cuttack,46774.48,5,0.05,37499.35,9275.13,Net Banking
ORD0011239,28/04/2025,CUST00204,Rahul Patel,PROD0007,Laptop Item 7,Electronics,Laptops,South,Tamil Nadu,Coimbatore,51533.75,1,0.05,43187.57,8346.18,Cash on Delivery
ORD0014022,2025-04-06,CUST00161,Ananya Verma,PROD0099,Appliance Item 99,Office Supplies,Appliances,South,Karnataka,Bengaluru,5286.75,4,0.05,4196.08,1090.67,Credit Card
ORD0012215,2025-04-28,CUST00015,Vikram Khan,PROD0080,Personal Care Item 80,Grocery,Personal Care,North,Haryana,Faridabad,3636.31,6,0.1,2930.64,705.67,Net Banking
ORD0013421,2025-04-17,CUST00260,Priya Kumar,PROD0018,Camera Item 18,Electronics,Cameras,North,Delhi,Rohini,44348.52,1,0.05,28089.11,16259.41,UPI
ORD0014396,2025-04-20,CUST00794,Nikhil Verma,PROD0038,Storage Unit Item 38,Furniture,Storage Units,South,Tamil Nadu,Coimbatore,35389.29,4,0.25,33125.88,2263.41,Cash on Delivery
ORD0012245,2025-04-18,CUST00626,Rohan Reddy,PROD0066,Snack Item 66,Grocery,Snacks,West,Maharashtra,Pune,2088.27,3,0.0,1524.33,563.94,UPI
ORD0013781,22 April 2025,CUST00495,Rohan Joshi,PROD0051,Kids Wear Item 51,Clothing,Kids Wear,West,Maharashtra,Mumbai,1059.26,2,0.0,703.94,355.32,Credit Card
ORD0014188,2025-04-13,CUST00299,Pooja Joshi,PROD0072,Dairy Item 72,Grocery,Dairy,North,Delhi,Dwarka,2411.55,3,0.0,1726.02,685.53,UPI
ORD0013379,2025-04-16,,Rohan Nair,PROD0004,Mobile Phone Item 4,Electronics,Mobile Phones,West,Maharashtra,Nagpur,152435.65,5,0.0,88057.95,64377.7,Net Banking
ORD0012036,2025-04-27,CUST00497,Kabir Reddy,PROD0097,Appliance Item 97,Office Supplies,Appliances,North,Haryana,Faridabad,9757.75,6,0.1,6661.86,3095.89,Credit Card
ORD0012458,2025-04-03,CUST00745,Diya Singh,PROD0061,Beverage Item 61,Grocery,Beverages,North,Punjab,Amritsar,5489.44,6,0.15,4762.26,727.18,UPI
ORD0014208,2025-04-05,CUST00259,Amit Verma,PROD0065,Snack Item 65,Grocery,Snacks,North,Delhi,New Delhi,3597.16,4,,2340.96,1256.2,UPI
ORD0013921,26 April 2025,CUST00136,Saanvi Sharma,PROD0004,Mobile Phone Item 4,Electronics,Mobile Phones,South,Telangana,Hyderabad,213409.91,7,0.0,123281.13,90128.78,UPI
ORD0013220,2025-04-25,CUST00127,Kabir Nair,PROD0097,Appliance Item 97,OfficeSupplies,Appliances,South,Karnataka,Bengaluru,11384.04,7,0.1,7772.17,3611.87,Debit Card
ORD0011452,2025-04-03,CUST00673,Kabir Malhotra,PROD0100,Appliance Item 100,Office Supplies,Appliances,South,Tamil Nadu,Chennai,13202.27,3,0.15,9193.83,4008.44,Credit Card
ORD0011461,2025-04-29,CUST00235,Kabir Rao,PROD0097,Appliance Item 97,Office Supplies,Appliances,South,Tamil Nadu,Coimbatore,7227.96,5,0.2,5551.55,1676.41,Credit Card
ORD0014484,2025-04-09,CUST00668,Vikram Malhotra,PROD0084,Paper Item 84,Office Supplies,Paper,South,Tamil Nadu,Coimbatore,7374.27,4,0.25,7092.64,281.63,UPI
ORD0013602,2025-04-16,CUST00658,Sneha Iyer,PROD0081,Paper Item 81,Office Supplies,Paper,North,Punjab,Amritsar,29183.42,6,0.15,24119.76,5063.66,Debit Card
ORD0011656,2025-04-16,CUST00451,Aarav Sharma,PROD0090,Art Supplie Item 90,OfficeSupplies,Art Supplies,West,Gujarat,Surat,20681.95,6,0.1,14558.46,6123.49,Debit Card
ORD0011627,2025-04-24,CUST00235,Kabir Rao,PROD0040,Storage Unit Item 40,Furniture,Storage Units,West,Maharashtra,Nagpur,85457.25,6,0.25,68002.32,17454.93,Credit Card
ORD0013001,2025-04-21,CUST00259,Amit Verma,PROD0009,Television Item 9,Electronics,Televisions,West,Maharashtra,Pune,5131.44,1,0.1,3332.29,1799.15,Debit Card
ORD0014498,2025-04-24,CUST00687,Rahul Reddy,PROD0063,Beverage Item 63,Grocery,Beverages,North,Punjab,Ludhiana,4813.55,7,0.15,3542.91,1270.64,Debit Card
ORD0011708,2025-04-30,CUST00114,Nikhil Kumar,PROD0089,Art Supplie Item 89,Office Supplies,Art Supplies,North,Haryana,Gurugram,15735.99,5,0.05,11138.7,4597.29,Debit Card
ORD0013501,2025-04-15,CUST00137,Ishaan Malhotra,PROD0049,Kids Wear Item 49,Clothing,Kids Wear,South,Telangana,Warangal,4262.96,2,0.2,2933.86,1329.1,Credit Card
ORD0013486,2025-04-24,CUST00125,Shreya Sharma,PROD0064,Beverage Item 64,Grocery,Beverages,West,Maharashtra,Nagpur,3419.01,4,0.25,2924.76,494.25,Cash on Delivery
ORD0011415,2025-04-20,CUST00470,Rahul Singh,PROD0046,Women's Wear Item 46,Apparel,Women's Wear,North,Delhi,Rohini,2083.22,1,0.2,1921.01,162.21,Credit Card
ORD0012516,2025-04-23,CUST00527,Sanya Malhotra,PROD0075,Staple Item 75,Grocery,Staples,West,Maharashtra,Pune,1871.5,2,0.1,1271.94,599.56,UPI
ORD0014247,2025-04-04,CUST00162,Karan Rao,PROD0072,Dairy Item 72,Grocery,Dairy,South,Tamil Nadu,Chennai,5626.95,7,0.0,4027.38,1599.57,Debit Card
ORD0013929,2025-04-29,CUST00643,Kavya Sharma,PROD0090,Art Supplie Item 90,Office Supplies,Art Supplies,West,Gujarat,Surat,10340.97,3,0.1,7279.23,3061.74,Net Banking
ORD0012906,2025-04-01,CUST00750,Priya Chatterjee,PROD0029,Bookcase Item 29,Furniture,Bookcases,South,Tamil Nadu,Chennai,109542.68,4,0.0,74425.0,35117.68,UPI
ORD0012487,2025-04-29,CUST00663,Divya Gupta,PROD0009,Television Item 9,Electronics,Televisions,South,Telangana,Warangal,20525.76,4,0.1,13329.16,7196.6,Debit Card
ORD0011322,2025-04-09,CUST00048,Amit Iyer,PROD0004,Mobile Phone Item 4,Electronics,Mobile Phones,East,West Bengal,Howrah,82315.25,3,0.1,52834.77,29480.48,UPI
ORD0011771,24/04/2025,CUST00092,Priya Mehta,PROD0077,Personal Care Item 77,Grocery,Personal Care,North,Haryana,Gurugram,2198.58,6,0.0,1285.44,913.14,UPI
ORD0011726,2025-04-16,CUST00720,Ananya Malhotra,PROD0006,Laptop Item 6,Electronics,Laptops,East,Bihar,Gaya,92482.02,2,0.0,71135.1,21346.92,Credit Card
ORD0011408,2025-04-22,CUST00074,Vivaan Gupta,PROD0011,Television Item 11,Electronics,Televisions,East,Odisha,Bhubaneswar,22954.27,4,0.2,21848.16,1106.11,Credit Card
ORD0013767,2025-04-07,CUST00190,Kavya Iyer,PROD0089,Art Supplie Item 89,Office Supplies,Art Supplies,South,Telangana,Warangal,9938.52,4,0.25,8910.96,1027.56,UPI
ORD0012211,2025-04-17,CUST00575,Aryan Chatterjee,PROD0024,Chair Item 24,Furniture,Chairs,North,Punjab,Ludhiana,75271.17,3,0.0,57419.37,17851.8,Credit Card
ORD0011705,2025-04-06,CUST00565,Vikram Das,PROD0079,Personal Care Item 79,Grocery,Personal Care,North,Haryana,Gurugram,5210.18,5,0.05,3294.1,1916.08,UPI
ORD0012217,2025-04-15,CUST00645,Diya Kumar,PROD0009,Television Item 9,Electronic,Televisions,East,West Bengal,Kolkata,24231.8,5,0.15,16661.45,7570.35,UPI
ORD0013500,2025-04-17,CUST00330,Aditi Iyer,PROD0031,Bookcase Item 31,Furniture,Bookcases,West,Gujarat,Surat,114903.78,6,0.0,75680.34,39223.44,Net Banking
ORD0011272,04-10-2025,CUST00099,Arjun Verma,PROD0047,Women's Wear Item 47,Clothing,Women's Wear,East,Odisha,Cuttack,9709.35,3,0.0,5854.62,3854.73,UPI
ORD0012919,2025-04-08,CUST00218,Rahul Verma,PROD0050,Kids Wear Item 50,Clothing,Kids Wear,South,Tamil Nadu,Chennai,7553.37,2,0.05,4931.36,2622.01,Net Banking
ORD0012316,2025-04-01,CUST00425,Nikhil Kumar,PROD0027,Table Item 27,Furnitures,Tables,East,West Bengal,Kolkata,41274.18,5,0.1,27071.9,14202.28,UPI
ORD0013018,2025-04-27,CUST00579,Diya Chatterjee,PROD0041,Men's Wear Item 41,Clothing,Men's Wear,North,Punjab,Ludhiana,14248.19,4,0.1,11945.96,2302.23,Credit Card
ORD0011799,2025-04-18,CUST00482,Divya Gupta,PROD0004,Mobile Phone Item 4,Electronic,Mobile Phones,West,Maharashtra,Mumbai,54876.83,2,0.1,35223.18,19653.65,Credit Card
ORD0012334,2025-04-17,CUST00367,Sneha Joshi,PROD0045,Women's Wear Item 45,Clothing,Women's Wear,West,Maharashtra,Nagpur,6267.56,4,0.0,4692.0,1575.56,Credit Card
ORD0013693,2025-04-28,CUST00722,Rajesh Reddy,PROD0053,Footwear Item 53,Clothing,Footwear,East,Odisha,Bhubaneswar,14780.92,7,0.2,11976.86,2804.06,UPI
ORD0011886,2025-04-03,CUST00370,Manish Rao,PROD0062,Beverage Item 62,Grocery,Beverages,North,Delhi,Dwarka,6250.54,-7,0.25,5690.93,559.61,UPI
ORD0012677,2025-04-21,CUST00498,Sanya Das,PROD0051,Kids Wear Item 51,Clothing,Kids Wear,North,Haryana,Gurugram,2118.52,5,,1759.85,358.67,Debit Card
ORD0011672,16-Apr-2025,CUST00614,Diya Malhotra,PROD0041,Men's Wear Item 41,Clothing,Men's Wear,West,Maharashtra,Nagpur,15039.75,4,0.05,11945.96,3093.79,Credit Card
ORD0012828,2025-04-24,CUST00887,Arjun Reddy,PROD0044,Men's Wear Item 44,Clothing,Men's Wear,South,Karnataka,Bengaluru,10394.81,7,0.05,6155.1,4239.71,UPI
ORD0014474,09-Apr-2025,CUST00106,Rohan Mehta,PROD0079,Personal Care Item 79,Grocery,Personal Care,West,Gujarat,Surat,2193.76,2,0.0,1317.64,876.12,Credit Card
ORD0014122,2025-04-07,CUST00159,Tanvi Mehta,PROD0046,Women's Wear Item 46,Clothing,Women's Wear,South,Telangana,Warangal,14582.51,7,0.2,13447.07,1135.44,UPI
ORD0012800,2025-04-08,CUST00209,Pallavi Verma,PROD0060,Accessorie Item 60,Clothing,Accessories,West,Gujarat,Surat,3142.58,7,0.0,2081.66,1060.92,UPI
ORD0011702,2025-04-27,CUST00743,Neha Chatterjee,PROD0091,Art Supplie Item 91,Office Supplies,Art Supplies,West,Gujarat,Ahmedabad,1309.69,1,0.15,1199.01,110.68,Net Banking
ORD0013051,2025-04-09,CUST00358,Sneha Joshi,PROD0076,Staple Item 76,Groceries,Staples,South,Tamil Nadu,Coimbatore,5153.59,7,0.1,3334.59,1819.0,Cash on Delivery
ORD0013517,2025-04-15,CUST00166,Vikram Nair,PROD0099,Appliance Item 99,Office Supplies,Appliances,East,West Bengal,Howrah,4173.75,4,0.25,4196.08,-22.33,Credit Card
ORD0011911,2025-04-27,CUST00849,Priya Patel,PROD0014,Headphone Item 14,Electronics,Headphones,North,Delhi,Dwarka,43513.0,4,0.0,33199.68,10313.32,Debit Card
ORD0013605,2025-04-18,CUST00712,Pooja Das,PROD0097,Appliance Item 97,Office Supplies,Appliances,North,Punjab,Ludhiana,5420.97,3,0.0,3330.93,2090.04,Credit Card
ORD0011533,2025-04-18,CUST00480,Pallavi Reddy,PROD0075,Staple Item 75,GROCERY,Staples,East,Odisha,Cuttack,2079.44,2,0.0,1271.94,807.5,Credit Card
ORD0011784,15 April 2025,CUST00404,Vikram Verma,PROD0031,Bookcase Item 31,Furniture,Bookcases,West,Maharashtra,Nagpur,76602.52,4,0.0,50453.56,26148.96,Cash on Delivery
ORD0013939,2025-04-20,CUST00529,Rahul Joshi,PROD0046,Women's Wear Item 46,Clothing,Women's Wear,North,Punjab,Amritsar,14842.91,6,0.05,11526.06,8122.13,Credit Card
ORD0013187,2025-04-27,CUST00607,Rahul Chatterjee,PROD0024,Chair Item 24,Furniture,Chairs,South,Tamil Nadu,Chennai,20072.31,1,0.2,19139.79,932.52,Credit Card
ORD0012315,2025-04-11,CUST00389,Neha Verma,PROD0100,Appliance Item 100,Office Supplies,Appliances,South,Karnataka,Mysuru,5177.36,1,0.0,3064.61,2112.75,UPI
ORD0013526,2025-04-17,CUST00636,Kavya Verma,PROD0023,Chair Item 23,Furniture,Chairs,East,Bihar,Patna,32370.38,2,0.0,19788.5,12581.88,Debit Card
ORD0013932,2025-04-21,CUST00408,Shreya Chatterjee,PROD0037,Storage Unit Item 37,Furniture,Storage Units,South,Tamil Nadu,Chennai,9736.4,two,0.0,7586.72,2149.68,Debit Card
ORD0013323,2025-04-26,CUST00219,Pooja Rao,PROD0024,Chair Item 24,Furniture,Chairs,East,Bihar,Gaya,63980.49,3,0.15,57419.37,6561.12,Credit Card
ORD0011805,2025-04-12,CUST00749,Vikram Joshi,PROD0052,Kids Wear Item 52,Clothing,Kids Wear,West,Maharashtra,Pune,777.41,1,0.0,457.18,320.23,Credit Card
ORD0012408,2025-04-27,CUST00468,Rahul Malhotra,PROD0048,Women's Wear Item 48,Clothing,Women's Wear,South,Tamil Nadu,Chennai,7436.0,2,0.0,4904.02,2531.98,UPI
ORD0011751,2025-04-03,CUST00316,Manish Nair,PROD0018,Camera Item 18,Electronics,Cameras,East,Bihar,Patna,245083.91,7,0.25,196623.77,48460.14,Credit Card
ORD0013904,2025-04-13,CUST00490,Arjun Kumar,PROD0062,Beverage Item 62,Grocery,Beverages,South,Tamil Nadu,Coimbatore,4047.97,4,0.15,3251.96,796.01,Debit Card
ORD0014180,2025-04-17,CUST00360,Rohan Kumar,PROD0097,Appliance Item 97,Office Supplies,Appliances,East,Odisha,Bhubaneswar,8131.46,5,0.1,5551.55,2579.91,UPI
ORD0013453,2025-04-04,CUST00843,Arjun Singh,PROD0068,Snack Item 68,Groceries,Snacks,North,Punjab,Ludhiana,3725.4,7,0.0,2651.6,1073.8,UPI
ORD0013212,2025-04-11,CUST00663,Divya Gupta,PROD0053,Footwear Item 53,Apparel,Footwear,North,Punjab,Ludhiana,5014.95,2,0.05,3421.96,1592.99,UPI
ORD0011999,04-12-2025,CUST00142,Aryan Khan,PROD0056,Footwear Item 56,Clothing,Footwear,South,Tamil Nadu,Chennai,5483.64,2,0.0,3838.14,1645.5,Debit Card
ORD0012643,2025-04-03,CUST00748,Neha Reddy,PROD0011,Television Item 11,Electronics,Televisions,East,West Bengal,Kolkata,7173.21,1,0.0,5462.04,1711.17,Credit Card
ORD0013630,2025-04-20,CUST00652,Aryan Rao,PROD0008,Laptop Item 8,Electronics,Laptops,North,Haryana,Faridabad,294842.25,5,0.0,232409.35,62432.9,Debit Card
ORD0012122,2025-04-24,CUST00327,Meera Joshi,PROD0067,Snack Item 67,Grocery,Snacks,South,Telangana,Warangal,2699.9,5,0.15,2467.3,232.6,Debit Card
ORD0014352,2025-04-19,CUST00528,Aditi Malhotra,PROD0059,Accessorie Item 59,clothing,Accessories,West,Gujarat,Ahmedabad,5337.0,2,0.05,4278.04,1058.96,UPI
ORD0014478,2025-04-03,CUST00019,Divya Chatterjee,PROD0045,Women's Wear Item 45,Clothing,Women's Wear,South,Karnataka,Mysuru,5640.8,4,0.1,4692.0,948.8,Debit Card
ORD0014440,2025-04-13,CUST00037,Rahul Patel,PROD0081,Paper Item 81,Office Supplies,Paper,West,Gujarat,Surat,34333.44,6,0.0,24119.76,10213.68,Credit Card
ORD0011701,08/04/2025,CUST00145,Vikram Khan,PROD0090,Art Supplie Item 90,Office Supplies,Art Supplies,South,Tamil Nadu,Chennai,3829.99,1,0.0,2426.41,1403.58,Credit Card
ORD0011824,30/04/2025,CUST00686,Amit Nair,PROD0095,Storage Item 95,Office Supplies,Storage,West,Maharashtra,Nagpur,18494.22,7,0.1,13646.92,4847.3,Debit Card
ORD0011498,2025-04-05,CUST00529,Rahul Joshi,PROD0097,Appliance Item 97,Office Supplies,Appliances,North,Haryana,Faridabad,5420.97,4,0.25,4441.24,979.73,Net Banking
ORD0013718,2025-04-02,CUST00760,Priya Khan,PROD0027,Table Item 27,Furniture,Tables,West,Maharashtra,Mumbai,9172.04,1,0.0,5414.38,3757.66,Cash on Delivery
ORD0011229,2025-04-07,CUST00454,Neha Patel,PROD0041,Men's Wear Item 41,CLOTHING,Men's Wear,North,Punjab,Ludhiana,7124.09,2,0.1,5972.98,1151.11,Credit Card
ORD0011752,2025-04-02,CUST00160,Rajesh Joshi,PROD0076,Staple Item 76,Grocery,Staples,North,Punjab,Ludhiana,3681.14,5,0.1,2381.85,1299.29,Credit Card
ORD0011366,2025-04-19,CUST00047,Divya Reddy,PROD0073,Staple Item 73,Grocery,Staples,West,Rajasthan,Udaipur,65.46,1,0.1,45.94,19.52,UPI
ORD0012996,2025-04-15,CUST00319,Rohan Iyer,PROD0052,Kids Wear Item 52,Clothing,Kids Wear,North,Punjab,Ludhiana,3887.05,5,0.0,2285.9,1601.15,Credit Card
ORD0013917,10/04/2025,CUST00759,Priya Sharma,PROD0020,Camera Item 20,Electronics,Cameras,North,Punjab,Amritsar,275008.01,6,0.15,186066.84,88941.17,Credit Card
ORD0013866,2025-04-17,CUST00525,Aryan Verma,PROD0092,Art Supplie Item 92,Office Supplies,Art Supplies,South,Telangana,Hyderabad,5550.86,1,0.0,4223.26,1327.6,Cash on Delivery
ORD0011537,22/04/2025,CUST00248,Saanvi Reddy,PROD0011,Television Item 11,Electronics,Televisions,North,Haryana,Faridabad,45191.22,7,0.1,38234.28,6956.94,Credit Card
ORD0011966,04 April 2025,CUST00869,Sanya Verma,PROD0042,Men's Wear Item 42,Clothing,Men's Wear,South,Telangana,Warangal,21307.79,7,0.0,14216.37,7091.42,Net Banking
ORD0012222,2025-04-10,CUST00015,Vikram Khan,PROD0008,Laptop Item 8,Electronics,Laptops,North,Delhi,New Delhi,200492.73,4,0.15,185927.48,14565.25,Credit Card
ORD0013135,2025-04-27,CUST00865,Rahul Verma,PROD0066,Snack Item 66,Groceries,Snacks,North,Punjab,Ludhiana,3341.23,6,0.2,3048.66,292.57,Net Banking
ORD0011748,2025-04-03,CUST00864,Rajesh Kumar,PROD0054,Footwear Item 54,Clothing,Footwear,South,Karnataka,Mysuru,14101.23,4,0.05,9348.2,4753.03,Debit Card
ORD0014148,2025-04-26,CUST00363,Shreya Verma,PROD0095,Storage Item 95,Office Supplies,Storage,North,Punjab,Ludhiana,17613.54,6,0.0,11697.36,5916.18,Net Banking
ORD0012479,2025-04-24,CUST00435,Rahul Sharma,PROD0073,Staple Item 73,Grocery,Staples,North,Delhi,Rohini,218.19,3,0.0,137.82,80.37,Credit Card
ORD0011638,2025-04-23,CUST00676,Vivaan Reddy,PROD0076,Staple Item 76,Grocery,Staples,North,Delhi,Dwarka,98330.0,6,0.05,2858.22,1804.55,UPI
ORD0011380,2025-04-17,CUST00447,Sanya Malhotra,PROD0038,Storage Unit Item 38,Furniture,Storage Units,South,Karnataka,Mysuru,30080.9,3,0.15,24844.41,5236.49,Credit Card
ORD0013080,2025-04-12,CUST00776,Saanvi Chatterjee,PROD0035,Sofa Item 35,Furniture,Sofas,East,Bihar,Patna,118566.3,6,0.0,71368.56,47197.74,UPI
ORD0014143,2025-04-14,CUST00211,Sneha Mehta,PROD0003,Mobile Phone Item 3,electronics,Mobile Phones,North,Haryana,Faridabad,302509.94,7,0.25,287638.47,14871.47,Debit Card
ORD0012007,2025-04-10,CUST00020,Saanvi Das,PROD0077,,Grocery,Personal Care,West,Gujarat,Surat,1740.54,5,0.05,1071.2,669.34,Credit Card
ORD0013896,2025-04-22,CUST00551,Priya Khan,PROD0022,Chair Item 22,Furniture,Chairs,North,Haryana,Gurugram,16652.71,3,0.2,13600.95,3051.76,Credit Card
ORD0013211,2025-04-22,CUST00246,Sneha Chatterjee,PROD0064,Beverage Item 64,Grocery,Beverages,West,Rajasthan,Jaipur,5812.32,6,0.15,4387.14,1425.18,Credit Card
ORD0012279,2025-04-08,CUST00291,Aditi Chatterjee,PROD0050,Kids Wear Item 50,Clothing,Kids Wear,East,Bihar,Patna,11926.38,3,0.0,7397.04,4529.34,Credit Card
ORD0014340,2025-04-25,CUST00867,Aryan Chatterjee,PROD0034,Sofa Item 34,Furniture,Sofas,West,Rajasthan,Udaipur,233797.41,7,0.0,138149.55,95647.86,UPI
ORD0012113,2025-04-28,CUST00023,Aditi Malhotra,PROD0035,Sofa Item 35,Furniture,Sofas,East,West Bengal,Kolkata,19761.05,1,0.0,11894.76,7866.29,UPI
ORD0013700,2025-04-23,CUST00427,Rajesh Gupta,PROD0011,Television Item 11,Electronic,Televisions,South,Karnataka,Mysuru,21519.63,4,0.25,21848.16,-328.53,Debit Card
ORD0012853,04-09-2025,CUST00574,Sanya Joshi,PROD0063,Beverage Item 63,Grocery,Beverages,North,Haryana,Gurugram,3883.2,6,0.2,3036.78,846.42,Credit Card
ORD0014388,2025-04-15,CUST00789,Vikram Joshi,PROD0055,Footwear Item 55,Clothing,Footwear,East,Odisha,Cuttack,15233.04,6,0.15,11922.54,3310.5,UPI
ORD0012361,2025-04-16,CUST00585,Pallavi Rao,PROD0074,Staple Item 74,Grocery,Staples,North,Haryana,Gurugram,943.43,4,0.15,826.36,117.07,UPI
ORD0013069,2025-04-06,CUST00380,Diya Mehta,PROD0027,Table Item 27,Furniture,Tables,North,Punjab,Amritsar,17426.88,2,0.05,10828.76,6598.12,UPI
ORD0012371,2025-04-24,CUST00524,Rohan Kumar,PROD0035,Sofa Item 35,Furniture,Sofas,North,Haryana,Faridabad,71139.78,4,0.1,47579.04,23560.74,Credit Card
ORD0012013,2025-04-20,CUST00216,Aditi Mehta,PROD0005,Laptop Item 5,electronics,Laptops,West,Rajasthan,Jaipur,97605.12,6,0.0,60875.7,36729.42,UPI
ORD0013303,2025-04-07,CUST00227,Priya Sharma,PROD0097,Appliance Item 97,Office Supplies,Appliances,East,West Bengal,Kolkata,1355.24,1,0.25,1110.31,244.93,Debit Card
ORD0011783,2025-04-29,CUST00726,Saanvi Sharma,PROD0059,Accessorie Item 59,Clothing,Accessories,East,West Bengal,Kolkata,7584.16,3,0.1,6417.06,1167.1,Credit Card
ORD0011645,2025-04-03,CUST00132,Saanvi Rao,PROD0028,Table Item 28,Furniture,Tables,South,Telangana,Hyderabad,148268.93,6,0.25,152617.62,-4348.69,Cash on Delivery
ORD0011711,2025-04-03,CUST00480,Pallavi Reddy,PROD0085,Binder Item 85,Office Supplies,Binders,West,Gujarat,Surat,853.34,4,0.1,616.32,237.02,Debit Card
ORD0014075,2025-04-20,CUST00265,Sneha Rao,PROD0078,Personal Care Item 78,Grocery,Personal Care,North,Delhi,Rohini,2632.35,7,0.0,1891.82,740.53,Credit Card
ORD0013259,2025-04-15,CUST00893,Tanvi Gupta,PROD0066,Snack Item 66,Grocery,Snacks,South,Tamil Nadu,Chennai,2088.27,3,0.0,1524.33,563.94,Debit Card
ORD0012206,2025-04-07,CUST00081,Pallavi Das,PROD0016,Headphone Item 16,electronics,Headphones,North,Delhi,New Delhi,131725.44,7,0.0,84674.87,47050.57,Debit Card
ORD0012402,04-19-2025,CUST00507,Rohan Nair,PROD0082,Paper Item 82,Office Supplies,Paper,East,Odisha,Bhubaneswar,1605.13,1,0.0,1133.81,471.32,Debit Card
ORD0011551,2025-04-29,CUST00003,Neha Chatterjee,PROD0001,Mobile Phone Item 1,ELECTRONICS,Mobile Phones,North,Delhi,New Delhi,173414.22,6,0.0,106625.46,66788.76,Credit Card
ORD0012200,2025-04-27,CUST00147,Rajesh Nair,PROD0001,Mobile Phone Item 1,Electronics,Mobile Phones,North,Punjab,Amritsar,173414.22,6,0.0,106625.46,177098.03,Credit Card
ORD0013445,2025-04-01,CUST00274,Neha Kumar,PROD0015,Headphone Item 15,Electronics,Headphones,West,Maharashtra,Pune,71354.66,2,0.0,52358.8,18995.86,UPI
ORD0014133,2025-04-25,CUST00464,Vikram Iyer,PROD0057,Accessorie Item 57,clothing,Accessories,East,West Bengal,Howrah,8197.2,4,0.0,6455.44,1741.76,Net Banking
ORD0014113,2025-04-02,CUST00709,Riya Khan,PROD0004,Mobile Phone Item 4,Electronics,Mobile Phones,South,Tamil Nadu,Chennai,27438.42,1,0.1,17611.59,9826.83,UPI
ORD0014404,27/04/2025,CUST00616,Nikhil Mehta,PROD0095,Storage Item 95,Office Supplies,Storage,South,Karnataka,Bengaluru,8806.77,3,0.0,5848.68,2958.09,UPI
ORD0012935,2025-04-07,CUST00805,Rohan Patel,PROD0074,Staple Item 74,Grocery,Staples,North,Punjab,Amritsar,554.96,2,0.0,413.18,141.78,Net Banking
ORD0014383,02/04/2025,CUST00704,Arjun Chatterjee,PROD0061,Beverage Item 61,Grocery,Beverages,North,Haryana,Gurugram,807.27,1,0.25,793.71,13.56,Credit Card
ORD0014173,2025-04-04,CUST00485,Sneha Sharma,PROD0027,Table Item 27,Furniture,Tables,West,Maharashtra,Pune,34853.75,4,0.05,21657.52,13196.23,UPI
ORD0012914,2025-04-18,CUST00212,Manish Kumar,PROD0008,Laptop Item 8,Electronics,Laptops,West,Maharashtra,Nagpur,353810.7,6,0.0,278891.22,74919.48,UPI
ORD0012026,2025-04-11,CUST00160,Rajesh Joshi,PROD0033,Sofa Item 33, Furniture,Sofas,West,Maharashtra,Nagpur,28361.9,1,0.15,22372.79,5989.11,UPI
ORD0012444,2025-04-14,CUST00294,Aryan Verma,PROD0051,Kids Wear Item 51,Apparel,Kids Wear,North,Delhi,Dwarka,1059.26,2,0.0,703.94,355.32,Debit Card
ORD0014177,2025-04-06,CUST00053,Shreya Joshi,PROD0009,Television Item 9,Electronics ,Televisions,South,Tamil Nadu,Chennai,9122.56,2,0.2,6664.58,5080.06,UPI
ORD0012006,06-Apr-2025,CUST00203,Priya Singh,PROD0019,Camera Item 19,Electronics,Cameras,East,West Bengal,Kolkata,56580.02,1,0.0,32825.68,23754.34,Credit Card
ORD0013269,2025-04-19,CUST00024,Rahul Rao,PROD0027,Table Item 27,FURNITURE,Tables,South,Telangana,Hyderabad,8713.44,1,0.05,5414.38,3299.06,Cash on Delivery
ORD0011810,2025-04-29,CUST00459,Vikram Joshi,PROD0029,Bookcase Item 29,Furniture,Bookcases,North,Delhi,Rohini,82157.01,4,0.25,74425.0,7732.01,UPI
ORD0013434,2025-04-09,CUST00695,Amit Rao,PROD0022,Chair Item 22,Furniture,Chairs,North,Delhi,Dwarka,6591.7,1,0.05,4533.65,2058.05,UPI
ORD0013360,2025-04-21,CUST00448,Manish Kumar,PROD0099,Appliance Item 99,Office Supplies,Appliances,South,Telangana,Warangal,N/A,4,0.0,4196.08,1368.92,Cash on Delivery
ORD0013512,2025-04-25,CUST00201,Pallavi Joshi,PROD0009,Television Item 9,Electronics,Televisions,North,Haryana,Faridabad,14539.08,3,0.15,9996.87,4542.21,Credit Card
ORD0012437,2025-04-22,CUST00885,Aditi Gupta,PROD0029,Bookcase Item 29,Furniture,Bookcases,East,Odisha,Cuttack,73941.31,3,0.1,55818.75,27534.86,Debit Card
ORD0011963,2025-04-04,CUST00662,Vikram Rao,PROD0046,Women's Wear Item 46,Clothing,Women's Wear,West,Rajasthan,Udaipur,13020.1,5,0.0,9605.05,3415.05,Credit Card
ORD0012233,2025-04-18,CUST00083,Neha Chatterjee,PROD0047,Women's Wear Item 47,Clothing,Women's Wear,North,Punjab,Amritsar,7767.48,3,0.2,5854.62,1912.86,Cash on Delivery
ORD0012445,2025-04-24,CUST00297,Rohan Malhotra,PROD0078,Personal Care Item 78,Grocery,Personal Care,East,West Bengal,Kolkata,1880.25,5,0.0,1351.3,528.95,Debit Card
ORD0014424,2025-04-17,CUST00697,Pallavi Mehta,PROD0099,Appliance Item 99,Office Supplies,Appliances,West,Gujarat,Ahmedabad,1391.25,1,0.0,1049.02,342.23,Debit Card
ORD0013724,2025-04-14,CUST00601,Amit Khan,PROD0052,Kids Wear Item 52,Clothing,Kids Wear,West,Maharashtra,Mumbai,1749.17,3,0.25,1371.54,1099.86,UPI
ORD0012491,2025-04-27,CUST00822,Rahul Kumar,PROD0041,Men's Wear Item 41,Clothing,Men's Wear,North,Haryana,Gurugram,23746.98,6,0.0,17918.94,5828.04,Net Banking
ORD0012143,2025-04-27,CUST00709,Riya Khan,PROD0019,Camera Item 19,Electronics,Cameras,North,Haryana,Gurugram,56580.02,1,0.0,32825.68,23754.34,UPI
ORD0011680,2025-04-11,CUST00860,Neha Singh,PROD0055,Footwear Item 55,Clothing,Footwear,East,Odisha,Bhubaneswar,8960.61,3,,5961.27,2999.34,Debit Card
ORD0012049,2025-04-11,CUST00735,Shreya Sharma,PROD0002,Mobile Phone Item 2,Electronics,Mobile Phones,East,Bihar,Patna,24648.65,7,0.15,19439.77,5208.88,Debit Card
ORD0011377,24-Apr-2025,CUST00152,Aarav Rao,PROD0006,Laptop Item 6,Electronics,Laptops,North,Delhi,New Delhi,131786.88,3,0.05,106702.65,25084.23,Credit Card
ORD0012353,2025-04-14,CUST00309,Rohan Iyer,PROD0030,Bookcase Item 30,Furniture,Bookcases,West,Rajasthan,Udaipur,52736.37,4,0.25,47985.64,4750.73,Debit Card
ORD0012175,2025-04-21,CUST00817,Aditi Rao,PROD0086,Binder Item 86,Office Supplies,Binders,North,Haryana,Faridabad,7894.7,2,0.25,7395.3,499.4,UPI
ORD0013707,2025-04-06,CUST00777,,PROD0009,Television Item 9,Electronics,Televisions,North,Punjab,Ludhiana,17104.8,3,0.0,9996.87,7107.93,Credit Card
ORD0013387,2025-04-01,CUST00201,Pallavi Joshi,PROD0039,Storage Unit Item 39,Furniture,Storage Units,North,Delhi,Rohini,16703.48,1,0.0,10859.15,5844.33,Credit Card
ORD0011445,2025-04-25,CUST00538,Priya Patel,PROD0076,Staple Item 76,Grocery,Staples,West,Maharashtra,Pune,4417.36,6,0.1,2858.22,1559.14,Debit Card
ORD0011610,2025-04-06,CUST00008,Tanvi Joshi,PROD0021,Chair Item 21,Furniture,Chairs,East,Odisha,Cuttack,29541.78,3,0.0,22499.61,7042.17,Net Banking
ORD0012839,2025-04-27,CUST00265,Sneha Rao,PROD0077,Personal Care Item 77,Grocery ,Personal Care,South,Karnataka,Bengaluru,366.43,1,0.0,214.24,152.19,Credit Card
ORD0013206,2025-04-02,CUST00743,Neha Chatterjee,PROD0033,Sofa Item 33,Furniture,Sofas,South,Tamil Nadu,Chennai,85085.7,3,0.15,67118.37,17967.33,UPI
ORD0011386,2025-04-15,CUST00730,Rohan Singh,PROD0026,Table Item 26,Furniture,Tables,South,Tamil Nadu,Chennai,72029.3,4,0.05,46409.72,25619.58,Debit Card
ORD0013145,2025-04-28,CUST00322,Divya Khan,PROD0003,Mobile Phone Item 3,Electronics,Mobile Phones,East,West Bengal,Kolkata,146933.4,3,0.15,123273.63,23659.77,Net Banking
ORD0013513,2025-04-28,CUST00398,Neha Iyer,PROD0032,Bookcase Item 32,Furniture,Bookcases,West,Rajasthan,Jaipur,8489.63,2,0.2,6170.0,2319.63,Debit Card
ORD0012970,2025-04-07,CUST00035,Aditi Khan,PROD0062,Beverage Item 62,Grocery,Beverages,East,Odisha,Bhubaneswar,6429.13,6,0.1,4877.94,1551.19,UPI
ORD0011368,2025-04-07,CUST00146,Nikhil Iyer,PROD0033,Sofa Item 33,Furniture,Sofas,North,Punjab,Amritsar,100100.82,3,0.0,67118.37,32982.45,Cash on Delivery
ORD0013554,2025-04-11,CUST00796,Manish Nair,PROD0031,Bookcase Item 31,Furniture,Bookcases,North,Punjab,Ludhiana,45961.51,3,0.2,37840.17,16554.12,Debit Card
ORD0013290,2025-04-23,CUST00297,Rohan Malhotra,PROD0007,Laptop Item 7,Electronics,Laptops,North,Haryana,Faridabad,325476.3,6,,259125.42,66350.88,Credit Card
ORD0011951,2025-04-24,CUST00818,Neha Singh,PROD0042,Men's Wear Item 42,Clothing,Men's Wear,North,Delhi,Rohini,3043.97,1,0.0,2030.91,1013.06,UPI
ORD0011572,2025-04-11,CUST00389,Neha Verma,PROD0046,Women's Wear Item 46,CLOTHING,Women's Wear,North,Haryana,Gurugram,2473.82,1,0.05,1921.01,552.81,Credit Card
ORD0012403,2025-04-26,CUST00037,Rahul Patel,PROD0075,Staple Item 75,Grocery,Staples,South,Karnataka,Bengaluru,4158.88,4,0.0,2543.88,2783.12,Credit Card
ORD0014147,10 April 2025,CUST00267,Ishaan Iyer,PROD0053,Footwear Item 53,Clothing,Footwear,West,Gujarat,Ahmedabad,2507.48,1,0.05,1710.98,796.5,Net Banking
ORD0011607,2025-04-27,CUST00133,Pallavi Kumar,PROD0099,Appliance Item 99,Office Supplies,Appliances,North,Punjab,Ludhiana,5217.19,5,0.25,5245.1,-27.91,Cash on Delivery
ORD0013182,2025-04-14,CUST00031,Sneha Mehta,PROD0096,Storage Item 96,Office Supplies,Storage,West,Gujarat,Surat,2579.48,2,0.15,2158.28,421.2,UPI
ORD0014115,2025-04-16,CUST00694,Vikram Nair,PROD0038,Storage Unit Item 38,furniture,Storage Units,North,Delhi,New Delhi,28311.43,3,0.2,24844.41,3467.02,UPI
ORD0012625,2025-04-27,CUST00299,Pooja Joshi,PROD0068,Snack Item 68,Grocery,Snacks,West,Rajasthan,Jaipur,1064.4,2,0.0,757.6,306.8,Debit Card
ORD0011910,12 April 2025,CUST00661,Diya Iyer,PROD0058,Accessorie Item 58,Clothing,Accessories,East,Odisha,Bhubaneswar,4704.12,3,0.0,2795.7,1908.42,Debit Card
ORD0012419,2025-04-23,CUST00130,Kabir Kumar,PROD0005,Laptop Item 5,Electronics,Laptops,East,West Bengal,Howrah,61816.58,4,0.05,40583.8,21232.78,Debit Card
ORD0011901,2025-04-23,CUST00187,Neha Nair,PROD0090,Art Supplie Item 90,Office Supplies,Art Supplies,West,Maharashtra,Pune,8617.48,3,0.25,7279.23,1338.25,Cash on Delivery
ORD0011617,2025-04-22,CUST00051,Nikhil Gupta,PROD0007,Laptop Item 7,Electronics,Laptops,East,West Bengal,Howrah,154601.24,3,0.05,129562.71,25038.53,Debit Card
ORD0013416,2025-04-28,CUST00187,Neha Nair,PROD0035,Sofa Item 35,Furniture,Sofas,South,Tamil Nadu,Chennai,88924.72,5,0.1,59473.8,29450.92,Credit Card
ORD0012794,2025-04-17,CUST00594,Ishaan Kumar,PROD0035,Sofa Item 35,Furniture,Sofas,East,Odisha,Cuttack,37545.99,2,0.05,23789.52,13756.47,Debit Card
ORD0013752,2025-04-26,CUST00245,Manish Kumar,PROD0084,Paper Item 84,Office Supplies,Paper,North,Haryana,Gurugram,2335.19,1,0.05,1773.16,562.03,Credit Card
ORD0014280,2025-04-07,CUST00418,Divya Joshi,PROD0080,Personal Care Item 80,Grocery,Personal Care,South,Karnataka,Mysuru,2424.2,4,0.1,1953.76,470.44,Net Banking
ORD0011791,29 April 2025,CUST00281,Vikram Sharma,PROD0038,Storage Unit Item 38,Furniture,Storage Units,North,Delhi,New Delhi,35389.29,3,0.0,24844.41,10544.88,UPI
ORD0013025,2025-04-15,CUST00571,Amit Nair,PROD0084,Paper Item 84,Office Supplies,Paper,West,Maharashtra,Pune,17206.63,7,0.0,12412.12,4794.51,Credit Card
ORD0014421,2025-04-19,CUST00862,Riya Mehta,PROD0088,Binder Item 88,Office Supplies,Binders,East,Bihar,Gaya,13103.2,3,0.15,9720.33,3382.87,UPI
ORD0011431,04-09-2025,CUST00214,Divya Joshi,PROD0083,Paper Item 83,Office Supplies,Paper,East,Odisha,Bhubaneswar,11945.4,6,0.0,9485.04,2460.36,UPI
ORD0014393,2025-04-19,CUST00652,Aryan Rao,PROD0084,Paper Item 84,Office Supplies,Paper,North,Haryana,Faridabad,4424.56,2,0.1,3546.32,878.24,Credit Card
ORD0012787,2025-04-14,CUST00362,Divya Verma,PROD0034,Sofa Item 34,Furniture,Sofas,North,Haryana,Faridabad,85169.06,3,0.15,59206.95,25962.11,UPI
ORD0013026,2025-04-21,CUST00463,Rohan Malhotra,PROD0067,Snack Item 67,Grocery,Snacks,South,Tamil Nadu,Coimbatore,1429.36,3,0.25,1480.38,-51.02,UPI
ORD0011650,2025-04-19,CUST00167,Ananya Chatterjee,PROD0073,Staple Item 73,Grocery,Staples,North,Delhi,Dwarka,72.73,1,0.0,45.94,26.79,UPI
ORD0013963,04-26-2025,CUST00472,Sneha Khan,PROD0009,Television Item 9,Electronics,Televisions,North,Haryana,Faridabad,11403.2,2,0.0,6664.58,4738.62,Debit Card
ORD0012702,09-Apr-2025,CUST00619,Aarav Verma,PROD0093,Storage Item 93,Office Supplies,Storage,West,Rajasthan,Udaipur,11155.68,2,0.05,8645.62,4128.53,Net Banking
ORD0012197,2025-04-25,CUST00057,Vikram Khan,PROD0081,Paper Item 81,OFFICE SUPPLIES,Paper,West,Maharashtra,Nagpur,28611.2,5,0.0,20099.8,8511.4,Credit Card
ORD0012773,2025-04-29,CUST00649,Rohan Das,PROD0084,Paper Item 84,Office Supplies,Paper,North,Delhi,Dwarka,12536.26,6,0.15,10638.96,1897.3,Net Banking
ORD0011471,2025-04-15,CUST00765,Aarav Rao,PROD0094,Storage Item 94,Office Supplies,Storage,West,Maharashtra,Nagpur,22135.39,6,0.2,20493.18,1642.21,UPI
ORD0012691,2025-04-19,CUST00162,Karan Rao,PROD0004,Mobile Phone Item 4,electronics,Mobile Phones,North,Haryana,Faridabad,45730.7,2,0.25,35223.18,10507.52,UPI
ORD0012651,2025-04-20,CUST00214,Divya Joshi,PROD0019,Camera Item 19,Electronics,Cameras,East,West Bengal,Kolkata,169740.06,3,0.0,98477.04,71263.02,Credit Card
ORD0011727,04-19-2025,CUST00779,Amit Joshi,PROD0007,Laptop Item 7,Electronics,Laptops,West,Gujarat,Surat,81369.08,2,0.25,86375.14,-5006.06,UPI
ORD0011605,2025-04-20,CUST00197,Kavya Kumar,PROD0061,Beverage Item 61,Grocery,Beverages,East,Bihar,Gaya,6404.34,7,0.15,5555.97,848.37,UPI
ORD0011742,2025-04-22,CUST00597,Kabir Mehta,PROD0033,Sofa Item 33,Furniture,Sofas,East,Bihar,Patna,233568.58,7,0.0,156609.53,76959.05,Cash on Delivery
ORD0011501,2025-04-30,CUST00779,Amit Joshi,PROD0034,Sofa Item 34,Furniture,Sofas,North,Delhi,Dwarka,180358.0,6,0.1,118413.9,61944.1,Credit Card
ORD0013551,18-Apr-2025,CUST00360,Rohan Kumar,PROD0046,Women's Wear Item 46,Clothing,Women's Wear,North,Punjab,Ludhiana,15624.12,6,0.0,11526.06,4098.06,Credit Card
ORD0013264,2025-04-19,CUST00469,Ishaan Patel,PROD0019,Camera Item 19,Electronics,Cameras,West,Maharashtra,Pune,339480.12,6,0.0,196954.08,142526.04,Debit Card
ORD0012418,2025-04-26,CUST00323,Shreya Nair,PROD0001,Mobile Phone Item 1,Electronics,Mobile Phones,North,Delhi,Rohini,46243.79,2,0.2,35541.82,10701.97,Cash on Delivery
ORD0013539,2025-04-04,CUST00857,Amit Mehta,PROD0046,Women's Wear Item 46,Clothing,Women's Wear,West,Maharashtra,Pune,15624.12,6,0.0,11526.06,4098.06,Net Banking
ORD0014448,2025-04-03,CUST00540,Neha Chatterjee,PROD0059,Accessorie Item 59,Clothing,Accessories,West,Rajasthan,Udaipur,6741.48,3,0.2,6417.06,324.42,UPI
ORD0012221,2025-04-18,CUST00454,Neha Patel,PROD0064,Beverage Item 64,Grocery,Beverages,East,West Bengal,Howrah,5413.43,5,0.05,3655.95,1757.48,UPI
ORD0014033,2025-04-17,CUST00202,Ananya Malhotra,PROD0008,Laptop Item 8,Electronics,Laptops,East,Odisha,Bhubaneswar,212286.42,4,0.1,185927.48,26358.94,Debit Card
ORD0012057,2025-04-07,CUST00608,Aditi Verma,PROD0033,Sofa Item 33,Furniture,Sofas,East,West Bengal,Kolkata,50050.41,2,0.25,44745.58,5304.83,Cash on Delivery
ORD0013047,2025-04-20,CUST00463,Rohan Malhotra,PROD0089,Art Supplie Item 89,Office Supplies,Art Supplies,East,West Bengal,Howrah,8944.67,3,,6683.22,2261.45,UPI
ORD0013669,10-Apr-2025,CUST00530,Neha Iyer,PROD0059,Accessorie Item 59,Clothing,Accessories,South,Tamil Nadu,Chennai,2808.95,1,0.0,2139.02,669.93,Debit Card
ORD0013063,2025-04-23,CUST00463,Rohan Malhotra,PROD0077,Personal Care Item 77,Grocery,Personal Care,West,Maharashtra,Mumbai,1648.94,5,0.1,1071.2,577.74,Credit Card
ORD0011758,19/04/2025,CUST00822,Rahul Kumar,PROD0005,Laptop Item 5,Electronics,Laptops,East,Odisha,Cuttack,43922.3,3,0.1,30437.85,13484.45,Net Banking
ORD0014205,2025-04-19,CUST00826,,PROD0001,Mobile Phone Item 1,Electronics,Mobile Phones,South,Karnataka,Mysuru,161853.27,7,0.2,124396.37,37456.9,Cash on Delivery
ORD0013645,08 April 2025,CUST00426,Pallavi Joshi,PROD0068,Snack Item 68,Grocery,Snacks,East,Bihar,Gaya,532.2,1,0.0,378.8,153.4,UPI
ORD0012107,2025-04-05,CUST00008,Tanvi Joshi,PROD0095,Storage Item 95,Office Supplies,Storage,East,Bihar,Gaya,9393.89,4,0.2,7798.24,1595.65,Debit Card
ORD0012928,2025-04-22,CUST00621,Sanya Joshi,PROD0022,Chair Item 22,Furniture,Chairs,South,Karnataka,Bengaluru,27754.52,5,0.2,22668.25,5086.27,Net Banking
ORD0014364,2025-04-10,CUST00121,Ishaan Kumar,PROD0020,Camera Item 20,Electronics,Cameras,North,Haryana,Faridabad,102453.97,2,0.05,62022.28,40431.69,Net Banking
ORD0012865,2025-04-28,CUST00070,Arjun Reddy,PROD0012,Television Item 12,Electronics,Televisions,North,Punjab,Ludhiana,142804.91,4,0.05,103058.72,39746.19,UPI
ORD0014189,2025-04-26,CUST00871,Neha Mehta,PROD0022,Chair Item 22,FURNITURE,Chairs,North,Haryana,Gurugram,18734.3,3,0.1,13600.95,5133.35,Credit Card
ORD0012972,08/04/2025,CUST00150,Saanvi Sharma,PROD0009,Television Item 9,Electronics,Televisions,West,Gujarat,Surat,5701.6,1,0.0,3332.29,2369.31,UPI
ORD0011450,12-Apr-2025,CUST00163,Pallavi Gupta,PROD0009,Television Item 9,Electronics,Televisions,North,Punjab,Ludhiana,28508.0,5,0.0,16661.45,11846.55,UPI
ORD0014363,09 April 2025,CUST00730,Rohan Singh,PROD0096,Storage Item 96,Office Supplies,Storage,North,Delhi,New Delhi,6069.36,5,0.2,5395.7,673.66,Credit Card
ORD0011327,2025-04-09,CUST00348,Aditi Iyer,PROD0058,Accessorie Item 58,Clothing,Accessories,West,Maharashtra,Pune,1254.43,1,0.2,931.9,322.53,Debit Card
ORD0014300,2025-04-05,CUST00478,Shreya Kumar,PROD0057,Accessorie Item 57,Clothing,Accessories,South,Tamil Nadu,Coimbatore,1639.44,1,0.2,1613.86,25.58,Credit Card
ORD0014253,2025-04-11,CUST00310,Vivaan Patel,PROD0046,Women's Wear Item 46,Apparel,Women's Wear,South,Karnataka,Mysuru,10416.08,5,0.2,9605.05,811.03,Cash on Delivery
ORD0012340,2025-04-02,CUST00403,Manish Joshi,PROD0037,Storage Unit Item 37,Furniture,Storage Units,South,Telangana,Warangal,19472.8,4,0.0,15173.44,4299.36,UPI
ORD0013195,2025-04-29,CUST00310,Vivaan Patel,PROD0056,Footwear Item 56,Clothing,Footwear,West,Maharashtra,Mumbai,8225.46,3,0.0,5757.21,2468.25,Debit Card
ORD0011737,24/04/2025,CUST00489,Aditi Kumar,PROD0091,Art Supplie Item 91,Office Supplies,Art Supplies,North,Haryana,Faridabad,6163.24,5,0.2,5995.05,168.19,UPI
ORD0014368,2025-04-30,CUST00030,Manish Das,PROD0099,Appliance Item 99,Office Supplies,Appliances,South,Telangana,Hyderabad,2782.5,2,0.0,2098.04,684.46,Net Banking
ORD0014107,2025-04-05,CUST00362,Divya Verma,PROD0055,Footwear Item 55,Clothing,Footwear,East,West Bengal,Howrah,8960.61,4,0.25,7948.36,1012.25,Credit Card
ORD0011449,2025-04-11,CUST00566,Neha Das,PROD0024,Chair Item 24,Furniture,Chairs,South,Tamil Nadu,Chennai,25090.39,1,0.0,19139.79,5950.6,Credit Card
ORD0011898,2025-04-23,CUST00483,Rajesh Kumar,PROD0059,Accessorie Item 59,Clothing,Accessories,South,Telangana,Hyderabad,14044.75,5,0.0,10695.1,3349.65,Debit Card
ORD0014377,25/04/2025,CUST00731,Shreya Nair,PROD0040,Storage Unit Item 40,Furniture,Storage Units,East,Odisha,Bhubaneswar,113943.0,6,0.0,68002.32,45940.68,UPI
ORD0012133,2025-04-17,CUST00665,Aryan Nair,PROD0009,Television Item 9,Electronics,Televisions,South,Telangana,Warangal,16249.56,3,0.05,9996.87,6252.69,Net Banking
ORD0012861,2025-04-07,CUST00614,Diya Malhotra,PROD0037,Storage Unit Item 37,Furniture,Storage Units,South,Telangana,Warangal,24827.82,6,0.15,22760.16,2067.66,Credit Card
ORD0014345,2025-04-20,CUST00164,Rohan Sharma,PROD0023,Chair Item 23,Furniture,Chairs,South,Karnataka,Bengaluru,113296.33,7,0.0,69259.75,44036.58,Credit Card
ORD0013244,2025-04-04,CUST00423,Aarav Sharma,PROD0084,Paper Item 84,Office Supplies,Paper,East,West Bengal,Kolkata,9832.36,5,0.2,8865.8,966.56,UPI
ORD0011905,2025-04-28,CUST00027,Arjun Khan,PROD0088,Binder Item 88,Office Supplies,Binders,South,Tamil Nadu,Coimbatore,20554.04,4,,12960.44,7593.6,Cash on Delivery
ORD0013484,2025-04-16,CUST00622,Rajesh Khan,PROD0024,Chair Item 24,Furniture,Chairs,East,Bihar,Patna,67744.05,3,0.1,57419.37,10324.68,Debit Card
ORD0013569,19/04/2025,CUST00333,Pooja Mehta,PROD0082,Paper Item 82,Office Supplies,Paper,East,Bihar,Gaya,4815.39,3,0.0,3401.43,1413.96,Credit Card
ORD0011244,04-25-2025,CUST00702,Saanvi Nair,PROD0070,Dairy Item 70,Grocery,Dairy,South,Tamil Nadu,Chennai,1584.77,3,0.05,969.96,614.81,UPI
ORD0014210,2025-04-22,CUST00658,Sneha Iyer,PROD0030,Bookcase Item 30,Furniture,Bookcases,West,Maharashtra,Nagpur,89651.83,6,0.15,71978.46,17673.37,Net Banking
ORD0013230,2025-04-28,CUST00875,Nikhil Mehta,PROD0045,Women's Wear Item 45,Clothing,Women's Wear,South,Telangana,Warangal,9871.41,7,0.1,8211.0,1660.41,Credit Card
ORD0011352,2025-04-24,CUST00637,Sneha Das,PROD0006,Laptop Item 6,Electronics,Laptops,West,Maharashtra,Mumbai,124850.73,3,0.1,106702.65,18148.08,Debit Card
ORD0014128,24-Apr-2025,CUST00431,Pallavi Rao,PROD0091,Art Supplie Item 91,office supplies,Art Supplies,East,West Bengal,Kolkata,6548.44,5,0.15,5995.05,553.39,UPI
ORD0013969,2025-04-09,CUST00762,Kabir Patel,PROD0087,Binder Item 87,Office Supplies,Binders,North,Delhi,Rohini,8157.78,3,0.0,6395.58,1762.2,Credit Card
ORD0013991,2025-04-02,CUST00839,Ishaan Reddy,PROD0098,Appliance Item 98,Office Supplies,Appliances,North,Delhi,Dwarka,14228.68,4,0.0,9284.16,4944.52,Debit Card
ORD0013550,2025-04-27,CUST00055,Priya Mehta,PROD0046,Women's Wear Item 46,CLOTHING,Women's Wear,West,Gujarat,Surat,5208.04,2,0.0,3842.02,1366.02,Debit Card
ORD0013454,11-Apr-2025,CUST00344,Neha Kumar,PROD0029,Bookcase Item 29,Furniture,Bookcases,North,Punjab,Amritsar,130081.93,5,0.05,93031.25,37050.68,UPI
ORD0014482,2025-04-01,CUST00656,Sanya Nair,PROD0050,Kids Wear Item 50,Clothing,Kids Wear,West,Maharashtra,Pune,11330.06,3,0.05,7397.04,3933.02,Credit Card
ORD0012815,12-Apr-2025,CUST00230,Divya Verma,PROD0089,Art Supplie Item 89,Office Supplies,Art Supplies,North,Punjab,Ludhiana,15901.63,6,0.2,13366.44,2535.19,Credit Card
ORD0014316,04-28-2025,CUST00434,Nikhil Chatterjee,PROD0076,Staple Item 76,Grocery,Staples,South,Karnataka,Mysuru,2208.68,3,0.1,1429.11,779.57,Credit Card
ORD0013408,2025-04-20,CUST00305,Pallavi Chatterjee,PROD0036,Sofa Item 36,Furniture,Sofas,North,Punjab,Amritsar,37835.64,4,0.0,21093.88,33326.88,Credit Card
ORD0014226,2025-04-24,CUST00640,Aarav Chatterjee,PROD0069,Dairy Item 69,Grocery,Dairy,West,Maharashtra,Mumbai,2129.86,6,0.2,1735.92,393.94,Net Banking
ORD0011743,2025-04-02,CUST00079,Diya Singh,PROD0049,Kids Wear Item 49,CLOTHING,Kids Wear,East,Bihar,Patna,9058.79,4,0.15,5867.72,3191.07,Credit Card
ORD0012120,18 April 2025,CUST00296,Nikhil Rao,PROD0096,Storage Item 96,Office Supplies,Storage,West,Gujarat,Ahmedabad,8497.1,N/A,,7553.98,943.12,Net Banking
ORD0014307,2025-04-15,CUST00735,Shreya Sharma,PROD0072,Dairy Item 72,Grocery,Dairy,West,Maharashtra,Nagpur,3215.4,4,0.0,2301.36,914.04,UPI
ORD0012307,2025-04-04,CUST00223,Sanya Das,PROD0091,Art Supplie Item 91,Office Supplies,Art Supplies,North,Haryana,Gurugram,1155.61,1,0.25,1199.01,-43.4,UPI
ORD0011497,2025-04-12,CUST00085,Arjun Sharma,PROD0090,Art Supplie Item 90,Office Supplies,Art Supplies,West,Maharashtra,Nagpur,22979.94,6,0.0,14558.46,8421.48,Credit Card
ORD0014434,2025-04-07,CUST00190,Kavya Iyer,PROD0037,Storage Unit Item 37,Furniture,Storage Units,South,Tamil Nadu,Coimbatore,24341.0,5,0.0,18966.8,5374.2,Cash on Delivery
ORD0014224,2025-04-26,CUST00106,Rohan Mehta,PROD0082,Paper Item 82,Office Supplies,Paper,East,Bihar,Gaya,8025.65,5,0.0,5669.05,2356.6,UPI
ORD0012921,2025-04-06,CUST00460,Rohan Das,PROD0036,Sofa Item 36,Furniture,Sofas,East,Odisha,Bhubaneswar,56753.46,6,0.0,31640.82,25112.64,Debit Card
ORD0014062,2025-04-28,CUST00071,Pallavi Gupta,PROD0061,Beverage Item 61,Grocery,Beverages,North,Haryana,Gurugram,1076.36,1,0.0,793.71,282.65,Debit Card
ORD0013315,26/04/2025,CUST00551,Priya Khan,PROD0035,Sofa Item 35,Furniture,Sofas,North,Delhi,New Delhi,106709.67,6,0.1,71368.56,35341.11,Net Banking
ORD0012059,2025-04-23,CUST00423,Aarav Sharma,PROD0063,Beverage Item 63,Grocery,Beverages,East,West Bengal,Howrah,3842.75,5,0.05,2530.65,1312.1,UPI
ORD0013769,2025-04-16,CUST00607,Rahul Chatterjee,PROD0081,Paper Item 81,Office Supplies,Paper,North,Haryana,Gurugram,15450.05,3,0.1,12059.88,3390.17,Credit Card
ORD0011406,2025-04-22,CUST00717,Kabir Singh,PROD0039,Storage Unit Item 39,Furniture,Storage Units,North,Delhi,Rohini,26725.57,2,0.2,21718.3,5007.27,Credit Card
ORD0012706,2025-04-19,CUST00765,Aarav Rao,PROD0050,Kids Wear Item 50,Clothing,Kids Wear,West,Rajasthan,Udaipur,11330.06,3,0.05,7397.04,3933.02,Cash on Delivery
ORD0014126,2025-04-09,CUST00450,Aditi Kumar,PROD0100,Appliance Item 100,Office Supplies,Appliances,North,Punjab,Amritsar,8801.51,2,0.15,6129.22,2672.29,Debit Card
ORD0013067,2025-04-05,CUST00664,Aryan Verma,PROD0056,Footwear Item 56,Clothing,Footwear,North,Delhi,Rohini,19192.74,7,0.0,13433.49,5759.25,Credit Card
ORD0013218,2025-04-09,CUST00201,Pallavi Joshi,PROD0031,Bookcase Item 31,Furniture,Bookcases,South,Tamil Nadu,Coimbatore,109158.59,6,0.05,75680.34,33478.25,Net Banking
ORD0012887,2025-04-22,CUST00057,Vikram Khan,PROD0060,Accessorie Item 60,Clothing,Accessories,East,Odisha,Cuttack,1212.14,3,0.1,892.14,320.0,Debit Card
ORD0013735,04-24-2025,CUST00410,Riya Malhotra,PROD0087,Binder Item 87,Office Supplies,Binders,South,Telangana,Warangal,5438.52,2,0.0,4263.72,1174.8,Debit Card
ORD0013252,2025-04-13,CUST00686,Amit Nair,PROD0042,Men's Wear Item 42,Clothing,Men's Wear,West,Maharashtra,Pune,16437.44,6,0.1,12185.46,4251.98,Net Banking
ORD0013720,2025-04-09,CUST00038,Aryan Khan,PROD0094,Storage Item 94,Office Supplies,Storage,East,West Bengal,Howrah,8300.77,2,0.1,6831.06,1469.71,Net Banking
ORD0011444,2025-04-07,CUST00084,Ananya Patel,PROD0002,Mobile Phone Item 2,Electronics,Mobile Phones,West,Rajasthan,Jaipur,7042.47,2,0.15,5554.22,1488.25,Credit Card
ORD0012641,04-13-2025,CUST00527,Sanya Malhotra,PROD0081,Paper Item 81,Office Supplies,Paper,East,Odisha,Cuttack,12875.04,3,0.25,12059.88,815.16,Credit Card
ORD0011528,2025-04-09,CUST00299,Pooja Joshi,PROD0018,Camera Item 18,Electronics,Cameras,South,Tamil Nadu,Coimbatore,37346.12,1,0.2,28089.11,9257.01,Credit Card
ORD0013417,2025-04-14,CUST00174,Pallavi Rao,PROD0095,Storage Item 95,Office Supplies,Storage,West,Gujarat,Ahmedabad,5577.62,2,0.05,3899.12,1678.5,UPI
ORD0012735,2025-04-14,CUST00843,Arjun Singh,PROD0066,Snack Item 66,Grocery,Snacks,West,Maharashtra,Mumbai,3480.45,5,0.0,2540.55,939.9,UPI
ORD0012711,02 April 2025,CUST00849,Priya Patel,PROD0063,Beverage Item 63,Grocery,Beverages,South,Tamil Nadu,Coimbatore,5379.85,7,0.05,3542.91,1836.94,Credit Card
ORD0014213,2025-04-04,CUST00306,Divya Khan,PROD0040,Storage Unit Item 40,Furniture,Storage Units,South,Karnataka,Mysuru,37981.0,2,0.0,22667.44,15313.56,UPI
ORD0013933,2025-04-29,CUST00522,Neha Nair,PROD0059,Accessorie Item 59,Clothing,Accessories,West,Maharashtra,Nagpur,17696.38,7,0.1,14973.14,2723.24,UPI
ORD0011973,2025-04-03,CUST00422,Sneha Sharma,PROD0007,Laptop Item 7,Electronics,Laptops,South,Telangana,Hyderabad,379722.35,7,0.0,302312.99,77409.36,Credit Card
ORD0014137,2025-04-13,CUST00037,Rahul Patel,PROD0051,Kids Wear Item 51,Clothing,Kids Wear,East,Bihar,Patna,450.19,1,0.15,351.97,98.22,Credit Card
ORD0011865,2025-04-04,CUST00816,Pooja Rao,PROD0006,Laptop Item 6,Electronics,Laptops,North,Delhi,Rohini,92482.02,2,0.0,71135.1,21346.92,Credit Card
ORD0013297,2025-04-14,CUST00688,Amit Malhotra,PROD0031,Bookcase Item 31,Furniture,Bookcases,West,Gujarat,Surat,114903.78,6,0.0,75680.34,39223.44,UPI
ORD0013832,2025-04-27,CUST00481,Ishaan Reddy,PROD0068,Snack Item 68,Grocery,Snacks,East,Odisha,Cuttack,3725.4,7,0.0,2651.6,1073.8,Debit Card
ORD0013820,2025-04-02,CUST00472,Sneha Khan,PROD0098,Appliance Item 98,Office Supplies,Appliances,East,Bihar,Patna,16007.26,6,0.25,13926.24,2081.02,Credit Card
ORD0011761,2025-04-07,CUST00624,Divya Khan,PROD0072,Dairy Item 72,Grocery,Dairy,South,Karnataka,Bengaluru,1929.24,3,0.2,1726.02,203.22,Debit Card
ORD0013224,2025-04-14,CUST00400,Ananya Khan,PROD0074,Staple Item 74,Grocery,Staples,South,Tamil Nadu,Coimbatore,277.48,1,0.0,206.59,70.89,Debit Card
ORD0012595,2025-04-13,CUST00753,Pooja Gupta,PROD0012,Television Item 12,Electronics,Televisions,South,Telangana,Warangal,187901.2,5,0.0,128823.4,59077.8,Credit Card
ORD0012040,2025-04-05,CUST00200,Saanvi Iyer,PROD0012,,Electronic,Televisions,East,Bihar,Gaya,180385.15,6,0.2,154588.08,25797.07,Cash on Delivery
ORD0014011,2025-04-16,CUST00049,Rohan Das,PROD0063,Beverage Item 63,Grocery,Beverages,East,West Bengal,Howrah,3438.25,5,0.15,2530.65,907.6,UPI
ORD0012325,2025-04-16,CUST00892,Aarav Malhotra,PROD0045,Women's Wear Item 45,Clothing,Women's Wear,West,Rajasthan,Udaipur,6659.28,5,0.15,5865.0,794.28,Debit Card
ORD0013198,2025-04-13,CUST00708,Pooja Joshi,PROD0050,Kids Wear Item 50,Clothing,Kids Wear,East,West Bengal,Kolkata,7950.92,2,0.0,4931.36,3019.56,Credit Card
ORD0011434,2025-04-02,CUST00649,Rohan Das,PROD0083,Paper Item 83,Office Supplies,Paper,South,Telangana,Hyderabad,3583.62,2,0.1,3161.68,421.94,UPI
ORD0014284,2025-04-12,CUST00398,Neha Iyer,PROD0022,Chair Item 22,Furniture,Chairs,South,Karnataka,Mysuru,10407.94,2,0.25,9067.3,1340.64,Credit Card
ORD0011435,2025-04-23,CUST00041,Rajesh Reddy,PROD0090,Art Supplie Item 90,Office Supplies,Art Supplies,East,Odisha,Bhubaneswar,19149.95,5,0.0,12132.05,7017.9,UPI
ORD0011609,2025-04-28,CUST00130,Kabir Kumar,PROD0061,Beverage Item 61,Grocery,Beverages,North,Haryana,Gurugram,6027.62,7,0.2,5555.97,471.65,Debit Card
ORD0011558,2025-04-10,CUST00816,Pooja Rao,PROD0014,Headphone Item 14,Electronics,Headphones,West,Rajasthan,Jaipur,65269.5,6,0.0,49799.52,15469.98,Debit Card
ORD0014233,14/04/2025,CUST00787,Manish Chatterjee,PROD0051,Kids Wear Item 51,Clothing,Kids Wear,North,Delhi,Dwarka,1350.56,3,0.15,1055.91,294.65,UPI
ORD0014470,2025-04-03,CUST00768,Nikhil Sharma,PROD0024,Chair Item 24,Furniture,Chairs,East,West Bengal,Kolkata,18817.79,1,0.25,19139.79,-322.0,Cash on Delivery
ORD0013834,2025-04-01,CUST00140,Vivaan Verma,PROD0090,Art Supplie Item 90,Office Supplies,Art Supplies,South,Karnataka,Mysuru,15319.96,4,0.0,9705.64,5614.32,Debit Card
ORD0012387,2025-04-30,CUST00459,Vikram Joshi,PROD0082,Paper Item 82,Office Supplies,Paper,North,Delhi,Dwarka,4815.39,3,0.0,3401.43,1413.96,UPI
ORD0012148,2025-04-01,CUST00259,Amit Verma,PROD0055,Footwear Item 55,Cloths,Footwear,North,Haryana,Faridabad,17921.22,6,0.0,11922.54,5998.68,Credit Card
ORD0014185,04-Apr-2025,CUST00802,Nikhil Nair,PROD0010,Television Item 10,Electronics,Televisions,North,Punjab,Ludhiana,28966.94,2,0.25,26581.0,2385.94,Credit Card
ORD0012465,2025-04-04,CUST00850,Arjun Malhotra,PROD0048,Women's Wear Item 48,Clothing,Women's Wear,North,Delhi,Rohini,14128.4,4,0.05,9808.04,4320.36,UPI
ORD0011388,2025-04-28,CUST00677,Priya Rao,PROD0030,Bookcase Item 30,Furniture,Bookcases,North,Delhi,Rohini,56252.13,4,0.2,47985.64,8266.49,UPI
ORD0012073,2025-04-12,CUST00279,Manish Rao,PROD0003,Mobile Phone Item 3,Electronic,Mobile Phones,East,Bihar,Gaya,345725.64,6,0.0,246547.26,99178.38,Net Banking
ORD0014433,2025-04-18,CUST00515,Vikram Nair,PROD0059,Accessorie Item 59,Clothing,Accessories,West,Maharashtra,Nagpur,5337.0,2,0.05,4278.04,1058.96,Net Banking
ORD0011642,2025-04-17,CUST00444,Vivaan Gupta,PROD0060,Accessorie Item 60,Clothing,Accessories,South,Tamil Nadu,Coimbatore,2244.7,5,0.0,1486.9,757.8,Credit Card
ORD0013629,03-Apr-2025,CUST00839,Ishaan Reddy,PROD0095,Storage Item 95,OfficeSupplies,Storage,East,Bihar,Patna,8806.77,3,0.0,5848.68,2958.09,Credit Card
ORD0013538,06 April 2025,CUST00428,Saanvi Chatterjee,PROD0056,Footwear Item 56,Clothing,Footwear,West,Maharashtra,Pune,284703.2,-4,0.0,7676.28,3291.0,UPI
ORD0011475,2025-04-06,CUST00277,Nikhil Nair,PROD0042,Men's Wear Item 42,Clothing,Men's Wear,West,Maharashtra,Pune,7762.12,3,0.15,6092.73,1669.39,Credit Card
ORD0012280,2025-04-22,CUST00152,Aarav Rao,PROD0027,Table Item 27,Furniture,Tables,East,Odisha,Bhubaneswar,9172.04,1,0.0,5414.38,3757.66,Credit Card
ORD0011212,2025-04-21,CUST00054,Shreya Das,PROD0018,Camera Item 18,Electronics,Cameras,East,Bihar,Patna,37346.12,1,0.2,28089.11,9257.01,Debit Card
ORD0012195,17-Apr-2025,CUST00898,Priya Gupta,PROD0027,Table Item 27,Furniture,Tables,South,Telangana,Warangal,18344.08,2,0.0,10828.76,7515.32,Credit Card
ORD0012607,2025-04-02,CUST00627,Aditi Joshi,PROD0001,Mobile Phone Item 1,Electronics,Mobile Phones,North,Haryana,Gurugram,161853.27,7,0.2,124396.37,37456.9,UPI
ORD0014201,2025-04-12,CUST00622,Rajesh Khan,PROD0006,Laptop Item 6,Electronics ,Laptops,South,Telangana,Hyderabad,263573.76,6,0.05,213405.3,50168.46,Debit Card
ORD0011387,2025-04-26,CUST00084,Ananya Patel,PROD0035,Sofa Item 35, Furniture,Sofas,East,Odisha,Bhubaneswar,50390.68,3,0.15,35684.28,14706.4,Credit Card
ORD0013678,13/04/2025,CUST00411,Aarav Das,PROD0059,Accessorie Item 59,Clothing,Accessories,South,Telangana,Hyderabad,8426.85,3,0.0,6417.06,4206.93,UPI
ORD0012819,2025-04-21,CUST00804,Ishaan Kumar,PROD0064,Beverage Item 64,Grocery,Beverages,South,Tamil Nadu,Coimbatore,7179.92,7,0.1,5118.33,2061.59,Debit Card
ORD0011919,25 April 2025,CUST00605,Saanvi Malhotra,PROD0023,Chair Item 23,Furniture,Chairs,West,Rajasthan,Udaipur,68787.06,5,0.15,49471.25,19315.81,Net Banking
ORD0013439,18-Apr-2025,CUST00248,Saanvi Reddy,PROD0062,Beverage Item 62,Grocery,Beverages,West,Gujarat,Ahmedabad,7143.48,6,0.0,4877.94,2265.54,Cash on Delivery
ORD0011446,2025-04-23,CUST00752,Meera Nair,PROD0053,Footwear Item 53,Clothing,Footwear,North,Delhi,Dwarka,15704.73,7,0.15,11976.86,3727.87,Debit Card
ORD0012963,2025-04-04,CUST00302,Manish Patel,PROD0012,Television Item 12,Electronics,Televisions,East,Odisha,Cuttack,191659.22,6,0.15,154588.08,37071.14,Debit Card
ORD0012505,2025-04-06,CUST00415,Divya Sharma,PROD0093,Storage Item 93,Office Supplies,Storage,East,West Bengal,Kolkata,26421.34,6,0.25,25936.86,484.48,Credit Card
ORD0011938,2025-04-15,CUST00351,Sanya Kumar,PROD0019,Camera Item 19,Electronics,Cameras,North,Delhi,Dwarka,336651.12,7,0.15,229779.76,106871.36,Debit Card
ORD0011246,04-07-2025,CUST00129,Aryan Verma,PROD0015,Headphone Item 15,Electronics,Headphones,West,Maharashtra,Pune,71354.66,2,0.0,52358.8,18995.86,UPI
ORD0012216,2025-04-29,CUST00278,Pallavi Singh,PROD0016,Headphone Item 16,Electronics,Headphones,West,Gujarat,Ahmedabad,63980.93,4,0.15,48385.64,15595.29,UPI
ORD0014136,2025-04-01,CUST00303,Nikhil Singh,PROD0083,Paper Item 83,Office Supplies,Paper,West,Gujarat,Ahmedabad,3981.8,2,0.0,3161.68,820.12,Net Banking
ORD0013747,17 April 2025,CUST00001,Aditi Joshi,PROD0081,Paper Item 81,Office Supplies,Paper,West,Gujarat,Ahmedabad,17166.72,3,0.0,12059.88,5106.84,UPI
ORD0011508,2025-04-26,CUST00218,Rahul Verma,PROD0061,Beverage Item 61,Grocery,Beverages,South,Telangana,Warangal,6404.34,7,0.15,5555.97,848.37,Debit Card
ORD0013226,2025-04-23,CUST00803,Diya Rao,PROD0044,Men's Wear Item 44,Clothing,Men's Wear,North,Haryana,Faridabad,4689.39,3,0.0,2637.9,2051.49,Credit Card
ORD0011976,2025-04-11,CUST00526,Sanya Nair,PROD0090,Art Supplie Item 90,Office Supplies,Art Supplies,South,Tamil Nadu,Chennai,22979.94,6,0.0,14558.46,8421.48,Credit Card
ORD0012312,2025-04-17,CUST00719,Neha Das,PROD0062,Beverage Item 62,Grocery,Beverages,South,Karnataka,Mysuru,4762.32,5,0.2,4064.95,697.37,Cash on Delivery
ORD0013745,2025-04-06,CUST00108,Manish Iyer,PROD0070,Dairy Item 70,Grocery,Dairy,West,Rajasthan,Jaipur,472.65,1,0.15,323.32,149.33,Cash on Delivery
ORD0014342,25/04/2025,CUST00668,Vikram Malhotra,PROD0089,Art Supplie Item 89,Office Supplies,Art Supplies,East,Odisha,Cuttack,13251.36,4,0.0,8910.96,4340.4,Credit Card
ORD0012967,04-30-2025,CUST00516,Priya Patel,PROD0035,Sofa Item 35,Furniture,Sofas,East,West Bengal,Howrah,14820.79,1,0.25,11894.76,2926.03,Debit Card
ORD0012835,2025-04-19,CUST00151,Arjun Chatterjee,PROD0027,Table Item 27,Furniture,Tables,South,Telangana,Warangal,36688.16,4,0.0,21657.52,15030.64,Credit Card
ORD0013257,2025-04-24,CUST00239,Divya Sharma,PROD0026,Table Item 26,Furniture,Tables,West,Gujarat,Ahmedabad,90036.63,5,0.05,58012.15,32024.48,Credit Card
ORD0014287,17-Apr-2025,CUST00083,Neha Chatterjee,PROD0096,Storage Item 96,Office Supplies,Storage,East,West Bengal,Kolkata,4096.82,3,0.1,3237.42,859.4,Credit Card
ORD0013012,2025-04-10,CUST00256,Pallavi Mehta,PROD0037,Storage Unit Item 37,Furniture,Storage Units,South,Tamil Nadu,Chennai,27748.74,6,0.05,22760.16,4988.58,Cash on Delivery
ORD0011588,2025-04-20,CUST00022,Tanvi Nair,PROD0038,Storage Unit Item 38,Furniture,Storage Units,South,Tamil Nadu,Coimbatore,22413.22,2,0.05,16562.94,5850.28,UPI
ORD0011448,2025-04-08,CUST00778,Rahul Patel,PROD0045,Women's Wear Item 45,Clothing,Women's Wear,West,Gujarat,Surat,6267.56,5,0.2,5865.0,402.56,Credit Card
ORD0014061,2025-04-20,CUST00197,Kavya Kumar,PROD0083,Paper Item 83,Office Supplies,Paper,West,Gujarat,Ahmedabad,7565.42,4,0.05,6323.36,1242.06,Net Banking
ORD0014318,2025-04-06,CUST00694,Vikram Nair,PROD0089,Art Supplie Item 89,OfficeSupplies,Art Supplies,South,Karnataka,Bengaluru,5300.54,2,0.2,4455.48,845.06,Net Banking
ORD0011762,2025-04-26,CUST00045,Shreya Chatterjee,PROD0068,Snack Item 68,Grocery,Snacks,East,Odisha,Bhubaneswar,1357.11,3,0.15,1136.4,220.71,UPI
ORD0012170,2025-04-11,CUST00445,Aarav Iyer,PROD0051,Kids Wear Item 51,Clothing,Kids Wear,West,Maharashtra,Mumbai,2860.0,6,0.1,2111.82,748.18,Credit Card
ORD0011553,10/04/2025,CUST00552,Sneha Patel,PROD0094,Storage Item 94,Office Supplies,Storage,North,Delhi,Rohini,30666.74,7,0.05,23908.71,6758.03,Cash on Delivery
ORD0013240,2025-04-12,CUST00461,Amit Kumar,PROD0058,Accessorie Item 58,Clothing,Accessories,South,Telangana,Warangal,1489.64,1,0.05,931.9,557.74,Credit Card
ORD0011781,2025-04-27,CUST00475,Rajesh Iyer,PROD0026,Table Item 26,Furniture,Tables,North,Delhi,New Delhi,30328.13,2,0.2,23204.86,7123.27,Credit Card
ORD0012583,2025-04-03,CUST00010,Divya Khan,PROD0096,Storage Item 96,Office Supplies,Storage,South,Tamil Nadu,Chennai,1517.34,1,0.0,1079.14,438.2,Credit Card
ORD0012205,2025-04-03,,Aarav Verma,PROD0057,Accessorie Item 57,Clothing,Accessories,East,Odisha,Cuttack,7787.34,4,0.05,6455.44,3372.65,Net Banking
ORD0013911,2025-04-18,CUST00616,Nikhil Mehta,PROD0085,Binder Item 85,Office Supplies,Binders,North,Haryana,Faridabad,1244.46,7,0.25,1078.56,165.9,Credit Card
ORD0012240,2025-04-28,CUST00154,Ananya Singh,PROD0004,Mobile Phone Item 4,Electronics,Mobile Phones,South,Karnataka,Mysuru,137192.08,6,0.25,105669.54,31522.54,UPI
ORD0013276,2025-04-09,CUST00275,Sanya Das,PROD0071,Dairy Item 71,Grocery,Dairy,North,Delhi,New Delhi,295.41,2,0.05,222.92,72.49,Credit Card
ORD0012011,28-Apr-2025,CUST00024,Rahul Rao,PROD0075,Staple Item 75,Grocery,Staples,North,Punjab,Ludhiana,5302.57,6,0.15,3815.82,1486.75,UPI
ORD0014020,2025-04-19,CUST00522,Neha Nair,PROD0087,Binder Item 87,Office Supplies,Binders,West,Maharashtra,Pune,12236.67,5,0.1,10659.3,1577.37,Net Banking
ORD0013988,2025-04-09,CUST00415,Divya Sharma,PROD0039,,Furnitures,Storage Units,West,Maharashtra,Nagpur,83517.4,5,0.0,54295.75,29221.65,Credit Card
ORD0014159,04-12-2025,CUST00880,Pooja Kumar,PROD0020,Camera Item 20,Electronics,Cameras,North,Delhi,Dwarka,53923.14,1,0.0,31011.14,22912.0,Net Banking
ORD0013837,2025-04-06,CUST00897,Arjun Iyer,PROD0001,Mobile Phone Item 1,Electronics,Mobile Phones,East,Odisha,Cuttack,52024.27,2,0.1,35541.82,16482.45,UPI
ORD0011555,2025-04-29,CUST00782,Rohan Rao,PROD0011,Television Item 11,Electronics,Televisions,South,Tamil Nadu,Chennai,14346.42,2,0.0,10924.08,3422.34,Debit Card
ORD0012952,2025-04-06,CUST00491,Pooja Mehta,PROD0049,Kids Wear Item 49,Cloths,Kids Wear,East,Bihar,Gaya,13321.75,5,0.0,7334.65,5987.1,Credit Card
ORD0013595,2025-04-15,CUST00379,Manish Reddy,PROD0084,Paper Item 84,Office Supplies,Paper,West,Rajasthan,Jaipur,12536.26,6,0.15,10638.96,1897.3,UPI
ORD0012559,2025-04-17,CUST00139,Priya Joshi,PROD0084,Paper Item 84,Office Supplies,Paper,East,Bihar,Patna,10446.88,5,0.15,8865.8,1581.08,Credit Card
ORD0012136,2025-04-11,CUST00823,Diya Iyer,PROD0094,Storage Item 94,Office Supplies,Storage,North,Haryana,Gurugram,23057.7,5,0.0,17077.65,5980.05,Credit Card
ORD0013748,2025-04-02,CUST00350,Vivaan Verma,PROD0022,Chair Item 22,Furniture,Chairs,East,Odisha,Bhubaneswar,11101.81,2,0.2,9067.3,2034.51,Credit Card
ORD0013975,2025-04-15,CUST00853,Sneha Chatterjee,PROD0011,Television Item 11,Electronics,Televisions,North,Haryana,Faridabad,43039.26,6,0.0,32772.24,10267.02,UPI
ORD0011529,2025-04-05,CUST00066,Vikram Singh,PROD0019,Camera Item 19,Electronics,Cameras,East,Odisha,Bhubaneswar,56580.02,1,0.0,32825.68,23754.34,Cash on Delivery
ORD0013383,2025-04-08,CUST00549,Divya Joshi,PROD0037,Storage Unit Item 37,Furniture,Storage Units,South,Telangana,Warangal,8762.76,2,0.1,7586.72,1176.04,UPI
ORD0013914,2025-04-29,CUST00038,Aryan Khan,PROD0028,Table Item 28,Furniture,Tables,East,Odisha,Bhubaneswar,112025.41,4,0.15,101745.08,10280.33,Net Banking
ORD0011567,28-Apr-2025,CUST00312,Ishaan Reddy,PROD0018,Camera Item 18,Electronics,Cameras,East,Odisha,Cuttack,88697.04,2,0.05,56178.22,32518.82,Debit Card
ORD0013503,2025-04-03,CUST00670,Shreya Reddy,PROD0082,Paper Item 82,Office Supplies,Paper,North,Delhi,Dwarka,7223.09,5,0.1,5669.05,3905.21,UPI
ORD0014493,2025-04-19,CUST00071,Pallavi Gupta,PROD0080,Personal Care Item 80,Grocery,Personal Care,South,Telangana,Hyderabad,1144.76,2,0.15,976.88,167.88,UPI
ORD0012731,25/04/2025,CUST00814,Pooja Kumar,PROD0006,Laptop Item 6,Electronics,Laptops,East,Bihar,Gaya,258949.66,7,0.2,248972.85,9976.81,UPI
ORD0014351,2025-04-12,CUST00483,Rajesh Kumar,PROD0080,Personal Care Item 80,Grocery,Personal Care,North,Punjab,Ludhiana,1717.14,3,0.15,1465.32,251.82,Debit Card
ORD0012578,2025-04-19,CUST00645,Diya Kumar,PROD0007,Laptop Item 7,Electronics,Laptops,West,Gujarat,Ahmedabad,103067.5,2,0.05,86375.14,16692.36,Net Banking
ORD0012806,2025-04-25,CUST00238,Riya Joshi,PROD0097,Appliance Item 97,Office Supplies,Appliances,North,Punjab,Ludhiana,10119.14,7,0.2,7772.17,2346.97,UPI
ORD0012867,2025-04-03,CUST00395,Vikram Sharma,PROD0071,Dairy Item 71,Grocery,Dairy,East,Bihar,Patna,839.59,6,0.1,668.76,170.83,Net Banking
ORD0012468,2025-04-10,CUST00173,Sneha Iyer,PROD0070,Dairy Item 70,Grocery,Dairy,West,Maharashtra,Mumbai,3336.36,6,0.0,1939.92,1396.44,Credit Card
ORD0014212,2025-04-02,CUST00495,Rohan Joshi,PROD0093,Storage Item 93,Office Supplies,Storage,East,Bihar,Patna,30824.9,7,0.25,30259.67,565.23,Credit Card
ORD0014142,2025-04-11,CUST00278,Pallavi Singh,PROD0012,Television Item 12,Electronics,Televisions,East,Odisha,Bhubaneswar,187901.2,5,0.0,128823.4,59077.8,UPI
ORD0011979,2025-04-12,CUST00527,Sanya Malhotra,PROD0085,Binder Item 85,Office Supplies,Binders,North,Delhi,Dwarka,474.08,2,0.0,308.16,165.92,Credit Card
ORD0013589,2025-04-28,CUST00840,Sneha Singh,PROD0003,Mobile Phone Item 3,Electronics,Mobile Phones,East,Odisha,Bhubaneswar,288104.7,5,0.0,205456.05,82648.65,Net Banking
ORD0011695,2025-04-22,CUST00387,Aarav Mehta,PROD0078,Personal Care Item 78,Grocery,Personal Care,North,Delhi,Dwarka,282.04,1,0.25,270.26,11.78,Debit Card
ORD0013102,2025-04-28,CUST00666,Rahul Mehta,PROD0060,Accessorie Item 60,Clothing,Accessories,South,Karnataka,Bengaluru,2693.64,6,0.0,1784.28,909.36,UPI
ORD0012365,12-Apr-2025,CUST00805,Rohan Patel,PROD0070,Dairy Item 70,Grocery,Dairy,North,Haryana,Faridabad,2224.24,5,0.2,1616.6,607.64,UPI
ORD0012128,2025-04-27,CUST00549,Divya Joshi,PROD0095,Storage Item 95,Office Supplies,Storage,East,West Bengal,Kolkata,5871.18,2,0.0,3899.12,1972.06,Net Banking
ORD0012339,2025-04-13,CUST00421,Saanvi Das,PROD0035,Sofa Item 35,Furniture,Sofas,West,Maharashtra,Nagpur,79044.2,4,0.0,47579.04,31465.16,Debit Card
ORD0014412,04-19-2025,CUST00424,Ishaan Sharma,PROD0077,Personal Care Item 77,Grocery,Personal Care,East,Odisha,Cuttack,274.82,1,0.25,214.24,60.58,Credit Card
ORD0012070,2025-04-21,CUST00850,Arjun Malhotra,PROD0009,Television Item 9,Electronics,Televisions,North,Haryana,Faridabad,19385.44,4,0.15,13329.16,6056.28,Credit Card
ORD0012764,2025-04-03,CUST00116,Rahul Chatterjee,PROD0041,Men's Wear Item 41,Clothing,Men's Wear,East,Bihar,Patna,22559.63,6,0.05,17918.94,4640.69,Debit Card
ORD0012348,2025-04-23,CUST00574,Sanya Joshi,PROD0018,Camera Item 18,Electronics,Cameras,East,Bihar,Patna,245083.91,7,0.25,196623.77,48460.14,Credit Card
ORD0011922,2025-04-12,CUST00448,Manish Kumar,PROD0043,Men's Wear Item 43,Clothing,Men's Wear,North,Punjab,Amritsar,5193.9,6,0.0,4052.1,1141.8,Debit Card
ORD0011586,2025-04-02,CUST00373,Shreya Nair,PROD0096,Storage Item 96,Office Supplies,Storage,East,Odisha,Bhubaneswar,6069.36,5,0.2,5395.7,673.66,UPI
ORD0012875,2025-04-04,CUST00235,Kabir Rao,PROD0041,Men's Wear Item 41,Clothing,Men's Wear,North,Delhi,Dwarka,23746.98,6,0.0,17918.94,14260.38,Credit Card
ORD0013066,2025-04-06,CUST00203,Priya Singh,PROD0052,Kids Wear Item 52,Clothing,Kids Wear,West,Maharashtra,Pune,1243.86,2,0.2,914.36,329.5,Credit Card
ORD0012298,08 April 2025,CUST00849,Priya Patel,PROD0013,Headphone Item 13,Electronics,Headphones,North,Punjab,Ludhiana,26809.7,3,0.2,20553.45,6256.25,UPI
ORD0013324,2025-04-17,CUST00396,Aditi Khan,PROD0085,Binder Item 85,Office Supplies,Binders,East,Bihar,Gaya,711.12,3,0.0,462.24,248.88,UPI
ORD0014157,2025-04-09,CUST00869,Sanya Verma,PROD0069,Dairy Item 69,Grocery,Dairy,North,Haryana,Gurugram,2329.53,7,0.25,2025.24,304.29,UPI
ORD0013162,2025-04-24,CUST00896,Pooja Rao,PROD0093,Storage Item 93,Office Supplies,Storage,West,Gujarat,Surat,11742.82,2,0.0,8645.62,3097.2,UPI
ORD0014015,2025-04-21,CUST00125,Shreya Sharma,PROD0055,Footwear Item 55,Clothing,Footwear,South,Karnataka,Bengaluru,15233.04,6,0.15,11922.54,3310.5,UPI
ORD0011442,25/04/2025,CUST00588,Aarav Nair,PROD0081,Paper Item 81,Office Supplies,Paper,South,Karnataka,Bengaluru,18311.17,4,0.2,16079.84,2231.33,Debit Card
ORD0012446,2025-04-13,CUST00863,Vikram Joshi,PROD0012,Television Item 12,Electronics,Televisions,West,Gujarat,Ahmedabad,263061.68,7,0.0,180352.76,82708.92,UPI
ORD0011289,2025-04-28,CUST00548,Ananya Verma,PROD0054,Footwear Item 54,Clothing,Footwear,South,Tamil Nadu,Chennai,19481.96,7,,16359.35,3122.61,Credit Card
ORD0013689,2025-04-29,CUST00615,Ishaan Iyer,PROD0020,Camera Item 20,Electronics,Cameras,East,Bihar,Patna,307361.9,6,,186066.84,121295.06,Debit Card
ORD0013017,2025-04-26,CUST00201,Pallavi Joshi,PROD0027,Table Item 27,Furniture,Tables,North,Haryana,Gurugram,45860.2,5,0.0,27071.9,18788.3,UPI
ORD0014463,05-Apr-2025,CUST00014,Neha Chatterjee,PROD0026,Table Item 26,Furniture,Tables,West,Gujarat,Surat,85297.86,6,0.25,69614.58,15683.28,Debit Card
ORD0012190,2025-04-08,CUST00450,Aditi Kumar,PROD0004,Mobile Phone Item 4,Electronics,Mobile Phones,South,Tamil Nadu,Coimbatore,25914.06,1,0.15,17611.59,8302.47,UPI
ORD0012984,2025-04-06,CUST00352,Kabir Patel,PROD0095,Storage Item 95,Office Supplies,Storage,East,West Bengal,Kolkata,8806.77,3,0.0,5848.68,2958.09,UPI
ORD0013965,2025-04-25,CUST00317,Rahul Reddy,PROD0051,,Clothing,Kids Wear,North,Haryana,Gurugram,1350.56,3,0.15,1055.91,294.65,Credit Card
ORD0013148,2025-04-27,CUST00675,Manish Kumar,PROD0072,Dairy Item 72,Grocery,Dairy,North,Punjab,Ludhiana,683.27,1,0.15,575.34,107.93,Credit Card
ORD0013139,2025-04-16,CUST00046,Rahul Joshi,PROD0026,Table Item 26,Furniture,Tables,South,Karnataka,Bengaluru,90036.63,5,0.05,58012.15,32024.48,UPI
ORD0013751,2025-04-05,CUST00527,Sanya Malhotra,PROD0017,Camera Item 17,Electronics,Cameras,South,Telangana,Warangal,100736.08,4,0.0,74545.08,26191.0,UPI
ORD0014003,2025-04-20,CUST00249,Diya Nair,PROD0075,Staple Item 75,Grocery,Staples,South,Tamil Nadu,Coimbatore,3119.16,3,0.0,1907.91,1211.25,Credit Card
ORD0013802,2025-04-16,CUST00712,Pooja Das,PROD0092,Art Supplie Item 92,OFFICE SUPPLIES,Art Supplies,South,Karnataka,Bengaluru,20815.72,5,0.25,21116.3,-300.58,Cash on Delivery
ORD0012268,2025-04-19,CUST00846,Shreya Rao,PROD0092,Art Supplie Item 92,Office Supplies,Art Supplies,West,Maharashtra,Pune,9991.55,2,0.1,8446.52,1545.03,Debit Card
ORD0012679,2025-04-30,CUST00268,Pooja Patel,PROD0051,Kids Wear Item 51,Clothing,Kids Wear,East,Bihar,Patna,847.41,2,0.2,703.94,143.47,Net Banking
ORD0013507,01/04/2025,CUST00232,Manish Reddy,PROD0100,Appliance Item 100,Office Supplies,Appliances,North,Delhi,Rohini,3883.02,1,0.25,3064.61,818.41,Debit Card
ORD0012798,2025-04-14,CUST00369,Tanvi Nair,PROD0095,Storage Item 95,Office Supplies,Storage,West,Maharashtra,Nagpur,20549.13,7,0.0,13646.92,6902.21,Net Banking
ORD0014114,2025-04-17,CUST00523,Tanvi Patel,PROD0028,Table Item 28,furniture,Tables,South,Tamil Nadu,Chennai,74134.46,3,0.25,76308.81,-2174.35,Credit Card
ORD0011353,2025-04-19,CUST00558,Kabir Khan,PROD0051,Kids Wear Item 51,Cloths,Kids Wear,North,Haryana,Faridabad,2542.22,6,0.2,2111.82,430.4,Debit Card
ORD0014492,2025-04-22,CUST00241,Saanvi Chatterjee,PROD0093,Storage Item 93,Office Supplies,Storage,South,Tamil Nadu,Chennai,39044.88,7,0.05,30259.67,8785.21,UPI
ORD0011579,2025-04-10,CUST00731,Shreya Nair,PROD0018,Camera Item 18,Electronics,Cameras,East,Bihar,Gaya,35011.99,1,0.25,28089.11,6922.88,Net Banking
ORD0013624,2025-04-09,CUST00456,Shreya Patel,PROD0030,Bookcase Item 30,Furniture,Bookcases,North,Delhi,Dwarka,52736.37,4,0.25,47985.64,4750.73,UPI
ORD0011369,21-Apr-2025,CUST00322,Divya Khan,PROD0039,Storage Unit Item 39,Furnitures,Storage Units,South,Karnataka,Mysuru,100220.88,6,0.0,65154.9,91818.41,UPI
ORD0012241,2025-04-22,CUST00891,Vivaan Nair,PROD0095,Storage Item 95,Office Supplies,Storage,East,Odisha,Cuttack,8806.77,3,0.0,5848.68,2958.09,UPI
ORD0013487,29/04/2025,CUST00028,Priya Sharma,PROD0040,Storage Unit Item 40,Furniture,Storage Units,West,Gujarat,Surat,18990.5,1,0.0,11333.72,7656.78,Debit Card
ORD0013397,2025-04-17,CUST00624,Divya Khan,PROD0061,Beverage Item 61,Grocery,Beverages,West,Gujarat,Ahmedabad,5650.89,7,0.25,5555.97,94.92,Debit Card
ORD0012610,2025-04-03,CUST00022,Tanvi Nair,PROD0014,Headphone Item 14,Electronics,Headphones,North,Delhi,Dwarka,76147.75,7,0.0,58099.44,18048.31,UPI
ORD0014096,2025-04-11,CUST00194,Aditi Chatterjee,PROD0023,Chair Item 23,Furniture,Chairs,South,Telangana,Hyderabad,36416.68,3,0.25,29682.75,6733.93,UPI
ORD0014443,2025-04-12,CUST00252,Rajesh Chatterjee,PROD0086,Binder Item 86,Office Supplies,Binders,North,Delhi,New Delhi,34999.81,7,0.05,25883.55,9116.26,Cash on Delivery
ORD0011542,2025-04-01,CUST00650,Sanya Sharma,PROD0058,Accessorie Item 58,Clothing,Accessories,South,Telangana,Warangal,1489.64,1,0.05,931.9,557.74,UPI
ORD0011389,16-Apr-2025,CUST00821,Tanvi Sharma,PROD0012,Television Item 12,Electronics,Televisions,West,Maharashtra,Nagpur,210449.34,7,0.2,180352.76,30096.58,Cash on Delivery
ORD0013714,2025-04-16,CUST00878,Karan Nair,PROD0091,Art Supplie Item 91,Office Supplies,Art Supplies,South,Tamil Nadu,Chennai,3081.62,2,0.0,2398.02,683.6,Cash on Delivery
ORD0012550,08/04/2025,CUST00613,Neha Malhotra,PROD0072,Dairy Item 72,Grocery,Dairy,North,Haryana,Faridabad,5626.95,7,0.0,4027.38,1599.57,Cash on Delivery
ORD0014082,2025-04-15,CUST00346,Pallavi Joshi,PROD0029,Bookcase Item 29,Furniture,Bookcases,South,Tamil Nadu,Chennai,109542.68,5,0.2,93031.25,16511.43,Net Banking
ORD0013451,2025-04-08,CUST00513,Nikhil Sharma,PROD0074,Staple Item 74,Grocery,Staples,East,Bihar,Patna,1942.36,7,0.0,1446.13,496.23,UPI
ORD0013738,2025-04-05,CUST00384,Karan Khan,PROD0052,Kids Wear Item 52,Clothing,Kids Wear,West,Maharashtra,Mumbai,3498.34,6,0.25,2743.08,755.26,Credit Card
ORD0013120,2025-04-27,CUST00331,Kabir Mehta,PROD0031,Bookcase Item 31,Furniture,Bookcases,South,Telangana,Hyderabad,81390.18,5,0.15,63066.95,18323.23,Credit Card
ORD0013578,2025-04-16,CUST00738,Pallavi Iyer,PROD0014,Headphone Item 14,Electronics,Headphones,East,West Bengal,Kolkata,29371.28,3,0.1,24899.76,4471.52,UPI
ORD0011794,2025-04-25,CUST00435,Rahul Sharma,PROD0022,Chair Item 22,Furniture,Chairs,West,Maharashtra,Nagpur,48570.41,7,0.0,31735.55,16834.86,UPI
ORD0013863,20 April 2025,CUST00295,Divya Chatterjee,PROD0099,Appliance Item 99,Office Supplies,Appliances,East,West Bengal,Kolkata,1182.56,1,0.15,1049.02,133.54,UPI
ORD0014462,2025-04-17,CUST00390,Saanvi Chatterjee,PROD0033,Sofa Item 33,Furniture,Sofas,South,Telangana,Hyderabad,25025.2,1,0.25,22372.79,2652.41,Credit Card
ORD0013194,2025-04-19,CUST00274,Neha Kumar,PROD0087,Binder Item 87,Office Supplies,Binders,West,Rajasthan,Jaipur,16315.56,6,0.0,12791.16,3524.4,UPI
ORD0014246,2025-04-09,CUST00033,Neha Nair,PROD0039,Storage Unit Item 39,Furniture,Storage Units,North,Haryana,Faridabad,63473.22,4,0.05,43436.6,20036.62,Net Banking
ORD0013166,2025-04-07,CUST00336,Rajesh Kumar,PROD0011,Television Item 11,Electronics,Televisions,West,Gujarat,Surat,26899.54,5,0.25,27310.2,-410.66,Net Banking
ORD0014014,2025-04-06,CUST00686,Amit Nair,PROD0078,Personal Care Item 78,Grocery,Personal Care,West,Maharashtra,Nagpur,2030.67,6,0.1,1621.56,409.11,UPI
ORD0012918,2025-04-03,CUST00311,Rahul Khan,PROD0045,Women's Wear Item 45,CLOTHING,Women's Wear,West,Maharashtra,Pune,8461.21,6,0.1,7038.0,1423.21,Credit Card
ORD0013099,2025-04-21,CUST00193,Aarav Verma,PROD0013,Headphone Item 13,Electronics,Headphones,South,Telangana,Warangal,11170.71,1,0.0,6851.15,4319.56,Credit Card
ORD0012332,2025-04-26,CUST00354,Aarav Kumar,PROD0066,Snack Item 66,Grocery ,Snacks,North,Haryana,Gurugram,2784.36,4,0.0,2032.44,751.92,Net Banking
ORD0014371,2025-04-01,CUST00681,Aditi Verma,PROD0047,Women's Wear Item 47,Clothing,Women's Wear,West,Gujarat,Ahmedabad,9709.35,3,0.0,5854.62,3854.73,Credit Card
ORD0011662,2025-04-27,CUST00781,Saanvi Iyer,PROD0030,Bookcase Item 30,Furniture,Bookcases,West,Gujarat,Surat,15820.91,1,0.1,11996.41,3824.5,Credit Card
ORD0013213,2025-04-28,CUST00651,Manish Reddy,PROD0094,Storage Item 94,Office Supplies,Storage,West,Rajasthan,Udaipur,4611.54,1,0.0,3415.53,1196.01,UPI
ORD0012603,2025-04-13,CUST00687,Rahul Reddy,PROD0078,Personal Care Item 78,Grocery ,Personal Care,North,Haryana,Gurugram,1598.21,5,0.15,1351.3,246.91,Debit Card
ORD0014327,26 April 2025,CUST00581,Pooja Khan,PROD0067,Snack Item 67,Grocery,Snacks,West,Rajasthan,Jaipur,3779.86,7,0.15,3454.22,325.64,Credit Card
ORD0013905,2025-04-27,CUST00765,Aarav Rao,PROD0073,Staple Item 73,Grocery,Staples,North,Punjab,Ludhiana,218.19,3,0.0,137.82,80.37,UPI
ORD0012151,2025-04-27,CUST00869,Sanya Verma,PROD0081,Paper Item 81,OFFICE SUPPLIES,Paper,West,Rajasthan,Jaipur,11444.48,2,0.0,8039.92,3404.56,Credit Card
ORD0012866,07 April 2025,CUST00874,Pallavi Reddy,PROD0036,Sofa Item 36,Furniture,Sofas,South,Telangana,Warangal,9458.91,1,0.0,5273.47,4185.44,Credit Card
ORD0011991,2025-04-04,CUST00033,Neha Nair,PROD0096,Storage Item 96,Office Supplies,Storage,North,Punjab,Ludhiana,8193.64,6,0.1,6474.84,1718.8,Debit Card
ORD0013231,2025-04-25,CUST00098,Rajesh Verma,PROD0039,Storage Unit Item 39,Furniture,Storage Units,North,Punjab,Amritsar,116924.36,7,0.0,76014.05,40910.31,Credit Card
ORD0012729,2025-04-28,CUST00885,Aditi Gupta,PROD0084,Paper Item 84,Office Supplies,Paper,East,West Bengal,Howrah,9832.36,4,0.0,7092.64,5540.58,Credit Card
ORD0012545,2025-04-21,CUST00708,Pooja Joshi,PROD0051,Kids Wear Item 51,Clothing,Kids Wear,South,Tamil Nadu,Coimbatore,1059.26,2,0.0,703.94,355.32,Credit Card
ORD0013363,2025-04-24,CUST00028,Priya Sharma,PROD0054,Footwear Item 54,Clothing,Footwear,West,Maharashtra,Pune,20038.59,6,0.1,14022.3,6016.29,Credit Card
ORD0014081,2025-04-24,CUST00753,Pooja Gupta,PROD0063,Beverage Item 63,Grocery,Beverages,South,Telangana,Warangal,3842.75,5,0.05,2530.65,1312.1,Credit Card
ORD0013712,2025-04-30,CUST00546,Sanya Khan,PROD0073,Staple Item 73,Grocery,Staples,North,Delhi,Rohini,145.46,2,0.0,91.88,53.58,UPI
ORD0011545,2025-04-05,CUST00806,Shreya Patel,PROD0052,Kids Wear Item 52,Clothing,Kids Wear,West,Gujarat,Ahmedabad,4431.24,6,0.05,2743.08,1688.16,UPI
ORD0012617,01/04/2025,CUST00321,Aryan Rao,PROD0064,Beverage Item 64,Grocery,Beverages,West,Rajasthan,Jaipur,1937.44,2,0.15,1462.38,475.06,Cash on Delivery
ORD0011838,03/04/2025,CUST00351,Sanya Kumar,PROD0062,Beverage Item 62,Grocery,Beverages,South,Telangana,Warangal,4524.2,4,0.05,3251.96,1272.24,Credit Card
ORD0014093,2025-04-23,CUST00077,Sneha Iyer,PROD0058,Accessorie Item 58,Clothing,Accessories,East,West Bengal,Howrah,1254.43,1,0.2,931.9,322.53,UPI
ORD0012420,2025-04-08,CUST00523,Tanvi Patel,PROD0040,Storage Unit Item 40,Furniture,Storage Units,South,Telangana,Hyderabad,108245.85,6,0.05,68002.32,40243.53,Credit Card
ORD0013590,2025-04-23,CUST00277,Nikhil Nair,PROD0050,Kids Wear Item 50,Clothing,Kids Wear,West,Rajasthan,Jaipur,7155.83,2,0.1,4931.36,2224.47,UPI
ORD0012569,2025-04-07,CUST00491,Pooja Mehta,PROD0066,Snack Item 66,Grocery,Snacks,North,Delhi,New Delhi,1113.74,2,0.2,1016.22,97.52,UPI
ORD0013468,2025-04-13,CUST00632,Rahul Chatterjee,PROD0013,Headphone Item 13,Electronics,Headphones,North,Haryana,Faridabad,67024.26,6,0.0,41106.9,25917.36,UPI
ORD0012422,2025-04-20,CUST00197,Kavya Kumar,PROD0015,Headphone Item 15,Electronics,Headphones,South,Tamil Nadu,Coimbatore,71354.66,2,0.0,52358.8,18995.86,UPI
ORD0014067,29/04/2025,CUST00285,Riya Kumar,PROD0014,Headphone Item 14,Electronics,Headphones,East,Bihar,Gaya,32634.75,3,0.0,24899.76,7734.99,Credit Card
ORD0012568,2025-04-11,CUST00287,Saanvi Sharma,PROD0083,Paper Item 83,Office Supplies,Paper,East,West Bengal,Howrah,12542.67,7,0.1,11065.88,1476.79,Credit Card
ORD0012448,2025-04-24,CUST00606,Karan Joshi,PROD0045,Women's Wear Item 45,Clothing,Women's Wear,West,Gujarat,Ahmedabad,3133.78,2,0.0,2346.0,787.78,UPI
ORD0013004,30-Apr-2025,CUST00604,Sanya Mehta,PROD0036,Sofa Item 36,Furniture,Sofas,North,Delhi,Dwarka,56280.51,7,0.15,36914.29,19366.22,Debit Card
ORD0011864,2025-04-14,CUST00169,Rajesh Nair,PROD0068,Snack Item 68,Groceries,Snacks,East,Odisha,Cuttack,1596.6,3,0.0,1136.4,460.2,Net Banking
ORD0011589,2025-04-10,CUST00323,Shreya Nair,PROD0087,Binder Item 87,Office Supplies,Binders,South,Tamil Nadu,Coimbatore,4622.74,2,0.15,4263.72,359.02,Credit Card
ORD0013336,2025-04-09,CUST00513,Nikhil Sharma,PROD0064,Beverage Item 64,Grocery,Beverages,South,Karnataka,Bengaluru,5128.52,5,0.1,3655.95,3385.51,Net Banking
ORD0012099,2025-04-19,CUST00463,Rohan Malhotra,PROD0032,Bookcase Item 32,Furniture,Bookcases,East,Odisha,Cuttack,4244.82,1,0.2,3085.0,1159.82,UPI
ORD0012065,2025-04-03,CUST00522,Neha Nair,PROD0005,Laptop Item 5,Electronics,Laptops,West,Gujarat,Ahmedabad,43922.3,3,0.1,30437.85,13484.45,Credit Card
ORD0013443,2025-04-14,CUST00348,Aditi Iyer,PROD0079,Personal Care Item 79,Grocery,Personal Care,North,Haryana,Gurugram,1096.88,1,0.0,658.82,438.06,Credit Card
ORD0013344,2025-04-26,CUST00608,Aditi Verma,PROD0069,Dairy Item 69,Grocery,Dairy,South,Karnataka,Bengaluru,3106.04,7,0.0,2025.24,1080.8,Net Banking
ORD0011666,2025-04-26,CUST00381,Kabir Singh,PROD0079,Personal Care Item 79,Grocery,Personal Care,East,Bihar,Patna,3290.64,3,,1976.46,1314.18,UPI
ORD0012347,2025-04-08,CUST00164,Rohan Sharma,PROD0004,Mobile Phone Item 4,electronics,Mobile Phones,East,West Bengal,Kolkata,86888.32,3,0.05,52834.77,34053.55,UPI
ORD0012897,2025-04-08,CUST00513,Nikhil Sharma,PROD0009,Television Item 9,Electronics,Televisions,South,Tamil Nadu,Chennai,32499.12,6,0.05,19993.74,28027.75,UPI
ORD0014436,2025-04-05,CUST00454,Neha Patel,PROD0045,Women's Wear Item 45,Clothing,Women's Wear,East,Bihar,Patna,8774.58,7,0.2,8211.0,563.58,UPI
ORD0011879,2025-04-20,CUST00463,Rohan Malhotra,PROD0055,Footwear Item 55,Clothing,Footwear,East,West Bengal,Kolkata,9557.98,4,0.2,7948.36,1609.62,Debit Card
ORD0011458,2025-04-23,CUST00898,Priya Gupta,PROD0067,Snack Item 67,Grocery,Snacks,East,Bihar,Gaya,635.27,1,0.0,493.46,141.81,Net Banking
ORD0014193,2025-04-25,CUST00245,Manish Kumar,PROD0029,Bookcase Item 29,Furniture,Bookcases,West,Gujarat,Surat,82157.01,4,0.25,74425.0,7732.01,Net Banking
ORD0013449,2025-04-26,CUST00023,Aditi Malhotra,PROD0048,Women's Wear Item 48,Clothing,Women's Wear,North,Haryana,Gurugram,7064.2,2,0.05,4904.02,2160.18,Debit Card
ORD0012109,2025-04-24,CUST00870,Aarav Gupta,PROD0073,Staple Item 73,Grocery,Staples,East,West Bengal,Howrah,407.29,7,0.2,321.58,85.71,Cash on Delivery
ORD0012396,04-02-2025,CUST00586,Karan Das,PROD0091,Art Supplie Item 91,Office Supplies,Art Supplies,East,Odisha,Cuttack,8320.37,6,0.1,7194.06,1126.31,Credit Card
ORD0013661,06-Apr-2025,CUST00444,Vivaan Gupta,PROD0072,Dairy Item 72,grocery,Dairy,North,Punjab,Amritsar,1607.7,2,0.0,1150.68,457.02,Credit Card
ORD0014298,2025-04-21,CUST00083,Neha Chatterjee,PROD0073,Staple Item 73,Grocery,Staples,West,Maharashtra,Nagpur,392.74,6,0.1,275.64,117.1,Cash on Delivery
ORD0014234,2025-04-20,CUST00230,Divya Verma,PROD0080,Personal Care Item 80,Grocery,Personal Care,South,Tamil Nadu,Chennai,2020.17,3,0.0,1465.32,554.85,Net Banking
ORD0012125,2025-04-21,CUST00619,Aarav Verma,PROD0088,Binder Item 88,OFFICE SUPPLIES,Binders,West,Gujarat,Ahmedabad,9763.17,2,0.05,6480.22,3282.95,Net Banking
ORD0013149,2025-04-14,CUST00808,Vivaan Patel,PROD0091,Art Supplie Item 91,Office Supplies,Art Supplies,North,Delhi,Dwarka,1540.81,1,0.0,1199.01,341.8,UPI
ORD0011581,2025-04-27,CUST00400,Ananya Khan,PROD0006,Laptop Item 6,Electronics,Laptops,West,Gujarat,Ahmedabad,39304.86,1,0.15,35567.55,3737.31,Debit Card
ORD0012453,2025-04-10,CUST00001,Aditi Joshi,PROD0024,Chair Item 24,Furniture,Chairs,North,Delhi,New Delhi,95343.48,4,0.05,76559.16,18784.32,Debit Card
ORD0014005,2025-04-01,CUST00019,Divya Chatterjee,PROD0071,Dairy Item 71,Grocery,Dairy,North,Haryana,Gurugram,248.77,2,0.2,222.92,25.85,Credit Card
ORD0012582,2025-04-28,CUST00706,Vivaan Singh,PROD0091,Art Supplie Item 91,Office Supplies,Art Supplies,South,Telangana,Warangal,8320.37,6,0.1,7194.06,1126.31,UPI
ORD0012744,2025-04-26,CUST00575,Aryan Chatterjee,PROD0061,Beverage Item 61,Grocery,Beverages,West,Gujarat,Ahmedabad,5381.8,5,0.0,3968.55,1413.25,UPI
ORD0013957,2025-04-27,CUST00181,Divya Rao,PROD0079,Personal Care Item 79,Grocery,Personal Care,West,Rajasthan,Jaipur,6581.28,6,0.0,3952.92,2628.36,UPI
ORD0013785,2025-04-27,CUST00248,Saanvi Reddy,PROD0013,Headphone Item 13,Electronics,Headphones,South,Telangana,Warangal,74285.22,7,0.05,47958.05,26327.17,Net Banking
ORD0013930,2025-04-17,CUST00489,Aditi Kumar,PROD0082,Paper Item 82,Office Supplies,Paper,West,Gujarat,Surat,1284.1,1,0.2,1133.81,150.29,Debit Card
ORD0014358,2025-04-05,CUST00759,Priya Sharma,PROD0057,Accessorie Item 57,Clothing,Accessories,North,Delhi,Rohini,7684.88,5,0.25,8069.3,-384.42,Credit Card
ORD0012063,2025-04-25,CUST00294,Aryan Verma,PROD0019,Camera Item 19,Electronics,Cameras,North,Haryana,Gurugram,268755.09,5,0.05,164128.4,104626.69,Cash on Delivery
ORD0012108,2025-04-15,CUST00384,Karan Khan,PROD0041,Men's Wear Item 41,CLOTHING,Men's Wear,West,Maharashtra,Nagpur,27704.81,7,0.0,20905.43,6799.38,Credit Card
ORD0013485,2025-04-06,CUST00572,Sneha Chatterjee,PROD0071,Dairy Item 71,Grocery,Dairy,North,Delhi,Dwarka,419.8,3,0.1,334.38,85.42,UPI
ORD0013644,2025-04-28,CUST00459,Vikram Joshi,PROD0050,Kids Wear Item 50,Clothing,Kids Wear,West,Rajasthan,Jaipur,22660.12,6,0.05,14794.08,7866.04,Debit Card
ORD0014102,14 April 2025,CUST00083,Neha Chatterjee,PROD0043,Men's Wear Item 43,Clothing,Men's Wear,South,Karnataka,Mysuru,649.24,1,0.25,675.35,-26.11,Credit Card
ORD0012634,2025-04-07,CUST00359,Sanya Khan,PROD0030,Bookcase Item 30,Furniture,Bookcases,West,Gujarat,Surat,65920.46,5,0.25,59982.05,5938.41,UPI
ORD0013328,2025-04-12,CUST00739,Priya Reddy,PROD0044,Men's Wear Item 44,Clothing,Men's Wear,South,Telangana,Hyderabad,7424.87,5,0.05,4396.5,3028.37,Credit Card
ORD0013059,2025-04-13,CUST00697,Pallavi Mehta,PROD0043,Men's Wear Item 43,Clothing,Men's Wear,West,Maharashtra,Nagpur,4328.25,5,0.0,3376.75,951.5,Debit Card
ORD0012310,2025-04-01,CUST00869,Sanya Verma,PROD0017,Camera Item 17,Electronics,Cameras,South,Tamil Nadu,Coimbatore,120883.3,6,0.2,111817.62,9065.68,Credit Card
ORD0012193,2025-04-29,CUST00593,Neha Iyer,PROD0046,Women's Wear Item 46,Clothing,Women's Wear,West,Rajasthan,Udaipur,1953.02,1,0.25,1921.01,32.01,Credit Card
ORD0012134,2025-04-20,CUST00681,Aditi Verma,PROD0039,Storage Unit Item 39,Furniture,Storage Units,East,Odisha,Cuttack,66813.92,4,0.0,43436.6,23377.32,Net Banking
ORD0013974,04/04/2025,CUST00453,Rahul Mehta,PROD0061,Beverage Item 61,Grocery,Beverages,East,Bihar,Gaya,914.91,1,0.15,793.71,121.2,UPI
ORD0011877,2025-04-13,CUST00512,Amit Chatterjee,PROD0052,Kids Wear Item 52,Clothing,Kids Wear,East,Bihar,Patna,3887.05,5,0.0,2285.9,1601.15,UPI
ORD0013296,2025-04-05,CUST00100,Arjun Malhotra,PROD0095,Storage Item 95,Office Supplies,Storage,North,Punjab,Amritsar,7045.42,3,0.2,5848.68,1196.74,UPI
ORD0012278,2025-04-22,CUST00268,Pooja Patel,PROD0006,Laptop Item 6,Electronics,Laptops,East,Bihar,Gaya,69361.52,2,0.25,71135.1,-1773.58,Credit Card
ORD0012025,2025-04-17,CUST00691,Pallavi Iyer,PROD0083,Paper Item 83,Office Supplies,Paper,North,Delhi,Dwarka,13936.3,7,0.0,11065.88,2870.42,Debit Card
ORD0011249,2025-04-28,CUST00788,Ishaan Nair,PROD0075,Staple Item 75,Grocery,Staples,East,Odisha,Cuttack,7278.04,7,0.0,4451.79,2826.25,Debit Card
ORD0011772,2025-04-02,CUST00241,Saanvi Chatterjee,PROD0048,Women's Wear Item 48,Clothing,Women's Wear,East,Bihar,Patna,20077.2,6,0.1,14712.06,5365.14,Debit Card
ORD0012791,19 April 2025,CUST00805,Rohan Patel,PROD0021,Chair Item 21,Furniture,Chairs,West,Rajasthan,Udaipur,49236.3,5,0.0,37499.35,11736.95,Credit Card
ORD0011320,2025-04-10,CUST00895,Priya Joshi,PROD0054,Footwear Item 54,Clothing,Footwear,West,Maharashtra,Nagpur,12616.89,4,0.15,9348.2,3268.69,Debit Card
ORD0012566,2025-04-05,CUST00730,Rohan Singh,PROD0025,Table Item 25,Furniture,Tables,South,Telangana,Warangal,30710.47,1,0.0,19495.94,11214.53,UPI
ORD0012077,2025-04-17,CUST00345,Rahul Joshi,PROD0051,Kids Wear Item 51,Clothing,Kids Wear,East,Odisha,Bhubaneswar,2012.59,4,0.05,1407.88,604.71,Credit Card
ORD0012275,2025-04-13,CUST00172,Karan Singh,PROD0088,Binder Item 88,Office Supplies,Binders,East,Bihar,Gaya,35969.57,7,0.0,22680.77,13288.8,Credit Card
ORD0013578,2025-04-16,CUST00738,Pallavi Iyer,PROD0014,Headphone Item 14,Electronics,Headphones,East,West Bengal,Kolkata,29371.28,3,0.1,24899.76,4471.52,UPI
ORD0013875,07 April 2025,CUST00863,Vikram Joshi,PROD0036,Sofa Item 36,Furniture,Sofas,West,Gujarat,Surat,66212.37,7,0.0,36914.29,29298.08,Net Banking
ORD0012427,2025-04-30,CUST00042,Ishaan Chatterjee,PROD0093,Storage Item 93,Office Supplies,Storage,West,Rajasthan,Jaipur,9981.4,2,0.15,8645.62,1335.78,Debit Card
ORD0012979,23-Apr-2025,CUST00147,Rajesh Nair,PROD0031,, Furniture,Bookcases,West,Rajasthan,Jaipur,76602.52,4,0.0,50453.56,26148.96,Cash on Delivery
ORD0013186,25/04/2025,CUST00153,Vikram Patel,PROD0024,Chair Item 24,Furniture,Chairs,West,Maharashtra,Pune,23835.87,1,0.05,19139.79,8922.04,UPI
ORD0012460,2025-04-18,CUST00332,Vivaan Gupta,PROD0055,Footwear Item 55,Clothing,Footwear,East,Bihar,Gaya,5675.05,2,,3974.18,1700.87,Debit Card
ORD0013295,2025-04-03,CUST00378,Vikram Khan,PROD0082,Paper Item 82,OFFICE SUPPLIES,Paper,West,Maharashtra,Mumbai,9630.78,6,0.0,6802.86,2827.92,Credit Card
ORD0013364,24-Apr-2025,CUST00292,Diya Sharma,PROD0026,Table Item 26,Furniture,Tables,West,Maharashtra,Nagpur,85297.86,-6,0.25,69614.58,15683.28,Net Banking
ORD0012314,2025-04-10,CUST00584,Aarav Reddy,PROD0057,Accessorie Item 57,Clothing,Accessories,South,Karnataka,Mysuru,1639.44,1,0.2,1613.86,25.58,Credit Card
ORD0012439,04-29-2025,CUST00194,Aditi Chatterjee,PROD0089,Art Supplie Item 89,Office Supplies,Art Supplies,West,Rajasthan,Udaipur,11926.22,4,0.1,8910.96,3015.26,UPI
ORD0013742,04-30-2025,CUST00654,Rohan Gupta,PROD0085,Binder Item 85,Office Supplies,Binders,North,Delhi,Dwarka,225.19,1,0.05,154.08,71.11,Net Banking
ORD0011813,2025-04-04,CUST00492,Vikram Das,PROD0099,Appliance Item 99,Office Supplies,Appliances,South,Telangana,Warangal,9738.75,7,0.0,7343.14,2395.61,UPI
ORD0014049,04-02-2025,CUST00213,Neha Gupta,PROD0040,Storage Unit Item 40,Furniture,Storage Units,North,Punjab,Ludhiana,96851.55,6,0.15,68002.32,28849.23,Debit Card
ORD0012700,2025-04-27,CUST00436,Rahul Gupta,PROD0076,Staple Item 76,Grocery,Staples,North,Delhi,Rohini,2454.09,3,0.0,1429.11,1024.98,Credit Card
ORD0013573,2025-04-02,CUST00121,Ishaan Kumar,PROD0030,Bookcase Item 30,Furniture,Bookcases,North,Delhi,Rohini,35157.58,2,0.0,23992.82,11164.76,Credit Card
ORD0012913,2025-04-09,CUST00574,Sanya Joshi,PROD0079,Personal Care Item 79,grocery,Personal Care,East,West Bengal,Howrah,1645.32,2,0.25,1317.64,327.68,Debit Card
ORD0014043,2025-04-28,CUST00102,Priya Mehta,PROD0030,Bookcase Item 30,furniture,Bookcases,East,Odisha,Bhubaneswar,14063.03,1,0.2,11996.41,2066.62,Debit Card
ORD0013006,2025-04-05,CUST00520,Rahul Chatterjee,PROD0023,Chair Item 23,Furniture,Chairs,East,West Bengal,Howrah,64740.76,4,0.0,39577.0,25163.76,UPI
ORD0012404,12-Apr-2025,CUST00741,Ishaan Sharma,PROD0035,Sofa Item 35,Furniture,Sofas,West,Gujarat,Surat,138327.35,7,0.0,83263.32,55064.03,UPI
ORD0014044,2025-04-04,CUST00531,Shreya Mehta,PROD0078,Personal Care Item 78,Grocery,Personal Care,West,Rajasthan,Udaipur,752.1,2,0.0,540.52,211.58,Credit Card
ORD0013498,2025-04-21,CUST00173,Sneha Iyer,PROD0093,Storage Item 93,Office Supplies,Storage,North,Punjab,Amritsar,27889.2,5,0.05,21614.05,6275.15,Credit Card
ORD0013221,2025-04-23,CUST00465,Neha Kumar,PROD0065,Snack Item 65,Grocery,Snacks,East,West Bengal,Howrah,5350.78,7,0.15,4096.68,1254.1,UPI
ORD0013705,2025-04-07,CUST00189,Manish Mehta,PROD0058,Accessorie Item 58,Clothing,Accessories,West,Rajasthan,Jaipur,3998.5,3,0.15,2795.7,1202.8,UPI
ORD0012129,2025-04-01,CUST00669,Riya Iyer,PROD0045,Women's Wear Item 45,Clothing,Women's Wear,East,West Bengal,Howrah,7051.0,6,0.25,7038.0,13.0,Cash on Delivery
ORD0012742,2025-04-09,CUST00348,Aditi Iyer,PROD0078,Personal Care Item 78,Grocery,Personal Care,West,Gujarat,Surat,2632.35,7,0.0,1891.82,740.53,Credit Card
ORD0014175,2025-04-02,CUST00496,Arjun Singh,PROD0095,Storage Item 95,Office Supplies,Storage,East,Odisha,Cuttack,2788.81,1,0.05,1949.56,839.25,Credit Card
ORD0014432,2025-04-16,CUST00057,Vikram Khan,PROD0055,Footwear Item 55,clothing,Footwear,South,Karnataka,Mysuru,11200.76,5,0.25,9935.45,1265.31,Cash on Delivery
ORD0014207,2025-04-16,CUST00251,Diya Das,PROD0059,Accessorie Item 59,Clothing,Accessories,North,Delhi,Dwarka,7584.16,3,,6417.06,1167.1,Net Banking
ORD0012226,2025-04-11,CUST00578,Ananya Kumar,PROD0070,Dairy Item 70,Grocery,Dairy,South,Telangana,Warangal,1501.36,3,0.1,969.96,531.4,Credit Card
ORD0013023,2025-04-27,CUST00679,Arjun Patel,PROD0069,Dairy Item 69,Grocery,Dairy,North,Delhi,Dwarka,2529.2,6,0.05,1735.92,793.28,UPI
ORD0011329,2025-04-06,CUST00516,Priya Patel,PROD0071,Dairy Item 71,Grocery,Dairy,North,Delhi,Dwarka,816.27,7,0.25,780.22,36.05,Debit Card
ORD0012601,2025-04-01,CUST00284,Meera Gupta,PROD0078,Personal Care Item 78,Grocery,Personal Care,West,Maharashtra,Mumbai,714.5,2,0.05,540.52,173.98,Debit Card
ORD0013190,04-27-2025,CUST00020,Saanvi Das,PROD0013,Headphone Item 13,Electronics,Headphones,West,Maharashtra,Pune,26809.7,3,0.2,20553.45,14827.68,Credit Card
ORD0012060,2025-04-09,CUST00855,Rohan Gupta,PROD0050,Kids Wear Item 50,Clothing,Kids Wear,East,Odisha,Bhubaneswar,15901.84,4,0.0,9862.72,6039.12,Credit Card
ORD0011850,2025-04-05,CUST00191,Aarav Rao,PROD0094,Storage Item 94,OFFICE SUPPLIES,Storage,West,Rajasthan,Udaipur,17523.85,4,0.05,13662.12,3861.73,Debit Card
ORD0013411,2025-04-20,CUST00679,Arjun Patel,PROD0089,Art Supplie Item 89,Office Supplies,Art Supplies,West,Gujarat,Ahmedabad,915956.32,7,0.0,15594.18,7595.7,Net Banking
ORD0014031,2025-04-13,CUST00212,Manish Kumar,PROD0093,Storage Item 93,Office Supplies,Storage,North,Haryana,Gurugram,17614.23,3,0.0,12968.43,4645.8,UPI
ORD0014451,2025-04-22,CUST00114,Nikhil Kumar,PROD0070,Dairy Item 70,Grocery,Dairy,North,Delhi,Dwarka,1251.13,3,0.25,969.96,281.17,Debit Card
ORD0013239,2025-04-27,CUST00869,Sanya Verma,PROD0067,Snack Item 67,Grocery,Snacks,East,Odisha,Cuttack,1905.81,3,0.0,1480.38,425.43,UPI
ORD0011785,2025-04-06,CUST00438,Aryan Singh,PROD0025,Table Item 25,Furniture,Tables,North,Delhi,New Delhi,122841.88,4,0.0,77983.76,44858.12,UPI
ORD0011367,2025-04-18,CUST00513,Nikhil Sharma,PROD0014,Headphone Item 14,Electronics,Headphones,East,Bihar,Patna,46232.56,5,0.15,41499.6,7186.1,UPI
ORD0014445,2025-04-03,CUST00209,Pallavi Verma,PROD0050,Kids Wear Item 50,Clothing,Kids Wear,East,Odisha,Cuttack,19877.3,5,0.0,12328.4,7548.9,Debit Card
ORD0013028,2025-04-19,CUST00609,Sanya Mehta,PROD0088,Binder Item 88,Office Supplies,Binders,West,Gujarat,Surat,5138.51,1,0.0,3240.11,1898.4,UPI
ORD0012499,2025-04-22,CUST00826,Kabir Sharma,PROD0030,Bookcase Item 30,Furniture,Bookcases,North,Punjab,Amritsar,89651.83,6,0.15,71978.46,17673.37,Credit Card
ORD0012636,2025-04-21,CUST00895,Priya Joshi,PROD0098,Appliance Item 98,Office Supplies,Appliances,West,Gujarat,Ahmedabad,16007.26,6,0.25,13926.24,2081.02,Credit Card
ORD0013022,2025-04-06,CUST00882,Aarav Kumar,PROD0042,Men's Wear Item 42,Clothing,Men's Wear,East,West Bengal,Kolkata,14458.86,5,0.05,10154.55,4304.31,UPI
ORD0011710,2025-04-07,CUST00817,Aditi Rao,PROD0091,Art Supplie Item 91,Office Supplies,Art Supplies,South,Tamil Nadu,Coimbatore,6163.24,4,0.0,4796.04,1367.2,Credit Card
ORD0011227,2025-04-20,CUST00046,Rahul Joshi,PROD0062,Beverage Item 62,Grocery,Beverages,South,Karnataka,Mysuru,8334.06,7,0.0,5690.93,2643.13,UPI
ORD0013502,2025-04-04,CUST00034,Sneha Nair,PROD0029,Bookcase Item 29,Furniture,Bookcases,North,Haryana,Faridabad,164314.02,6,0.0,111637.5,52676.52,Debit Card
ORD0011228,2025-04-11,CUST00187,Neha Nair,PROD0026,Table Item 26,Furniture,Tables,East,West Bengal,Kolkata,99514.17,7,0.25,81217.01,18297.16,Credit Card
ORD0011904,2025-04-15,CUST00175,Kabir Patel,PROD0082,Paper Item 82,Office Supplies,Paper,East,Bihar,Patna,8426.93,7,0.25,7936.67,490.26,Debit Card
ORD0014109,2025-04-05,CUST00411,Aarav Das,PROD0019,Camera Item 19,Electronics,Cameras,South,Telangana,Hyderabad,215004.08,4,0.05,131302.72,83701.36,Debit Card
ORD0013879,2025-04-10,CUST00572,Sneha Chatterjee,PROD0051,Kids Wear Item 51,Clothing,Kids Wear,North,Haryana,Gurugram,1588.89,3,0.0,1055.91,532.98,Credit Card
ORD0012713,22/04/2025,CUST00748,Neha Reddy,PROD0064,Beverage Item 64,Grocery,Beverages,North,Delhi,New Delhi,7977.69,7,0.0,5118.33,2859.36,UPI
ORD0012431,2025-04-24,CUST00207,Saanvi Patel,PROD0045,Women's Wear Item 45,Clothing,Women's Wear,West,Maharashtra,Mumbai,6267.56,4,0.0,4692.0,1575.56,Net Banking
ORD0013356,2025-04-23,CUST00583,Sanya Verma,PROD0005,Laptop Item 5,Electronics,Laptops,West,Gujarat,Ahmedabad,30908.29,2,0.05,20291.9,10616.39,UPI
ORD0011302,2025-04-12,CUST00374,Sanya Nair,PROD0096,Storage Item 96,Office Supplies,Storage,West,Rajasthan,Udaipur,1365.61,1,0.1,1079.14,286.47,UPI
ORD0012219,2025-04-08,CUST00788,Ishaan Nair,PROD0017,Camera Item 17,Electronics,Cameras,North,Delhi,New Delhi,151104.12,N/A,0.0,111817.62,39286.5,Debit Card
ORD0014489,2025-04-06,CUST00589,Ananya Gupta,PROD0008,Laptop Item 8,Electronics,Laptops,North,Haryana,Faridabad,300739.09,6,0.15,278891.22,21847.87,UPI
ORD0013035,2025-04-03,CUST00388,Divya Malhotra,PROD0076,Staple Item 76,Grocery,Staples,East,Odisha,Cuttack,4417.36,6,0.1,2858.22,1559.14,Credit Card
ORD0014010,2025-04-27,CUST00045,Shreya Chatterjee,PROD0016,Headphone Item 16,Electronics,Headphones,West,Rajasthan,Jaipur,101616.77,6,0.1,72578.46,29038.31,Credit Card
ORD0012492,2025-04-05,CUST00274,Neha Kumar,PROD0022,Chair Item 22,Furniture,Chairs,West,Maharashtra,Mumbai,6938.63,1,0.0,4533.65,2404.98,Debit Card
ORD0013037,2025-04-30,CUST00256,Pallavi Mehta,PROD0086,Binder Item 86,Office Supplies,Binders,East,Bihar,Patna,15789.39,3,0.0,11092.95,4696.44,Credit Card
ORD0013655,2025-04-04,CUST00044,Aditi Iyer,PROD0093,Storage Item 93,Office Supplies,Storage,West,Gujarat,Ahmedabad,41099.87,7,0.0,30259.67,10840.2,Net Banking
ORD0012038,2025-04-19,CUST00169,Rajesh Nair,PROD0056,Footwear Item 56,Clothing,Footwear,West,Rajasthan,Udaipur,14394.56,7,0.25,13433.49,961.07,Net Banking
ORD0013013,2025-04-21,CUST00601,Amit Khan,PROD0013,Headphone Item 13,Electronics,Headphones,North,Punjab,Amritsar,41890.16,5,0.25,34255.75,7634.41,Credit Card
ORD0011309,2025-04-15,CUST00027,Arjun Khan,PROD0053,Footwear Item 53,Clothing,Footwear,South,Telangana,Warangal,6730.6,-3,,5132.94,1597.66,Debit Card
ORD0012254,2025-04-08,,Aryan Verma,PROD0081,Paper Item 81,Office Supplies,Paper,North,Delhi,New Delhi,11444.48,2,0.0,8039.92,3404.56,UPI
ORD0011460,2025-04-02,CUST00842,Vivaan Joshi,PROD0083,Paper Item 83,Office Supplies,Paper,West,Gujarat,Ahmedabad,7565.42,4,0.05,6323.36,1242.06,UPI
ORD0012511,2025-04-03,CUST00110,Rahul Rao,PROD0022,Chair Item 22,furniture,Chairs,East,Odisha,Cuttack,27754.52,4,0.0,18134.6,9619.92,UPI
ORD0012102,26/04/2025,CUST00315,Sanya Nair,PROD0095,Storage Item 95,Office Supplies,Storage,North,Delhi,Rohini,18494.22,7,0.1,13646.92,4847.3,UPI
ORD0013003,2025-04-07,CUST00597,Kabir Mehta,PROD0089,Art Supplie Item 89,Office Supplies,Art Supplies,North,Haryana,Gurugram,22030.39,7,0.05,15594.18,6436.21,Debit Card
ORD0013460,2025-04-06,CUST00570,Manish Singh,PROD0099,Appliance Item 99,Office Supplies,Appliances,South,Telangana,Warangal,3130.31,3,0.25,3147.06,-16.75,UPI
ORD0012502,2025-04-30,CUST00151,Arjun Chatterjee,PROD0055,Footwear Item 55,Clothing,Footwear,North,Punjab,Ludhiana,8960.61,4,0.25,7948.36,1012.25,Debit Card
ORD0013078,2025-04-19,CUST00682,Arjun Gupta,PROD0052,Kids Wear Item 52,Clothing,Kids Wear,West,Gujarat,Surat,4625.59,7,0.15,3200.26,1425.33,Cash on Delivery
ORD0012551,2025-04-23,CUST00428,Saanvi Chatterjee,PROD0032,Bookcase Item 32,Furniture,Bookcases,East,Odisha,Cuttack,26530.1,5,0.0,15425.0,11105.1,UPI
ORD0012069,2025-04-16,CUST00308,Aryan Das,PROD0054,Footwear Item 54,Clothing,Footwear,South,Telangana,Hyderabad,18554.25,5,0.0,11685.25,6869.0,UPI
ORD0014101,2025-04-06,CUST00554,Rohan Rao,PROD0050,Kids Wear Item 50,Clothing,Kids Wear,West,Rajasthan,Jaipur,19877.3,5,0.0,12328.4,7548.9,Credit Card
ORD0011647,2025-04-24,CUST00028,Priya Sharma,PROD0056,Footwear Item 56,Clothing,Footwear,East,Bihar,Patna,16313.83,7,0.15,13433.49,2880.34,UPI
ORD0013668,2025-04-20,CUST00254,Sanya Gupta,PROD0077,Personal Care Item 77,Grocery,Personal Care,South,Telangana,Hyderabad,1465.72,4,0.0,856.96,608.76,Debit Card
ORD0012378,2025-04-01,CUST00825,Pallavi Chatterjee,PROD0060,Accessorie Item 60,Clothing,Accessories,South,Telangana,Hyderabad,2828.32,7,0.1,2081.66,746.66,UPI
ORD0012156,04-03-2025,CUST00093,Priya Khan,PROD0086,Binder Item 86,Office Supplies,Binders,West,Maharashtra,Pune,31578.78,6,0.0,22185.9,9392.88,UPI
ORD0013459,2025-04-04,CUST00023,Aditi Malhotra,PROD0070,Dairy Item 70,Grocery,Dairy,South,Telangana,Warangal,2363.25,5,0.15,1616.6,746.65,UPI
ORD0013528,2025-04-26,CUST00740,Meera Reddy,PROD0010,Television Item 10,Electronics,Televisions,West,Rajasthan,Udaipur,69520.64,4,0.1,53162.0,16358.64,Net Banking
ORD0011965,2025-04-14,CUST00276,Nikhil Reddy,PROD0057,Accessorie Item 57,Clothing,Accessories,West,Rajasthan,Udaipur,14345.1,7,0.0,11297.02,3048.08,Net Banking
ORD0013492,2025-04-23,CUST00606,Karan Joshi,PROD0011,Television Item 11,Electronics,Televisions,East,Odisha,Cuttack,42680.6,7,0.15,38234.28,4446.32,Credit Card
ORD0011821,2025-04-16,CUST00343,Kabir Joshi,PROD0016,Headphone Item 16,Electronics,Headphones,North,Haryana,Faridabad,94089.6,5,0.0,60482.05,33607.55,Debit Card
ORD0012840,2025-04-18,CUST00126,Kabir Khan,PROD0048,Women's Wear Item 48,Clothing,Women's Wear,West,Gujarat,Surat,20820.8,7,0.2,17164.07,3656.73,UPI
ORD0011707,2025-04-15,CUST00617,Pallavi Mehta,PROD0079,Personal Care Item 79,Grocery,Personal Care,West,Rajasthan,Jaipur,5484.4,5,0.0,3294.1,2190.3,Debit Card
ORD0012666,2025-04-12,CUST00563,Divya Chatterjee,PROD0054,Footwear Item 54,Clothing,Footwear,North,Delhi,New Delhi,24677.15,7,0.05,16359.35,8317.8,Net Banking
ORD0013237,2025-04-20,CUST00848,Ishaan Das,PROD0074,Staple Item 74,Grocery,Staples,North,Delhi,Dwarka,1387.4,5,0.0,1032.95,354.45,UPI
ORD0013775,2025-04-27,CUST00770,Tanvi Kumar,PROD0025,Table Item 25,Furniture,Tables,West,Rajasthan,Udaipur,87524.84,3,0.05,58487.82,29037.02,Cash on Delivery
ORD0012249,2025-04-05,CUST00862,Riya Mehta,PROD0009,Television Item 9,Electronics,Televisions,South,Tamil Nadu,Chennai,4561.28,1,0.2,3332.29,1228.99,UPI
ORD0011428,2025-04-25,CUST00873,Meera Malhotra,PROD0055,Footwear Item 55,Clothing,Footwear,West,Maharashtra,Pune,20908.09,7,0.0,13909.63,6998.46,Credit Card
ORD0012177,2025-04-02,CUST00118,Priya Mehta,PROD0063,Beverage Item 63,Grocery ,Beverages,West,Maharashtra,Nagpur,2588.8,4,0.2,2024.52,564.28,UPI
ORD0013773,2025-04-09,CUST00212,Manish Kumar,PROD0100,Appliance Item 100,Office Supplies,Appliances,East,West Bengal,Howrah,19673.97,4,0.05,12258.44,21666.73,Debit Card
ORD0014387,2025-04-30,CUST00580,Kavya Nair,PROD0013,Headphone Item 13,Electronics ,Headphones,West,Gujarat,Surat,78194.97,7,0.0,47958.05,30236.92,Net Banking
ORD0014275,2025-04-03,CUST00109,Aditi Verma,PROD0053,Footwear Item 53,Clothing,Footwear,North,Punjab,Amritsar,4223.12,2,0.2,3421.96,801.16,Net Banking
ORD0013955,2025-04-10,CUST00240,Riya Verma,PROD0099,Appliance Item 99,Office Supplies,Appliances,West,Rajasthan,Jaipur,8347.5,6,,6294.12,2053.38,Credit Card
ORD0013640,2025-04-13,CUST00224,Ananya Malhotra,PROD0009,Television Item 9,Electronics,Televisions,East,Odisha,Cuttack,4561.28,1,0.2,3332.29,1228.99,Cash on Delivery
ORD0013968,2025-04-10,CUST00118,Priya Mehta,PROD0057,Accessorie Item 57,Clothing,Accessories,South,Telangana,Hyderabad,10246.5,5,0.0,8069.3,2177.2,Debit Card
ORD0011961,2025-04-15,CUST00265,Sneha Rao,PROD0040,Storage Unit Item 40,Furniture,Storage Units,West,Maharashtra,Pune,37981.0,2,0.0,22667.44,15313.56,UPI
ORD0012647,2025-04-20,CUST00776,Saanvi Chatterjee,PROD0095,Storage Item 95,Office Supplies,Storage,West,Rajasthan,Jaipur,15852.19,6,0.1,11697.36,4154.83,Debit Card
ORD0012685,2025-04-27,CUST00277,Nikhil Nair,PROD0005,Laptop Item 5,Electronics,Laptops,South,Tamil Nadu,Coimbatore,82964.35,6,0.15,60875.7,22088.65,Cash on Delivery
ORD0013860,2025-04-06,CUST00503,Diya Rao,PROD0064,Beverage Item 64,Grocery,Beverages,South,Tamil Nadu,Coimbatore,3419.01,4,0.25,2924.76,494.25,Credit Card
ORD0014465,2025-04-18,CUST00243,Rahul Gupta,PROD0060,Accessorie Item 60,Clothing,Accessories,North,Delhi,Dwarka,808.09,2,0.1,594.76,213.33,UPI
ORD0013638,2025-04-16,CUST00237,Neha Khan,PROD0090,Art Supplie Item 90,Office Supplies,Art Supplies,West,Rajasthan,Jaipur,2872.49,1,0.25,2426.41,446.08,Net Banking
ORD0013729,2025-04-30,CUST00433,Divya Mehta,PROD0019,Camera Item 19,Electronics,Cameras,South,Telangana,Warangal,226320.08,5,0.2,164128.4,62191.68,UPI
ORD0014241,2025-04-11,CUST00701,Divya Gupta,PROD0072,Dairy Item 72,Grocery,Dairy,West,Maharashtra,Mumbai,1205.78,2,0.25,1150.68,55.1,UPI
ORD0012481,2025-04-29,CUST00842,Vivaan Joshi,PROD0012,Television Item 12,Electronics,Televisions,South,Tamil Nadu,Coimbatore,107103.68,3,0.05,77294.04,29809.64,Debit Card
ORD0013493,2025-04-17,CUST00661,Diya Iyer,PROD0088,Binder Item 88,Office Supplies,Binders,West,Maharashtra,Mumbai,18498.64,4,0.1,12960.44,5538.2,UPI
ORD0013971,2025-04-15,CUST00630,Vikram Joshi,PROD0057,Accessorie Item 57,Clothing,Accessories,North,Punjab,Amritsar,3278.88,2,0.2,3227.72,51.16,Credit Card
ORD0011235,20 April 2025,CUST00795,Divya Sharma,PROD0012,Television Item 12,Electronics,Televisions,West,Maharashtra,Nagpur,191659.22,6,0.15,154588.08,37071.14,Net Banking
ORD0013621,2025-04-06,CUST00595,Vikram Sharma,PROD0072,Dairy Item 72,Grocery,Dairy,South,Tamil Nadu,Chennai,3617.32,5,0.1,2876.7,740.62,UPI
ORD0011474,2025-04-10,CUST00478,Shreya Kumar,PROD0073,Staple Item 73,Grocery,Staples,North,Delhi,New Delhi,290.92,4,0.0,183.76,107.16,UPI
ORD0014485,2025-04-28,CUST00837,Saanvi Joshi,PROD0079,Personal Care Item 79,Grocery,Personal Care,East,Bihar,Gaya,1864.7,2,0.15,1317.64,547.06,Credit Card
ORD0012929,2025-04-17,CUST00568,Karan Sharma,PROD0037,Storage Unit Item 37,Furniture,Storage Units,East,Bihar,Patna,4137.97,1,0.15,3793.36,344.61,UPI
ORD0011853,2025-04-03,CUST00872,Rahul Sharma,PROD0006,Laptop Item 6,Electronics,Laptops,West,Maharashtra,Mumbai,184964.04,5,0.2,177837.75,7126.29,Debit Card
ORD0013816,2025-04-02,CUST00513,Nikhil Sharma,PROD0076,Staple Item 76,Grocery,Staples,South,Telangana,Hyderabad,613.52,1,0.25,476.37,137.15,Debit Card
ORD0011218,2025-04-22,CUST00411,Aarav Das,PROD0074,Staple Item 74,Grocery,Staples,West,Rajasthan,Udaipur,499.46,2,0.1,413.18,86.28,UPI
ORD0011223,2025-04-23,CUST00741,Ishaan Sharma,PROD0093,Storage Item 93,Office Supplies,Storage,North,Punjab,Amritsar,22311.36,4,0.05,17291.24,5020.12,Cash on Delivery
ORD0013314,2025-04-14,CUST00220,Aditi Reddy,PROD0093,Storage Item 93,Office Supplies,Storage,West,Maharashtra,Nagpur,23485.64,4,0.0,17291.24,6194.4,Credit Card
ORD0013057,2025-04-23,CUST00098,Rajesh Verma,PROD0036,Sofa Item 36,Furnitures,Sofas,North,Haryana,Gurugram,30268.51,4,0.2,21093.88,9174.63,Debit Card
ORD0014362,2025-04-08,CUST00563,Divya Chatterjee,PROD0058,Accessorie Item 58,Clothing,Accessories,North,Punjab,Ludhiana,7997.0,6,0.15,5591.4,2405.6,Cash on Delivery
ORD0011985,2025-04-13,CUST00488,Ishaan Gupta,PROD0045,Women's Wear Item 45,Clothing,Women's Wear,South,Telangana,Warangal,4230.6,3,0.1,3519.0,711.6,UPI
ORD0011868,2025-04-27,CUST00698,Meera Kumar,PROD0039,Storage Unit Item 39,Furniture,Storage Units,South,Telangana,Warangal,47604.92,3,0.05,32577.45,15027.47,Credit Card
ORD0014103,04-23-2025,CUST00573,Ananya Khan,PROD0036,Sofa Item 36,Furniture,Sofas,South,Tamil Nadu,Chennai,18917.82,2,0.0,10546.94,8370.88,Credit Card
ORD0012263,2025-04-23,CUST00696,Ananya Singh,PROD0022,Chair Item 22,Furniture,Chairs,West,Maharashtra,Pune,22203.62,4,0.2,18134.6,4069.02,UPI
ORD0013193,2025-04-03,CUST00771,Priya Gupta,PROD0085,Binder Item 85,Office Supplies,Binders,North,Punjab,Ludhiana,533.34,3,0.25,462.24,71.1,Credit Card
ORD0011950,2025-04-23,CUST00626,Rohan Reddy,PROD0069,Dairy Item 69,Grocery,Dairy,North,Haryana,Faridabad,2218.6,5,0.0,1446.6,1740.05,UPI
ORD0011640,2025-04-11,CUST00374,Sanya Nair,PROD0052,Kids Wear Item 52,Clothing,Kids Wear,North,Punjab,Ludhiana,777.41,1,0.0,457.18,320.23,UPI
ORD0013872,2025-04-14,CUST00393,Priya Kumar,PROD0059,Accessorie Item 59,Clothing,Accessories,West,Maharashtra,Pune,4775.21,2,0.15,4278.04,497.17,UPI
ORD0013202,2025-04-20,CUST00147,Rajesh Nair,PROD0097,Appliance Item 97,Office Supplies,Appliances,North,Punjab,Amritsar,10299.84,6,0.05,6661.86,3637.98,Credit Card
ORD0012772,2025-04-17,CUST00760,Priya Khan,PROD0072,Dairy Item 72,Grocery,Dairy,East,Odisha,Bhubaneswar,3215.4,5,0.2,2876.7,338.7,UPI
ORD0012859,2025-04-27,CUST00767,Sneha Gupta,PROD0021,Chair Item 21,Furniture,Chairs,North,Delhi,Dwarka,29541.78,3,0.0,22499.61,7042.17,Debit Card
ORD0014174,2025-04-20,CUST00339,Pooja Verma,PROD0024,Chair Item 24,furniture,Chairs,North,Delhi,Dwarka,90325.4,4,0.1,76559.16,13766.24,Debit Card
ORD0013594,2025-04-01,CUST00238,Riya Joshi,PROD0061,Beverage Item 61,GROCERY,Beverages,West,Gujarat,Ahmedabad,1022.54,1,0.05,793.71,228.83,Net Banking
ORD0013258,2025-04-23,CUST00432,Diya Joshi,PROD0049,Kids Wear Item 49,Clothing,Kids Wear,East,Bihar,Patna,3996.52,2,0.25,2933.86,1062.66,UPI
ORD0011374,2025-04-06,CUST00894,Kabir Verma,PROD0095,Storage Item 95,Office-Supplies,Storage,North,Delhi,Rohini,16732.86,6,0.05,11697.36,5035.5,UPI
ORD0012319,2025-04-10,CUST00816,Pooja Rao,PROD0065,Snack Item 65,Grocery,Snacks,East,Odisha,Cuttack,1798.58,2,0.0,1170.48,628.1,UPI
ORD0012596,2025-04-20,CUST00806,Shreya Patel,PROD0021,Chair Item 21,Furniture,Chairs,North,Haryana,Faridabad,9354.9,1,0.05,7499.87,1855.03,Net Banking
ORD0013446,05-Apr-2025,CUST00262,Kabir Chatterjee,PROD0051,Kids Wear Item 51,Clothing,Kids Wear,West,Rajasthan,Udaipur,3707.41,7,0.0,2463.79,1243.62,Credit Card
ORD0013353,2025-04-08,CUST00543,Meera Chatterjee,PROD0032,Bookcase Item 32,Furniture,Bookcases,North,Delhi,Rohini,3979.52,1,0.25,3085.0,894.52,Cash on Delivery
ORD0012960,2025-04-06,CUST00718,Ananya Verma,PROD0029,Bookcase Item 29,Furniture,Bookcases,East,Odisha,Bhubaneswar,unknown,5,0.15,93031.25,23357.85,Net Banking
ORD0011716,2025-04-07,CUST00312,Ishaan Reddy,PROD0089,Art Supplie Item 89,Office Supplies,Art Supplies,South,Karnataka,Mysuru,7950.82,,0.2,6683.22,1267.6,Debit Card
ORD0011787,2025-04-10,CUST00266,Pooja Patel,PROD0034,Sofa Item 34,Furniture,Sofas,South,Tamil Nadu,Chennai,80159.11,3,0.2,59206.95,20952.16,UPI
ORD0014191,2025-04-09,CUST00547,Divya Reddy,PROD0038,,Furniture,Storage Units,East,Odisha,Cuttack,63700.72,6,0.1,49688.82,14011.9,Debit Card
ORD0012628,2025-04-01,CUST00487,Priya Khan,PROD0024,Chair Item 24,FURNITURE,Chairs,West,Rajasthan,Udaipur,131724.55,7,0.25,133978.53,-2253.98,Cash on Delivery
ORD0011488,2025-04-23,CUST00035,Aditi Khan,PROD0083,Paper Item 83,Office Supplies,Paper,West,Maharashtra,Mumbai,3981.8,2,0.0,3161.68,1244.84,Cash on Delivery
ORD0012196,2025-04-24,CUST00416,Rohan Gupta,PROD0045,Women's Wear Item 45,Clothing,Women's Wear,East,West Bengal,Kolkata,4700.67,4,0.25,4692.0,8.67,UPI
ORD0012714,20/04/2025,CUST00402,Sanya Rao,PROD0046,Women's Wear Item 46,Clothing,Women's Wear,North,Punjab,Ludhiana,5208.04,2,0.0,3842.02,1366.02,Cash on Delivery
ORD0011413,2025-04-26,CUST00825,Pallavi Chatterjee,PROD0086,Binder Item 86,Office Supplies,Binders,East,West Bengal,Kolkata,28420.9,6,0.1,22185.9,6235.0,Credit Card
ORD0011423,2025-04-05,CUST00620,Saanvi Sharma,PROD0081,Paper Item 81,Office Supplies,Paper,South,Tamil Nadu,Coimbatore,24319.52,5,0.15,20099.8,4219.72,Net Banking
ORD0011324,2025-04-03,CUST00633,Rohan Sharma,PROD0043,Men's Wear Item 43,Clothing,Men's Wear,North,Punjab,Ludhiana,1298.47,2,0.25,1350.7,-52.23,Credit Card
ORD0012210,2025-04-13,CUST00258,Rajesh Verma,PROD0044,Men's Wear Item 44,Apparel,Men's Wear,North,Delhi,Dwarka,5627.27,4,0.1,3517.2,2110.07,UPI
ORD0012257,2025-04-27,CUST00870,Aarav Gupta,PROD0002,Mobile Phone Item 2,Electronics,Mobile Phones,East,Odisha,Cuttack,11185.1,3,0.1,8331.33,2853.77,Cash on Delivery
ORD0012524,2025-04-19,CUST00785,Sneha Malhotra,PROD0077,Personal Care Item 77,Grocery,Personal Care,South,Tamil Nadu,Coimbatore,2198.58,6,0.0,1285.44,913.14,Cash on Delivery
ORD0013325,2025-04-10,CUST00555,Rajesh Sharma,PROD0004,Mobile Phone Item 4,Electronics,Mobile Phones,East,Bihar,Gaya,182922.78,6,0.0,105669.54,77253.24,UPI
ORD0013716,2025-04-30,CUST00160,Rajesh Joshi,PROD0061,Beverage Item 61,Grocery,Beverages,North,Delhi,New Delhi,4305.44,4,0.0,3174.84,1130.6,UPI
ORD0014354,27-Apr-2025,CUST00327,Meera Joshi,PROD0035,Sofa Item 35,Furniture,Sofas,East,Bihar,Gaya,18773.0,1,0.05,11894.76,6878.24,Credit Card
ORD0013205,2025-04-04,CUST00318,Kabir Das,PROD0035,Sofa Item 35,Furniture,Sofas,North,Delhi,Rohini,98805.25,5,0.0,59473.8,39331.45,Credit Card
ORD0013073,2025-04-13,CUST00269,Rahul Verma,PROD0051,Kids Wear Item 51,Clothing,Kids Wear,South,Tamil Nadu,Coimbatore,1006.3,2,0.05,703.94,302.36,UPI
ORD0014151,04-09-2025,CUST00770,Tanvi Kumar,PROD0029,Bookcase Item 29,Furniture,Bookcases,North,Punjab,Amritsar,143774.77,7,0.25,130243.75,13531.02,UPI
ORD0013534,2025-04-13,CUST00679,Arjun Patel,PROD0005,Laptop Item 5,electronics,Laptops,West,Gujarat,Ahmedabad,39042.05,3,0.2,30437.85,8604.2,Credit Card
ORD0013189,2025-04-18,CUST00291,Aditi Chatterjee,PROD0022,Chair Item 22,FURNITURE,Chairs,West,Gujarat,Ahmedabad,26019.86,5,0.25,22668.25,3351.61,Net Banking
ORD0012531,2025-04-08,CUST00117,Aarav Joshi,PROD0024,Chair Item 24,Furniture,Chairs,East,West Bengal,Kolkata,175632.73,7,0.0,133978.53,41654.2,Credit Card
ORD0012581,2025-04-15,CUST00251,Diya Das,PROD0050,Kids Wear Item 50,Clothing,Kids Wear,East,Bihar,Gaya,21467.48,6,0.1,14794.08,6673.4,Cash on Delivery
ORD0013515,2025-04-24,CUST00504,Divya Singh,PROD0055,Footwear Item 55,Clothing,Footwear,West,Gujarat,Surat,8960.61,3,0.0,5961.27,2999.34,UPI
ORD0012691,2025-04-19,CUST00162,Karan Rao,PROD0004,Mobile Phone Item 4,Electronics,Mobile Phones,North,Haryana,Faridabad,45730.7,2,0.25,35223.18,10507.52,UPI
ORD0012017,23/04/2025,CUST00265,Sneha Rao,PROD0065,Snack Item 65,Grocery,Snacks,West,Maharashtra,Mumbai,4856.17,6,0.1,3511.44,1344.73,UPI
ORD0013522,2025-04-07,CUST00070,Arjun Reddy,PROD0030,Bookcase Item 30,Furniture,Bookcases,North,Punjab,Amritsar,56252.13,4,0.2,47985.64,8266.49,Credit Card
ORD0012043,2025-04-29,CUST00340,Sanya Rao,PROD0050,Kids Wear Item 50,Clothing,Kids Wear,South,Telangana,Hyderabad,18883.43,5,0.05,12328.4,6555.03,Cash on Delivery
ORD0011600,2025-04-09,CUST00321,Aryan Rao,PROD0020,Camera Item 20,electronics,Cameras,South,Tamil Nadu,Coimbatore,145592.48,3,0.1,93033.42,52559.06,Debit Card
ORD0011430,2025-04-10,CUST00405,Kavya Malhotra,PROD0027,Table Item 27,Furniture,Tables,South,Tamil Nadu,Coimbatore,31184.94,4,0.15,21657.52,9527.42,Credit Card
ORD0011224,2025-04-26,CUST00189,Manish Mehta,PROD0034,Sofa Item 34,Furniture,Sofas,West,Maharashtra,Pune,150298.34,5,0.1,98678.25,51620.09,Debit Card
ORD0013987,2025-04-25,CUST00534,Sneha Das,PROD0048,Women's Wear Item 48,Clothing,Women's Wear,South,Karnataka,Bengaluru,7436.0,2,0.0,4904.02,2531.98,Net Banking
ORD0012415,2025-04-10,CUST00241,Saanvi Chatterjee,PROD0098,Appliance Item 98,Office Supplies,Appliances,North,Delhi,Rohini,20275.87,6,0.05,13926.24,6349.63,UPI
ORD0011981,2025-04-09,CUST00019,Divya Chatterjee,PROD0022,Chair Item 22,Furniture,Chairs,South,Tamil Nadu,Coimbatore,20815.89,3,0.0,13600.95,7214.94,UPI
ORD0011776,2025-04-07,CUST00656,Sanya Nair,PROD0029,Bookcase Item 29,Furniture,Bookcases,North,Punjab,Ludhiana,82157.01,4,0.25,74425.0,7732.01,Debit Card
ORD0011606,2025-04-04,CUST00716,Priya Patel,PROD0071,Dairy Item 71,Grocery,Dairy,North,Punjab,Amritsar,310.96,2,0.0,222.92,88.04,UPI
ORD0012079,2025-04-21,CUST00861,Aditi Mehta,PROD0090,Art Supplie Item 90,Office Supplies,Art Supplies,East,West Bengal,Kolkata,3446.99,1,0.1,2426.41,1020.58,UPI
ORD0013856,2025-04-07,CUST00713,Rohan Chatterjee,PROD0060,Accessorie Item 60,Clothing,Accessories,South,Tamil Nadu,Coimbatore,1010.12,,0.25,892.14,117.98,Net Banking
ORD0013776,2025-04-29,CUST00158,Rohan Das,PROD0008,Laptop Item 8,Electronics,Laptops,South,Karnataka,Mysuru,100246.36,2,0.15,92963.74,7282.62,Credit Card
ORD0012792,2025-04-25,CUST00212,Manish Kumar,PROD0068,Snack Item 68,Grocery,Snacks,West,Maharashtra,Mumbai,399.15,1,0.25,378.8,20.35,Debit Card
ORD0013423,2025-04-05,CUST00850,Arjun Malhotra,PROD0023,Chair Item 23,Furniture,Chairs,East,Odisha,Cuttack,84972.25,7,0.25,69259.75,15712.5,Credit Card
ORD0012114,2025-04-01,CUST00338,Karan Mehta,PROD0034,Sofa Item 34,Furniture,Sofas,North,Delhi,New Delhi,133598.52,4,0.0,78942.6,54655.92,UPI
ORD0012288,2025-04-23,CUST00828,Ishaan Gupta,PROD0094,Storage Item 94,Office Supplies,Storage,South,Telangana,Warangal,7378.46,2,0.2,6831.06,547.4,Credit Card
ORD0012855,2025-04-21,CUST00401,Aarav Iyer,PROD0070,Dairy Item 70,grocery,Dairy,North,Punjab,Ludhiana,3892.42,7,0.0,2263.24,1629.18,Debit Card
ORD0011241,2025-04-15,CUST00433,Divya Mehta,PROD0044,Men's Wear Item 44,Clothing,Men's Wear,West,Maharashtra,Mumbai,7815.65,5,0.0,4396.5,3419.15,Cash on Delivery
ORD0013251,2025-04-19,CUST00458,,PROD0076,Staple Item 76,GROCERY,Staples,East,Odisha,Cuttack,4090.15,5,0.0,2381.85,1708.3,Debit Card
ORD0013350,2025-04-21,CUST00277,Nikhil Nair,PROD0099,Appliance Item 99,Office Supplies,Appliances,North,Haryana,Gurugram,1043.44,1,0.25,1049.02,-5.58,Net Banking
ORD0014297,2025-04-19,CUST00270,Vikram Sharma,PROD0024,Chair Item 24,Furniture,Chairs,North,Delhi,New Delhi,75271.17,4,0.25,76559.16,-1287.99,Net Banking
ORD0014123,2025-04-07,CUST00850,Arjun Malhotra,PROD0026,Table Item 26,Furniture,Tables,North,Delhi,Rohini,112782.73,7,0.15,81217.01,31565.72,UPI
ORD0013919,2025-04-07,CUST00503,Diya Rao,PROD0017,Camera Item 17,Electronics,Cameras,East,West Bengal,Kolkata,132216.11,7,0.25,130453.89,1762.22,Debit Card
ORD0012425,2025-04-10,CUST00545,Riya Patel,PROD0088,Binder Item 88,Office Supplies,Binders,East,West Bengal,Kolkata,8735.47,2,0.15,6480.22,2255.25,Debit Card
ORD0012827,2025-04-11,CUST00645,Diya Kumar,PROD0006,Laptop Item 6,Electronics,Laptops,South,Tamil Nadu,Chennai,242765.3,7,0.25,248972.85,-6207.55,Net Banking
ORD0011338,2025-04-07,CUST00324,Rahul Singh,PROD0029,Bookcase Item 29,Furniture,Bookcases,South,Telangana,Warangal,27385.67,1,0.0,18606.25,8779.42,UPI
ORD0012003,2025-04-02,CUST00427,Rajesh Gupta,PROD0006,Laptop Item 6,Electronics,Laptops,West,Maharashtra,Nagpur,138723.03,3,0.0,106702.65,32020.38,UPI
ORD0013938,08/04/2025,CUST00425,Nikhil Kumar,PROD0087,Binder Item 87,Office Supplies,Binders,North,Delhi,New Delhi,8157.78,4,0.25,8527.44,-369.66,UPI
ORD0012346,2025-04-28,CUST00375,Ananya Patel,PROD0072,Dairy Item 72,Grocery,Dairy,East,West Bengal,Howrah,602.89,1,0.25,575.34,27.55,UPI
ORD0012139,2025-04-12,CUST00042,Ishaan Chatterjee,PROD0017,Camera Item 17,Electronics,Cameras,North,Punjab,Amritsar,176288.14,7,0.0,130453.89,45834.25,Credit Card
ORD0013064,2025-04-30,CUST00805,Rohan Patel,PROD0054,Footwear Item 54,Clothing,Footwear,West,Gujarat,Surat,21151.84,6,0.05,14022.3,7129.54,UPI
ORD0011767,2025-04-18,CUST00378,Vikram Khan,PROD0024,Chair Item 24,Furniture,Chairs,East,Odisha,Bhubaneswar,131724.55,7,0.25,133978.53,-2253.98,Credit Card
ORD0012754,30/04/2025,CUST00732,Vivaan Sharma,PROD0087,Binder Item 87,Office Supplies,Binders,North,Punjab,Ludhiana,2039.45,1,0.25,2131.86,-92.41,UPI
ORD0011303,2025-04-30,CUST00824,Arjun Das,PROD0026,Table Item 26,Furniture,Tables,West,Rajasthan,Jaipur,56865.24,3,0.0,34807.29,22057.95,Credit Card
ORD0011248,10 April 2025,CUST00109,Aditi Verma,PROD0010,Television Item 10,Electronic,Televisions,East,Bihar,Patna,73382.9,4,0.05,53162.0,20220.9,UPI
ORD0014378,2025-04-10,CUST00634,Vivaan Nair,PROD0041,Men's Wear Item 41,Clothing,Men's Wear,West,Maharashtra,Mumbai,7519.88,2,0.05,5972.98,1546.9,UPI
ORD0012902,2025-04-30,CUST00013,Shreya Das,PROD0026,Table Item 26,Furniture,Tables,North,Delhi,Dwarka,75820.32,4,0.0,46409.72,29410.6,Debit Card
ORD0013548,2025-04-17,CUST00299,Pooja Joshi,PROD0014,Headphone Item 14,Electronics ,Headphones,South,Karnataka,Bengaluru,76147.75,7,0.0,58099.44,18048.31,UPI
ORD0013369,2025-04-25,CUST00728,Pooja Verma,PROD0019,Camera Item 19,Electronics,Cameras,South,Telangana,Warangal,101844.04,2,0.1,65651.36,36192.68,UPI
ORD0011331,2025-04-23,CUST00514,Aditi Iyer,PROD0018,Camera Item 18,ELECTRONICS,Cameras,West,Gujarat,Surat,126043.16,3,0.1,84267.33,41775.83,Net Banking
ORD0011383,2025-04-06,CUST00387,Aarav Mehta,PROD0084,Paper Item 84,Office Supplies,Paper,East,Odisha,Bhubaneswar,16346.3,7,0.05,12412.12,3934.18,UPI
ORD0012391,2025-04-08,CUST00094,Ishaan Reddy,PROD0084,Paper Item 84,Office Supplies,Paper,North,Punjab,Ludhiana,12536.26,6,0.15,10638.96,1897.3,UPI
ORD0013951,24-Apr-2025,CUST00784,Pallavi Kumar,PROD0071,Dairy Item 71,Grocery,Dairy,South,Tamil Nadu,Coimbatore,124.38,1,0.2,111.46,12.92,UPI
ORD0013271,2025-04-12,CUST00224,Ananya Malhotra,PROD0041,Men's Wear Item 41,Clothing,Men's Wear,North,Punjab,Amritsar,11279.82,3,0.05,8959.47,2320.35,UPI
ORD0011231,2025-04-07,CUST00749,Vikram Joshi,PROD0011,Television Item 11,Electronics,Televisions,North,Haryana,Faridabad,50212.47,7,0.0,38234.28,11978.19,Net Banking
ORD0013596,2025-04-16,CUST00112,Tanvi Gupta,PROD0090,Art Supplie Item 90,Office Supplies,Art Supplies,West,Maharashtra,Mumbai,10340.97,3,0.1,7279.23,3061.74,UPI
ORD0012192,2025-04-18,CUST00569,Tanvi Nair,PROD0046,Women's Wear Item 46,Clothing,Women's Wear,West,Gujarat,Ahmedabad,2473.82,1,0.05,1921.01,552.81,Credit Card
ORD0014131,2025-04-14,CUST00326,Priya Das,PROD0055,Footwear Item 55,Clothing,Footwear,North,Delhi,New Delhi,5376.37,2,0.1,3974.18,1402.19,Debit Card
ORD0011820,2025-04-29,CUST00081,Pallavi Das,PROD0063,,Grocery,Beverages,South,Karnataka,Bengaluru,606.75,1,0.25,506.13,100.62,Debit Card
ORD0014172,2025-04-05,CUST00794,Nikhil Verma,PROD0028,Table Item 28,Furniture,Tables,West,Maharashtra,Mumbai,62602.44,2,0.05,50872.54,11729.9,Cash on Delivery
ORD0013422,2025-04-16,CUST00602,Pallavi Joshi,PROD0020,Camera Item 20,Electronics,Cameras,North,Punjab,Amritsar,45834.67,1,0.15,31011.14,14823.53,Debit Card
ORD0011345,2025-04-11,CUST00422,Sneha Sharma,PROD0042,Men's Wear Item 42,Clothing,Men's Wear,West,Rajasthan,Udaipur,3043.97,1,0.0,2030.91,1013.06,UPI
ORD0013471,2025-04-30,CUST00140,Vivaan Verma,PROD0095,Storage Item 95,office supplies,Storage,South,Karnataka,Mysuru,14677.95,5,0.0,9747.8,4930.15,Debit Card
ORD0012443,2025-04-17,CUST00171,Riya Iyer,PROD0051,Kids Wear Item 51,Clothing,Kids Wear,West,Rajasthan,Jaipur,2118.52,5,0.2,1759.85,358.67,Credit Card
ORD0011988,2025-04-15,CUST00426,Pallavi Joshi,PROD0059,Accessorie Item 59,CLOTHING,Accessories,South,Karnataka,Mysuru,16011.01,6,0.05,12834.12,3176.89,Debit Card
ORD0011525,2025-04-08,CUST00816,Pooja Rao,PROD0021,Chair Item 21,Furniture,Chairs,South,Tamil Nadu,Chennai,37419.59,4,0.05,29999.48,7420.11,Net Banking
ORD0012009,2025-04-20,CUST00885,Aditi Gupta,PROD0037,Storage Unit Item 37,Furniture,Storage Units,West,Gujarat,Ahmedabad,30669.66,7,0.1,26553.52,4116.14,Credit Card
ORD0012660,2025-04-14,CUST00081,Pallavi Das,PROD0048,Women's Wear Item 48,Clothing,Women's Wear,East,West Bengal,Kolkata,14872.0,5,0.2,12260.05,2611.95,Debit Card
ORD0013481,2025-04-13,CUST00775,Priya Sharma,PROD0011,Television Item 11,Electronics,Televisions,South,Tamil Nadu,Chennai,35866.05,5,0.0,27310.2,8555.85,Credit Card
ORD0013348,2025-04-02,CUST00544,Nikhil Malhotra,PROD0052,Kids Wear Item 52,Clothing,Kids Wear,North,Delhi,Dwarka,4431.24,6,0.05,2743.08,1688.16,UPI
ORD0011339,2025-04-26,CUST00035,Aditi Khan,PROD0042,Men's Wear Item 42,Clothing,Men's Wear,West,Rajasthan,Jaipur,19177.01,7,0.1,14216.37,4960.64,Credit Card
ORD0012271,2025-04-12,CUST00077,Sneha Iyer,PROD0015,Headphone Item 15,Electronics,Headphones,South,Karnataka,Mysuru,128438.39,4,0.1,104717.6,23720.79,Credit Card
ORD0013177,2025-04-14,CUST00407,Aryan Iyer,PROD0081,Paper Item 81,Office Supplies,Paper,West,Maharashtra,Mumbai,38052.9,7,0.05,28139.72,9913.18,Credit Card
ORD0013392,2025-04-09,CUST00395,Vikram Sharma,PROD0003,Mobile Phone Item 3,Electronics,Mobile Phones,North,Punjab,Amritsar,403346.58,7,0.0,287638.47,115708.11,Credit Card
ORD0012426,2025-04-26,CUST00030,Manish Das,PROD0098,Appliance Item 98,Office Supplies,Appliances,East,Bihar,Gaya,15117.97,5,0.15,11605.2,3512.77,Debit Card
ORD0014324,05/04/2025,CUST00726,Saanvi Sharma,PROD0066,Snack Item 66,Grocery,Snacks,North,Delhi,Rohini,1183.35,2,0.15,1016.22,167.13,UPI
ORD0013010,2025-04-02,CUST00660,Rahul Reddy,PROD0068,Snack Item 68,Grocery,Snacks,South,Tamil Nadu,Chennai,3725.4,7,0.0,2651.6,1073.8,Debit Card
ORD0011756,2025-04-04,CUST00422,Sneha Sharma,PROD0026,Table Item 26,Furniture,Tables,West,Maharashtra,Mumbai,18955.08,1,0.0,11602.43,7352.65,UPI
ORD0014437,2025-04-17,CUST00444,Vivaan Gupta,PROD0022,Chair Item 22,Furniture,Chairs,East,West Bengal,Kolkata,15611.92,3,0.25,13600.95,2010.97,Debit Card
ORD0012688,2025-04-26,CUST00151,Arjun Chatterjee,PROD0086,Binder Item 86,Office Supplies,Binders,South,Tamil Nadu,Chennai,14210.45,3,0.1,11092.95,3117.5,Debit Card
ORD0012138,2025-04-20,CUST00380,Diya Mehta,PROD0017,Camera Item 17,Electronics,Cameras,North,Punjab,Amritsar,20147.22,1,0.2,18636.27,1510.95,Debit Card
ORD0012682,2025-04-18,CUST00237,Neha Khan,PROD0037,Storage Unit Item 37,Furniture,Storage Units,South,Telangana,Hyderabad,3894.56,1,0.2,3793.36,101.2,UPI
ORD0013180,2025-04-29,CUST00323,Shreya Nair,PROD0050,Kids Wear Item 50,Clothing,Kids Wear,East,Odisha,Cuttack,21467.48,6,0.1,14794.08,6673.4,UPI
ORD0013164,2025-04-08,CUST00310,Vivaan Patel,PROD0077,Personal Care Item 77,Grocery,Personal Care,North,Punjab,Amritsar,1099.29,3,0.0,642.72,456.57,UPI
ORD0011252,2025-04-18,CUST00191,Aarav Rao,PROD0087,Binder Item 87,Office Supplies,Binders,East,West Bengal,Kolkata,2447.33,1,0.1,2131.86,315.47,Debit Card
ORD0014272,2025-04-11,CUST00087,Shreya Mehta,PROD0080,Personal Care Item 80,Grocery,Personal Care,South,Tamil Nadu,Chennai,3770.98,7,0.2,3419.08,351.9,Debit Card
ORD0011456,2025-04-14,CUST00612,Rajesh Das,PROD0056,Footwear Item 56,Clothing,Footwear,North,Punjab,Amritsar,2741.82,1,0.0,1919.07,822.75,Net Banking
ORD0012234,29/04/2025,CUST00470,Rahul Singh,PROD0087,Binder Item 87,Office Supplies,Binders,West,Gujarat,Surat,5438.52,2,0.0,4263.72,1174.8,UPI
ORD0013427,2025-04-28,CUST00239,Divya Sharma,PROD0033,Sofa Item 33,FURNITURE,Sofas,South,Tamil Nadu,Coimbatore,33366.94,1,0.0,22372.79,10994.15,Cash on Delivery
ORD0012039,2025-04-15,CUST00407,Aryan Iyer,PROD0043,Men's Wear Item 43,Clothing,Men's Wear,East,Bihar,Patna,3462.6,4,0.0,2701.4,761.2,Cash on Delivery
ORD0014063,2025-04-26,CUST00794,Nikhil Verma,PROD0079,Personal Care Item 79,Grocery,Personal Care,East,Odisha,Cuttack,5484.4,5,0.0,3294.1,2190.3,Credit Card
ORD0013424,2025-04-13,CUST00814,Pooja Kumar,PROD0048,Women's Wear Item 48,Clothing,Women's Wear,West,Gujarat,Ahmedabad,20077.2,6,0.1,14712.06,5365.14,Cash on Delivery
ORD0014265,2025-04-18,CUST00883,Pooja Rao,PROD0055,Footwear Item 55,Clothing,Footwear,East,West Bengal,Howrah,16726.47,7,0.2,13909.63,2816.84,Debit Card
ORD0013433,2025-04-05,CUST00522,Neha Nair,PROD0064,Beverage Item 64,Grocery,Beverages,West,Rajasthan,Jaipur,3419.01,4,0.25,2924.76,494.25,Net Banking
ORD0014239,2025-04-13,CUST00226,Rajesh Rao,PROD0095,Storage Item 95,Office Supplies,Storage,East,Odisha,Bhubaneswar,13210.16,5,0.1,9747.8,3462.36,Cash on Delivery
ORD0012352,2025-04-16,CUST00457,Kavya Malhotra,PROD0072,Dairy Item 72,Grocery,Dairy,North,Delhi,Dwarka,3858.48,6,0.2,3452.04,406.44,Cash on Delivery
ORD0014338,2025-04-13,CUST00276,Nikhil Reddy,PROD0061,Beverage Item 61,Grocery,Beverages,North,Punjab,Ludhiana,4574.53,5,0.15,3968.55,605.98,UPI
ORD0011587,2025-04-09,CUST00240,Riya Verma,PROD0092,Art Supplie Item 92,Office Supplies,Art Supplies,East,Bihar,Patna,5273.32,1,0.05,4223.26,1050.06,Net Banking
ORD0014305,2025-04-06,CUST00094,Ishaan Reddy,PROD0024,Chair Item 24,Furniture,Chairs,North,Delhi,Dwarka,75271.17,3,0.0,57419.37,17851.8,Debit Card
ORD0011520,2025-04-26,CUST00154,Ananya Singh,PROD0028,Table Item 28,Furniture,Tables,North,Punjab,Ludhiana,123557.44,5,0.25,127181.35,-3623.91,Net Banking
ORD0013641,17 April 2025,CUST00394,Aarav Das,PROD0085,Binder Item 85,OFFICE SUPPLIES,Binders,South,Telangana,Hyderabad,213.34,1,0.1,154.08,59.26,Net Banking
ORD0012064,30-Apr-2025,,Sanya Nair,PROD0024,Chair Item 24,Furniture,Chairs,West,Maharashtra,Nagpur,120433.87,6,0.2,114838.74,5595.13,Debit Card
ORD0011730,2025-04-22,CUST00477,Karan Reddy,PROD0020,Camera Item 20,Electronics,Cameras,West,Gujarat,Surat,91669.34,2,0.15,62022.28,29647.06,Debit Card
ORD0014283,09 April 2025,CUST00768,Nikhil Sharma,PROD0087,Binder Item 87,Office Supplies,Binders,West,Maharashtra,Mumbai,12916.48,5,0.05,10659.3,2257.18,Credit Card
ORD0012287,2025-04-11,CUST00404,Vikram Verma,PROD0066,Snack Item 66,Grocery ,Snacks,North,Haryana,Gurugram,2088.27,3,0.0,1524.33,563.94,Cash on Delivery
ORD0014281,2025-04-30,CUST00323,Shreya Nair,PROD0066,Snack Item 66,Grocery,Snacks,East,West Bengal,Kolkata,2784.36,5,0.2,2540.55,243.81,Debit Card
ORD0012218,2025-04-10,CUST00531,Shreya Mehta,PROD0071,Dairy Item 71,Grocery,Dairy,North,Delhi,Dwarka,979.52,7,0.1,780.22,199.3,UPI
ORD0012374,2025-04-24,CUST00556,Karan Gupta,PROD0024,Chair Item 24,Furniture,Chairs,West,Gujarat,Ahmedabad,150542.34,6,0.0,114838.74,35703.6,UPI
ORD0014428,2025-04-12,CUST00776,Saanvi Chatterjee,PROD0005,Laptop Item 5,Electronics,Laptops,East,Bihar,Gaya,29281.54,2,0.1,20291.9,8989.64,Credit Card
ORD0013413,2025-04-26,CUST00281,Vikram Sharma,PROD0077,Personal Care Item 77,Grocery,Personal Care,North,Delhi,New Delhi,732.86,2,0.0,428.48,304.38,UPI
ORD0011464,2025-04-26,CUST00524,Rohan Kumar,PROD0080,Personal Care Item 80,Grocery,Personal Care,South,Tamil Nadu,Coimbatore,4713.73,7,0.0,3419.08,1294.65,Debit Card
ORD0011568,2025-04-27,CUST00277,Nikhil Nair,PROD0086,Binder Item 86,Office Supplies,Binders,North,Haryana,Gurugram,15789.39,3,0.0,11092.95,4696.44,UPI
ORD0011291,2025-04-12,CUST00759,Priya Sharma,PROD0047,Women's Wear Item 47,Clothing,Women's Wear,West,Gujarat,Ahmedabad,5178.32,2,0.2,3903.08,1275.24,Debit Card
ORD0014277,04-30-2025,CUST00125,Shreya Sharma,PROD0091,Art Supplie Item 91,Office Supplies,Art Supplies,South,Telangana,Hyderabad,6163.24,4,0.0,4796.04,1367.2,UPI
ORD0013243,2025-04-09,CUST00559,Pallavi Kumar,PROD0025,Table Item 25,Furniture,Tables,East,West Bengal,Howrah,165836.54,6,0.1,116975.64,48860.9,Debit Card
ORD0013480,2025-04-05,CUST00010,Divya Khan,PROD0050,Kids Wear Item 50,Clothing,Kids Wear,South,Karnataka,Mysuru,23852.76,6,0.0,14794.08,9058.68,Net Banking
ORD0012490,2025-04-04,CUST00073,Pallavi Chatterjee,PROD0006,Laptop Item 6,Electronics,Laptops,West,Maharashtra,Mumbai,242765.3,7,0.25,248972.85,-6207.55,Credit Card
ORD0013615,2025-04-10,CUST00637,Sneha Das,PROD0043,Men's Wear Item 43,Clothing,Men's Wear,West,Maharashtra,Mumbai,3462.6,4,0.0,2701.4,761.2,UPI
ORD0011397,2025-04-24,CUST00186,Arjun Das,PROD0054,Footwear Item 54,Clothing,Footwear,South,Karnataka,Mysuru,8349.41,3,0.25,7011.15,1338.26,Credit Card
ORD0013007,02 April 2025,CUST00190,Kavya Iyer,PROD0012,Television Item 12,Electronics,Televisions,South,Tamil Nadu,Chennai,127772.82,4,0.15,103058.72,24714.1,Credit Card
ORD0013245,2025-04-29,CUST00177,Saanvi Reddy,PROD0019,Camera Item 19,Electronics,Cameras,West,Rajasthan,Udaipur,297045.1,7,0.25,229779.76,67265.34,Credit Card
ORD0012560,2025-04-19,CUST00559,Pallavi Kumar,PROD0069,Dairy Item 69,Grocery,Dairy,West,Rajasthan,Udaipur,1331.16,3,0.0,867.96,463.2,Debit Card
ORD0011840,2025-04-29,CUST00806,Shreya Patel,PROD0096,Storage Item 96,Office Supplies,Storage,North,Punjab,Ludhiana,1441.47,1,0.05,1079.14,362.33,Credit Card
ORD0011355,2025-04-15,CUST00115,Vikram Patel,PROD0043,,Clothing,Men's Wear,East,West Bengal,Howrah,6059.55,7,0.0,4727.45,1332.1,Debit Card
ORD0013438,2025-04-22,CUST00889,Ananya Patel,PROD0039,Storage Unit Item 39,Furniture,Storage Units,North,Delhi,Rohini,25055.22,2,0.25,21718.3,3336.92,Net Banking
ORD0014068,2025-04-16,CUST00435,Rahul Sharma,PROD0085,Binder Item 85,OFFICE SUPPLIES,Binders,West,Maharashtra,Mumbai,711.12,3,0.0,462.24,248.88,Credit Card
ORD0012893,2025-04-08,CUST00261,Arjun Patel,PROD0058,Accessorie Item 58,Clothing,Accessories,West,Rajasthan,Udaipur,3136.08,2,0.0,1863.8,1272.28,Credit Card
ORD0011713,2025-04-13,CUST00761,Divya Mehta,PROD0034,Sofa Item 34,Furniture,Sofas,West,Gujarat,Ahmedabad,66799.26,2,0.0,39471.3,27327.96,Credit Card
ORD0011926,2025-04-22,CUST00660,Rahul Reddy,PROD0077,Personal Care Item 77,Groceries,Personal Care,South,Tamil Nadu,Chennai,1832.15,5,0.0,1071.2,760.95,Credit Card
ORD0011894,2025-04-08,CUST00878,Karan Nair,PROD0062,Beverage Item 62,Grocery,Beverages,West,Maharashtra,Pune,4286.09,4,0.1,3251.96,1034.13,Credit Card
ORD0011261,2025-04-06,CUST00657,Shreya Chatterjee,PROD0035,Sofa Item 35,Furniture,Sofas,North,Haryana,Gurugram,124494.62,7,0.1,83263.32,41231.3,UPI
ORD0013358,2025-04-26,CUST00791,Saanvi Gupta,PROD0009,Television Item 9,Electronics,Televisions,East,Odisha,Cuttack,15394.32,3,,9996.87,5397.45,Net Banking
ORD0013352,2025-04-24,CUST00270,Vikram Sharma,PROD0078,Personal Care Item 78,Grocery,Personal Care,East,Odisha,Cuttack,1880.25,5,0.0,1351.3,528.95,Debit Card
ORD0014366,2025-04-16,CUST00857,Amit Mehta,PROD0067,Snack Item 67,Grocery,Snacks,South,Karnataka,Bengaluru,3811.62,6,0.0,2960.76,850.86,Cash on Delivery
ORD0012150,2025-04-01,CUST00184,Priya Nair,PROD0038,Storage Unit Item 38,Furniture,Storage Units,East,Bihar,Patna,23592.86,2,0.0,16562.94,7029.92,Credit Card
ORD0012689,2025-04-18,CUST00159,Tanvi Mehta,PROD0009,Television Item 9,Electronics,Televisions,East,Odisha,Bhubaneswar,11403.2,2,0.0,6664.58,4738.62,Debit Card
ORD0014108,2025-04-12,CUST00049,Rohan Das,PROD0030,Bookcase Item 30,Furniture,Bookcases,South,Telangana,Warangal,16699.85,1,0.05,11996.41,4703.44,Cash on Delivery
ORD0011697,2025-04-16,CUST00172,Karan Singh,PROD0068,Snack Item 68,Grocery,Snacks,West,Gujarat,Surat,957.96,2,0.1,757.6,200.36,Debit Card
ORD0011964,2025-04-23,CUST00340,Sanya Rao,PROD0004,Mobile Phone Item 4,Electronics,Mobile Phones,East,West Bengal,Kolkata,121948.52,4,0.0,70446.36,51502.16,UPI
ORD0012594,04-04-2025,CUST00374,Sanya Nair,PROD0090,Art Supplie Item 90,Office Supplies,Art Supplies,West,Rajasthan,Jaipur,15319.96,4,0.0,9705.64,5614.32,Credit Card
ORD0013999,23-Apr-2025,CUST00119,Riya Reddy,PROD0008,Laptop Item 8,Electronic,Laptops,West,Rajasthan,Jaipur,235873.8,4,0.0,185927.48,49946.32,UPI
ORD0013982,2025-04-26,CUST00413,Karan Verma,PROD0076,Staple Item 76,Grocery,Staples,South,Telangana,Hyderabad,4580.97,7,0.2,3334.59,2218.6,UPI
ORD0012739,2025-04-11,CUST00297,Rohan Malhotra,PROD0092,Art Supplie Item 92,Office Supplies,Art Supplies,East,Bihar,Patna,38856.02,7,0.0,29562.82,9293.2,UPI
ORD0011290,2025-04-27,CUST00728,Pooja Verma,PROD0036,Sofa Item 36,Furniture,Sofas,North,Haryana,Faridabad,51078.11,6,0.1,31640.82,19437.29,Cash on Delivery
ORD0012327,2025-04-18,CUST00875,Nikhil Mehta,PROD0013,Headphone Item 13,Electronics,Headphones,West,Gujarat,Surat,33512.13,3,0.0,20553.45,12958.68,UPI
ORD0012454,2025-04-06,CUST00802,Nikhil Nair,PROD0061,Beverage Item 61,Groceries,Beverages,South,Karnataka,Bengaluru,5166.53,6,0.2,4762.26,404.27,Credit Card
ORD0013209,2025-04-28,CUST00121,Ishaan Kumar,PROD0098,Appliance Item 98,Office Supplies,Appliances,West,Gujarat,Surat,3557.17,1,0.0,2321.04,1236.13,Credit Card
ORD0013461,2025-04-07,CUST00470,Rahul Singh,PROD0008,Laptop Item 8,Electronics,Laptops,West,Gujarat,Ahmedabad,280100.14,5,0.05,232409.35,47690.79,UPI
ORD0013792,2025-04-04,CUST00573,Ananya Khan,PROD0051,Kids Wear Item 51,Clothing,Kids Wear,East,Odisha,Bhubaneswar,3707.41,7,0.0,2463.79,1243.62,Debit Card
ORD0013657,2025-04-30,CUST00768,Nikhil Sharma,PROD0028,Table Item 28,Furniture,Tables,West,Rajasthan,Udaipur,29653.79,1,0.1,25436.27,4217.52,Cash on Delivery
ORD0012046,2025-04-29,CUST00735,Shreya Sharma,PROD0049,Kids Wear Item 49,Clothing,Kids Wear,East,Bihar,Gaya,7993.05,3,0.0,4400.79,3592.26,UPI
ORD0012360,2025-04-24,CUST00309,Rohan Iyer,PROD0093,Storage Item 93,Office Supplies,Storage,East,West Bengal,Kolkata,21137.08,4,0.1,17291.24,3845.84,UPI
ORD0014140,2025-04-02,CUST00718,Ananya Verma,PROD0056,Footwear Item 56,Clothing,Footwear,East,Bihar,Patna,-14394.56,7,0.25,13433.49,961.07,UPI
ORD0013475,2025-04-21,CUST00466,Vikram Mehta,PROD0039,Storage Unit Item 39,Furniture,Storage Units,West,Rajasthan,Jaipur,80176.7,6,0.2,65154.9,15021.8,Cash on Delivery
ORD0012163,2025-04-30,CUST00693,Kavya Gupta,PROD0028,Table Item 28,Furniture,Tables,North,Delhi,New Delhi,105435.68,4,0.2,101745.08,3690.6,Net Banking
ORD0011499,2025-04-21,CUST00801,Ananya Mehta,PROD0034,Sofa Item 34,Furniture,Sofas,West,Maharashtra,Nagpur,150298.33,6,0.25,118413.9,31884.43,Debit Card
ORD0011453,2025-04-27,CUST00682,Arjun Gupta,PROD0015,Headphone Item 15,Electronics,Headphones,East,Bihar,Patna,249741.31,7,0.0,183255.8,66485.51,Cash on Delivery
ORD0012309,2025-04-30,CUST00475,Rajesh Iyer,PROD0007,Laptop Item 7,Electronics,Laptops,West,Gujarat,Ahmedabad,184436.57,4,0.15,172750.28,19477.21,Credit Card
ORD0013648,2025-04-13,CUST00151,Arjun Chatterjee,PROD0041,Men's Wear Item 41,Clothing,Men's Wear,North,Delhi,Dwarka,11873.49,3,0.0,8959.47,2914.02,UPI
ORD0012831,15/04/2025,CUST00380,Diya Mehta,PROD0080,Personal Care Item 80,Grocery,Personal Care,North,Punjab,Ludhiana,2861.91,5,0.15,2442.2,419.71,Credit Card
ORD0011562,2025-04-28,CUST00283,Amit Gupta,PROD0031,Bookcase Item 31,Furniture,Bookcases,East,Bihar,Patna,57451.89,3,0.0,37840.17,19611.72,Net Banking
ORD0011709,2025-04-15,CUST00585,Pallavi Rao,PROD0019,Camera Item 19,Electronics,Cameras,North,Haryana,Faridabad,271584.1,6,0.2,196954.08,74630.02,Credit Card
ORD0011937,2025-04-05,CUST00265,Sneha Rao,PROD0029,Bookcase Item 29,Furniture,Bookcases,South,Karnataka,Bengaluru,116389.1,5,0.15,93031.25,23357.85,UPI
ORD0012728,2025-04-26,CUST00257,Divya Chatterjee,PROD0024,Chair Item 24,furniture,Chairs,East,Bihar,Gaya,25090.39,1,0.0,19139.79,5950.6,Credit Card
ORD0011831,2025-04-13,CUST00668,Vikram Malhotra,PROD0040,Storage Unit Item 40,Furniture,Storage Units,North,Punjab,Amritsar,56971.5,-3,0.0,34001.16,22970.34,UPI
ORD0011855,2025-04-16,CUST00326,Priya Das,PROD0067,Snack Item 67,Grocery,Snacks,North,Delhi,Dwarka,1207.01,2,0.05,986.92,220.09,UPI
ORD0013171,2025-04-27,CUST00547,Divya Reddy,PROD0053,Footwear Item 53,Clothing,Footwear,North,Punjab,Amritsar,2111.56,1,0.2,1710.98,400.58,Debit Card
ORD0012019,2025-04-17,CUST00620,Saanvi Sharma,PROD0009,Television Item 9,Electronics,Televisions,East,Bihar,Patna,21666.08,4,0.05,13329.16,8336.92,UPI
ORD0011982,2025-04-14,CUST00740,Meera Reddy,PROD0032,Bookcase Item 32,Furniture,Bookcases,East,Bihar,Patna,28652.51,6,0.1,18510.0,10142.51,UPI
ORD0013402,2025-04-20,CUST00131,Shreya Patel,PROD0042,Men's Wear Item 42,Clothing,Men's Wear,South,Tamil Nadu,Coimbatore,10958.29,4,0.1,8123.64,2834.65,Credit Card
ORD0014158,2025-04-14,CUST00858,Riya Rao,PROD0097,Appliance Item 97,Office Supplies,Appliances,South,Tamil Nadu,Coimbatore,10751.59,7,0.15,7772.17,2979.42,UPI
ORD0011888,2025-04-23,CUST00791,Saanvi Gupta,PROD0016,Headphone Item 16,Electronics,Headphones,East,Odisha,Cuttack,112907.52,6,0.0,72578.46,40329.06,UPI
ORD0013380,12/04/2025,CUST00259,Amit Verma,PROD0028,Table Item 28,Furniture,Tables,North,Punjab,Amritsar,131794.6,4,0.0,101745.08,30049.52,UPI
ORD0012236,2025-04-19,CUST00771,Priya Gupta,PROD0046,Women's Wear Item 46,Apparel,Women's Wear,North,Punjab,Ludhiana,10416.08,4,0.0,7684.04,2732.04,Debit Card
ORD0012845,2025-04-28,CUST00302,Manish Patel,PROD0007,Laptop Item 7,Electronics,Laptops,North,Haryana,Gurugram,257668.74,5,0.05,215937.85,41730.89,UPI
ORD0014127,2025-04-06,CUST00120,Ananya Das,PROD0098,Appliance Item 98,Office Supplies,Appliances,East,Odisha,Bhubaneswar,10671.51,3,0.0,6963.12,3708.39,Debit Card
ORD0013545,2025-04-05,CUST00369,Tanvi Nair,PROD0058,Accessorie Item 58,Clothing,Accessories,East,West Bengal,Kolkata,6272.16,4,0.0,3727.6,2544.56,UPI
ORD0013093,2025-04-23,CUST00077,Sneha Iyer,PROD0046,Women's Wear Item 46,Clothing,Women's Wear,East,West Bengal,Kolkata,12499.3,6,0.2,11526.06,973.24,Net Banking
ORD0011641,2025-04-19,CUST00552,Sneha Patel,PROD0008,Laptop Item 8,Electronics,Laptops,North,Haryana,Faridabad,371501.24,7,0.1,325373.09,46128.15,Cash on Delivery
ORD0012907,2025-04-14,CUST00306,Divya Khan,PROD0029,Bookcase Item 29,Furniture,Bookcases,East,Odisha,Cuttack,182114.71,7,0.05,130243.75,51870.96,Debit Card
ORD0011308,2025-04-30,CUST00316,Manish Nair,PROD0019,Camera Item 19,Electronics,Cameras,North,Punjab,Amritsar,101844.04,2,0.1,65651.36,36192.68,Cash on Delivery
ORD0012510,2025-04-12,CUST00317,Rahul Reddy,PROD0058,Accessorie Item 58,Clothing,Accessories,South,Karnataka,Bengaluru,5880.15,5,0.25,4659.5,1220.65,Debit Card
ORD0014077,2025-04-22,CUST00849,Priya Patel,PROD0024,Chair Item 24,Furniture,Chairs,West,Rajasthan,Udaipur,80289.25,4,0.2,76559.16,3730.09,UPI
ORD0014410,04-25-2025,CUST00650,Sanya Sharma,PROD0034,Sofa Item 34,Furniture,Sofas,South,Tamil Nadu,Chennai,233797.41,7,0.0,138149.55,95647.86,Credit Card
ORD0011424,2025-04-09,CUST00236,Manish Joshi,PROD0048,Women's Wear Item 48,Clothing,Women's Wear,East,West Bengal,Kolkata,11154.0,3,0.0,7356.03,8396.26,Debit Card
ORD0013549,2025-04-14,CUST00567,Shreya Joshi,PROD0089,Art Supplie Item 89,Office Supplies,Art Supplies,North,Delhi,Rohini,17889.34,6,0.1,13366.44,4522.9,Net Banking
ORD0012727,2025-04-21,CUST00261,Arjun Patel,PROD0022,Chair Item 22, Furniture,Chairs,North,Haryana,Faridabad,38856.33,7,0.2,31735.55,7120.78,Credit Card
ORD0014442,2025-04-25,CUST00579,Diya Chatterjee,PROD0098,Appliance Item 98,Office Supplies,Appliances,West,Rajasthan,Jaipur,24900.19,7,0.0,16247.28,8652.91,Credit Card
ORD0012876,2025-04-02,CUST00831,Karan Kumar,PROD0023,Chair Item 23,Furniture,Chairs,West,Rajasthan,Udaipur,72833.36,5,0.1,49471.25,23362.11,UPI
ORD0013372,2025-04-04,CUST00202,Ananya Malhotra,PROD0058,Accessorie Item 58,Clothing,Accessories,East,Bihar,Patna,1254.43,1,0.2,931.9,322.53,UPI
ORD0013399,2025-04-13,CUST00524,Rohan Kumar,PROD0013,Headphone Item 13,Electronics,Headphones,East,West Bengal,Kolkata,33512.13,3,0.0,20553.45,12958.68,Cash on Delivery
ORD0012976,15 April 2025,CUST00564,Divya Das,PROD0022,Chair Item 22,Furniture,Chairs,South,Karnataka,Bengaluru,6938.63,1,0.0,4533.65,2404.98,Net Banking
ORD0012745,2025-04-01,CUST00632,Rahul Chatterjee,PROD0078,Personal Care Item 78,Grocery,Personal Care,West,Rajasthan,Udaipur,338.44,1,0.1,270.26,68.18,Credit Card
ORD0011858,2025-04-05,CUST00520,Rahul Chatterjee,PROD0034,Sofa Item 34,Furniture,Sofas,South,Tamil Nadu,Coimbatore,100198.89,4,0.25,78942.6,34279.98,Credit Card
ORD0011874,2025-04-03,CUST00052,Nikhil Sharma,PROD0050,Kids Wear Item 50,Clothing,Kids Wear,West,Maharashtra,Mumbai,15901.84,4,0.0,9862.72,6039.12,Credit Card
ORD0012766,2025-04-18,CUST00382,Rajesh Rao,PROD0067,Snack Item 67,Grocery ,Snacks,South,Tamil Nadu,Chennai,1207.01,2,0.05,986.92,220.09,Net Banking
ORD0011432,2025-04-24,CUST00396,Aditi Khan,PROD0075,Staple Item 75,Grocery,Staples,East,West Bengal,Kolkata,4990.66,6,0.2,3815.82,1174.84,Credit Card
ORD0013308,2025-04-29,CUST00448,Manish Kumar,PROD0012,Television Item 12,Electronics,Televisions,North,Delhi,Dwarka,112740.72,3,0.0,77294.04,35446.68,Credit Card
ORD0014273,2025-04-29,CUST00513,Nikhil Sharma,PROD0014,Headphone Item 14,Electronics,Headphones,North,Punjab,Ludhiana,57110.81,7,0.25,58099.44,-988.63,Debit Card
ORD0012498,2025-04-29,CUST00768,Nikhil Sharma,PROD0021,Chair Item 21,Furnitures,Chairs,West,Maharashtra,Pune,47266.85,6,0.2,44999.22,2267.63,UPI
ORD0011495,2025-04-15,CUST00294,Aryan Verma,PROD0025,Table Item 25,Furniture,Tables,East,Bihar,Gaya,153552.35,5,0.0,97479.7,56072.65,Cash on Delivery
ORD0012207,2025-04-28,CUST00576,Kavya Singh,PROD0025,Table Item 25,Furniture,Tables,North,Delhi,Rohini,55278.85,2,0.1,38991.88,16286.97,Net Banking
ORD0012246,2025-04-28,CUST00642,Kavya Joshi,PROD0024,Chair Item 24,Furniture,Chairs,South,Karnataka,Bengaluru,119179.35,5,0.05,95698.95,23480.4,UPI
ORD0014303,2025-04-21,CUST00801,Ananya Mehta,PROD0044,Men's Wear Item 44,Clothing,Men's Wear,West,Gujarat,Surat,1172.35,1,0.25,879.3,293.05,UPI
ORD0012176,2025-04-21,CUST00227,Priya Sharma,PROD0062,Beverage Item 62,Grocery,Beverages,East,Bihar,Patna,3035.98,3,0.15,2438.97,597.01,UPI
ORD0012364,2025-04-27,CUST00243,Rahul Gupta,PROD0031,Bookcase Item 31,Furniture,Bookcases,South,Telangana,Warangal,114903.78,6,0.0,75680.34,39223.44,Credit Card
ORD0012750,2025-04-22,CUST00668,Vikram Malhotra,PROD0050,Kids Wear Item 50,Clothing,Kids Wear,East,Odisha,Bhubaneswar,18883.43,5,0.05,12328.4,6555.03,Debit Card
ORD0012985,2025-04-18,CUST00359,Sanya Khan,PROD0004,Mobile Phone Item 4,Electronics,Mobile Phones,South,Karnataka,Bengaluru,152435.65,5,,88057.95,64377.7,Net Banking
ORD0012191,2025-04-06,CUST00721,Shreya Singh,PROD0067,Snack Item 67,Grocery,Snacks,West,Maharashtra,Nagpur,4224.55,7,0.05,3454.22,770.33,Net Banking
ORD0011735,2025-04-30,CUST00730,Rohan Singh,PROD0006,Laptop Item 6,Electronics,Laptops,North,Delhi,Rohini,235829.15,6,0.15,213405.3,22423.85,Net Banking
ORD0013774,2025-04-05,CUST00261,Arjun Patel,PROD0033,Sofa Item 33,Furniture,Sofas,North,Haryana,Faridabad,53387.1,2,0.2,44745.58,8641.52,Debit Card
ORD0011473,2025-04-23,CUST00244,Arjun Singh,PROD0016,Headphone Item 16,Electronics,Headphones,East,West Bengal,Howrah,15995.23,1,0.15,12096.41,3898.82,Credit Card
ORD0014170,2025-04-07,CUST00321,Aryan Rao,PROD0090,Art Supplie Item 90,Office Supplies,Art Supplies,North,Haryana,Faridabad,5744.98,2,0.25,4852.82,892.16,Cash on Delivery
ORD0013334,2025-04-24,CUST00894,Kabir Verma,PROD0026,Table Item 26,Furniture,Tables,East,Bihar,Patna,28432.62,2,0.25,23204.86,5227.76,Credit Card
ORD0012654,2025-04-16,CUST00778,Rahul Patel,PROD0021,Chair Item 21,Furniture,Chairs,South,Karnataka,Bengaluru,15755.62,2,0.2,14999.74,755.88,Credit Card
ORD0011527,2025-04-30,CUST00467,Rohan Das,PROD0038,Storage Unit Item 38,Furniture,Storage Units,South,Tamil Nadu,Coimbatore,11796.43,1,0.0,8281.47,3514.96,Credit Card
ORD0013831,2025-04-08,CUST00073,Pallavi Chatterjee,PROD0069,Dairy Item 69,Grocery,Dairy,North,Delhi,New Delhi,887.44,2,0.0,578.64,308.8,Net Banking
ORD0011297,23-Apr-2025,CUST00005,Meera Verma,PROD0064,Beverage Item 64,Grocery,Beverages,West,Maharashtra,Pune,1082.69,1,0.05,731.19,351.5,UPI
ORD0011907,2025-04-07,CUST00646,Rohan Chatterjee,PROD0035,Sofa Item 35,Furniture,Sofas,South,Tamil Nadu,Chennai,88924.72,6,0.25,71368.56,17556.16,UPI
ORD0013273,2025-04-18,CUST00522,Neha Nair,PROD0059,Accessorie Item 59,Clothing,Accessories,East,Odisha,Cuttack,11235.8,4,0.0,8556.08,2679.72,UPI
ORD0013599,21-Apr-2025,CUST00450,Aditi Kumar,PROD0005,Laptop Item 5,Electronics,Laptops,North,Punjab,Ludhiana,55309.57,4,0.15,40583.8,14725.77,Debit Card
ORD0013281,2025-04-05,CUST00620,Saanvi Sharma,PROD0045,Women's Wear Item 45,Clothing,Women's Wear,South,Telangana,Hyderabad,7834.45,5,0.0,5865.0,1969.45,UPI
ORD0012015,2025-04-17,CUST00456,Shreya Patel,PROD0089,Art Supplie Item 89,Office Supplies,Art Supplies,East,West Bengal,Kolkata,18883.19,6,0.05,13366.44,5516.75,Credit Card
ORD0011211,2025-04-28,CUST00160,Rajesh Joshi,PROD0099,Appliance Item 99,office supplies,Appliances,West,Maharashtra,Nagpur,1182.56,1,0.15,1049.02,133.54,Credit Card
ORD0011354,04-04-2025,CUST00806,Shreya Patel,PROD0061,Beverage Item 61,Grocery,Beverages,North,Punjab,Ludhiana,5489.44,6,0.15,4762.26,727.18,Debit Card
ORD0013894,2025-04-26,CUST00150,Saanvi Sharma,PROD0017,Camera Item 17,Electronics,Cameras,East,Odisha,Cuttack,20147.22,1,0.2,18636.27,1510.95,UPI
ORD0012377,2025-04-05,CUST00714,Aryan Rao,PROD0017,Camera Item 17,Electronics,Cameras,West,Maharashtra,Mumbai,23924.82,1,0.05,18636.27,5288.55,Debit Card
ORD0014257,2025-04-16,CUST00351,Sanya Kumar,PROD0069,Dairy Item 69,Groceries,Dairy,West,Gujarat,Surat,1508.65,4,0.15,1157.28,351.37,UPI
ORD0014171,2025-04-10,CUST00157,Diya Iyer,PROD0087,Binder Item 87,Office Supplies,Binders,North,Punjab,Ludhiana,16315.56,6,0.0,12791.16,3524.4,UPI
ORD0014375,2025-04-23,CUST00326,Priya Das,PROD0042,Men's Wear Item 42,clothing,Men's Wear,North,Delhi,New Delhi,2891.77,1,0.05,2030.91,860.86,UPI
ORD0013793,11/04/2025,CUST00432,Diya Joshi,PROD0085,Binder Item 85,Office Supplies,Binders,West,Rajasthan,Udaipur,948.16,5,0.2,770.4,177.76,Debit Card
ORD0012674,2025-04-08,CUST00142,Aryan Khan,PROD0070,Dairy Item 70,Grocery,Dairy,West,Gujarat,Surat,1668.18,3,0.0,969.96,698.22,Debit Card
ORD0013964,2025-04-20,CUST00737,Rahul Gupta,PROD0058,Accessorie Item 58,Clothing,Accessories,East,West Bengal,Howrah,9408.24,6,0.0,5591.4,3816.84,UPI
ORD0012945,2025-04-02,CUST00767,Sneha Gupta,PROD0063,Beverage Item 63,Grocery,Beverages,South,Telangana,Hyderabad,1618.0,2,0.0,1012.26,605.74,UPI
ORD0012186,2025-04-25,CUST00200,Saanvi Iyer,PROD0030,Bookcase Item 30,Furniture,Bookcases,South,Karnataka,Mysuru,110746.38,-7,0.1,83974.87,26771.51,Net Banking
ORD0012051,2025-04-16,CUST00458,Pooja Khan,PROD0064,Beverage Item 64,Grocery,Beverages,North,Delhi,New Delhi,2051.41,2,0.1,1462.38,589.03,Credit Card
ORD0014370,23-Apr-2025,CUST00802,Nikhil Nair,PROD0036,Sofa Item 36,Furniture,Sofas,North,Haryana,Faridabad,28376.73,3,0.0,15820.41,12556.32,Credit Card
ORD0013032,2025-04-03,CUST00427,Rajesh Gupta,PROD0086,Binder Item 86,Office Supplies,Binders,West,Gujarat,Ahmedabad,36841.91,7,0.0,25883.55,10958.36,Credit Card
ORD0011574,11-Apr-2025,CUST00857,Amit Mehta,PROD0094,Storage Item 94,Office Supplies,Storage,East,Bihar,Patna,10375.96,3,0.25,10246.59,129.37,Credit Card
ORD0012037,2025-04-05,CUST00834,Manish Das,PROD0027,Table Item 27,Furniture,Tables,South,Karnataka,Mysuru,34395.15,5,0.25,27071.9,7323.25,Net Banking
ORD0013616,2025-04-05,CUST00149,Divya Khan,PROD0034,Sofa Item 34,Furniture,Sofas,West,Rajasthan,Jaipur,75149.17,3,0.25,59206.95,15942.22,Credit Card
ORD0013496,2025-04-16,CUST00490,Arjun Kumar,PROD0031,Bookcase Item 31,Furniture,Bookcases,West,Maharashtra,Nagpur,72772.39,4,0.05,50453.56,22318.83,Debit Card
ORD0012701,2025-04-12,CUST00456,Shreya Patel,PROD0048,Women's Wear Item 48,Clothing,Women's Wear,West,Maharashtra,Nagpur,14872.0,5,0.2,12260.05,2611.95,Debit Card
ORD0011945,2025-04-14,CUST00493,Pooja Das,PROD0037,Storage Unit Item 37,Furniture,Storage Units,South,Tamil Nadu,Chennai,7302.3,2,0.25,7586.72,-284.42,Credit Card
ORD0013083,2025-04-11,CUST00108,Manish Iyer,PROD0003,Mobile Phone Item 3,Electronics,Mobile Phones,North,Punjab,Ludhiana,N/A,6,0.05,246547.26,81892.1,Debit Card
ORD0011214,2025-04-03,CUST00169,Rajesh Nair,PROD0006,Laptop Item 6,Electronics,Laptops,West,Maharashtra,Pune,184964.04,4,0.0,142270.2,42693.84,Net Banking
ORD0012972,04-08-2025,CUST00150,Saanvi Sharma,PROD0009,Television Item 9,Electronics,Televisions,West,Gujarat,Surat,5701.6,1,,3332.29,2369.31,UPI
ORD0014121,2025-04-02,CUST00567,Shreya Joshi,PROD0042,Men's Wear Item 42,Clothing,Men's Wear,East,Bihar,Patna,15980.84,7,0.25,14216.37,1764.47,Debit Card
ORD0013854,2025-04-03,CUST00784,Pallavi Kumar,PROD0032,Bookcase Item 32,Furniture,Bookcases,East,Odisha,Cuttack,21224.08,5,0.2,15425.0,5799.08,Debit Card
ORD0012433,2025-04-15,CUST00694,Vikram Nair,PROD0010,Television Item 10,electronics,Televisions,North,Punjab,Ludhiana,104280.97,6,0.1,79743.0,24537.97,Debit Card
ORD0011845,2025-04-11,CUST00102,Priya Mehta,PROD0024,Chair Item 24,Furniture,Chairs,North,Haryana,Gurugram,22581.35,1,0.1,19139.79,3441.56,Debit Card
ORD0011693,2025-04-13,CUST00328,Vikram Singh,PROD0069,Dairy Item 69,Grocery ,Dairy,West,Maharashtra,Mumbai,1774.88,4,0.0,1157.28,617.6,Debit Card
ORD0014091,2025-04-14,CUST00172,Karan Singh,PROD0033,Sofa Item 33,Furniture,Sofas,West,Maharashtra,Nagpur,133467.76,4,0.0,89491.16,43976.6,Credit Card
ORD0011512,2025-04-21,CUST00654,Rohan Gupta,PROD0021,Chair Item 21,Furniture,Chairs,East,Bihar,Patna,39389.04,5,0.2,37499.35,1889.69,UPI
ORD0011918,2025-04-08,CUST00406,Vivaan Rao,PROD0065,Snack Item 65,Grocery,Snacks,West,Rajasthan,Jaipur,2697.87,3,,1755.72,942.15,Debit Card
ORD0012777,2025-04-24,CUST00427,Rajesh Gupta,PROD0029,Bookcase Item 29,Furniture,Bookcases,East,Bihar,Patna,164314.02,6,0.0,111637.5,52676.52,Cash on Delivery
ORD0013635,2025-04-29,CUST00712,Pooja Das,PROD0074,,Grocery,Staples,North,Punjab,Amritsar,277.48,1,0.0,206.59,70.89,Cash on Delivery
ORD0014251,2025-04-04,CUST00796,Manish Nair,PROD0068,Snack Item 68,Grocery,Snacks,West,Rajasthan,Jaipur,1064.4,2,0.0,757.6,306.8,Credit Card
ORD0013406,2025-04-26,CUST00001,Aditi Joshi,PROD0069,Dairy Item 69,Grocery,Dairy,South,Karnataka,Bengaluru,1774.88,4,0.0,1157.28,1651.34,UPI
ORD0013474,2025-04-17,CUST00317,Rahul Reddy,PROD0065,Snack Item 65,Groceries,Snacks,North,Punjab,Amritsar,2158.3,3,0.2,1755.72,402.58,UPI
ORD0013002,27-Apr-2025,CUST00420,Aarav Rao,PROD0015,Headphone Item 15,Electronics,Headphones,South,Telangana,Hyderabad,26758.0,1,0.25,26179.4,578.6,Cash on Delivery
ORD0012614,2025-04-29,CUST00121,Ishaan Kumar,PROD0002,Mobile Phone Item 2,Electronics,Mobile Phones,South,Tamil Nadu,Chennai,24648.65,7,0.15,19439.77,5208.88,UPI
ORD0012529,2025-04-19,CUST00794,Nikhil Verma,PROD0005,Laptop Item 5,Electronic,Laptops,North,Haryana,Faridabad,39042.05,3,0.2,30437.85,8604.2,Debit Card
ORD0013232,04-01-2025,CUST00235,Kabir Rao,PROD0008,Laptop Item 8,Electronics,Laptops,South,Karnataka,Bengaluru,100246.36,2,0.15,92963.74,7282.62,UPI
ORD0013997,2025-04-23,CUST00516,Priya Patel,PROD0015,Headphone Item 15,Electronics,Headphones,South,Karnataka,Bengaluru,67786.93,2,0.05,52358.8,15428.13,Credit Card
ORD0013653,2025-04-24,CUST00412,Ishaan Das,PROD0009,Television Item 9,Electronics ,Televisions,North,Delhi,New Delhi,5701.6,1,0.0,3332.29,2369.31,UPI
ORD0014398,2025-04-19,CUST00419,Nikhil Gupta,PROD0050,Kids Wear Item 50,Clothing,Kids Wear,East,Odisha,Cuttack,6758.28,2,0.15,4931.36,1826.92,Cash on Delivery
ORD0014372,2025-04-23,CUST00754,Sneha Khan,PROD0068,Snack Item 68,Grocery,Snacks,North,Haryana,Gurugram,3193.2,two,0.0,2272.8,920.4,Debit Card
ORD0012622,2025-04-10,CUST00099,Arjun Verma,PROD0039,Storage Unit Item 39,Furniture,Storage Units,South,Karnataka,Bengaluru,53451.14,4,0.2,43436.6,24540.94,Net Banking
ORD0012585,2025-04-22,CUST00726,Saanvi Sharma,PROD0075,Staple Item 75,Grocery,Staples,West,Maharashtra,Mumbai,7278.04,7,0.0,4451.79,2826.25,Credit Card
ORD0013851,2025-04-19,CUST00682,Arjun Gupta,PROD0082,Paper Item 82,Office Supplies,Paper,West,Rajasthan,Udaipur,1364.36,1,0.15,1133.81,230.55,Net Banking
ORD0012411,03-Apr-2025,CUST00767,Sneha Gupta,PROD0002,Mobile Phone Item 2,Electronics,Mobile Phones,West,Maharashtra,Mumbai,19677.49,5,0.05,13885.55,5791.94,Net Banking
ORD0012986,2025-04-06,CUST00766,Aditi Sharma,PROD0014,Headphone Item 14,Electronics,Headphones,South,Telangana,Warangal,54391.25,5,0.0,41499.6,12891.65,Debit Card
ORD0012761,2025-04-01,CUST00380,Diya Mehta,PROD0080,Personal Care Item 80,Grocery,Personal Care,North,Delhi,New Delhi,1077.42,2,0.2,976.88,100.54,Credit Card
ORD0014166,2025-04-20,CUST00530,Neha Iyer,PROD0078,Personal Care Item 78,Grocery,Personal Care,West,Gujarat,Surat,2256.3,6,,1621.56,634.74,Credit Card
ORD0012638,2025-04-12,CUST00308,Aryan Das,PROD0067,Snack Item 67,Grocery,Snacks,West,Gujarat,Surat,2414.03,4,0.05,1973.84,440.19,Credit Card
ORD0014458,2025-04-16,CUST00267,Ishaan Iyer,PROD0029,Bookcase Item 29,Furniture,Bookcases,North,Delhi,New Delhi,191699.69,7,0.0,130243.75,61455.94,Credit Card
ORD0013926,2025-04-03,CUST00672,Diya Kumar,PROD0066,Snack Item 66,Grocery,Snacks,East,Odisha,Cuttack,2227.49,4,0.2,2032.44,195.05,Credit Card
ORD0012768,2025-04-16,CUST00150,Saanvi Sharma,PROD0016,Headphone Item 16,Electronics,Headphones,North,Punjab,Ludhiana,125139.17,7,0.05,84674.87,40464.3,UPI
ORD0013382,2025-04-30,CUST00676,Vivaan Reddy,PROD0037,Storage Unit Item 37,Furniture,Storage Units,North,Haryana,Faridabad,14604.6,3,0.0,11380.08,3224.52,UPI
ORD0012842,2025-04-06,CUST00603,Riya Rao,PROD0080,Personal Care Item 80,Grocery,Personal Care,East,Bihar,Patna,606.05,1,0.1,488.44,117.61,Cash on Delivery
ORD0012266,23 April 2025,CUST00752,Meera Nair,PROD0086,Binder Item 86,Office Supplies,Binders,East,West Bengal,Kolkata,19999.89,4,0.05,14790.6,7839.32,Credit Card
ORD0011644,2025-04-08,CUST00165,Ishaan Singh,PROD0087,Binder Item 87,Office Supplies,Binders,South,Telangana,Hyderabad,2039.45,1,0.25,2131.86,-92.41,Credit Card
ORD0013150,2025-04-16,CUST00511,Vivaan Verma,PROD0048,Women's Wear Item 48,Clothing,Women's Wear,South,Tamil Nadu,Coimbatore,3532.1,1,0.05,2452.01,1080.09,UPI
ORD0013591,04 April 2025,CUST00749,Vikram Joshi,PROD0035,Sofa Item 35,Furniture,Sofas,South,Tamil Nadu,Coimbatore,118566.3,6,0.0,71368.56,47197.74,UPI
ORD0013223,2025-04-20,CUST00677,Priya Rao,PROD0015,Headphone Item 15,Electronics ,Headphones,North,Punjab,Amritsar,35677.33,1,0.0,26179.4,9497.93,UPI
ORD0014290,2025-04-13,CUST00416,Rohan Gupta,PROD0034,Sofa Item 34,Furniture,Sofas,West,Rajasthan,Jaipur,66799.26,2,0.0,39471.3,27327.96,UPI
ORD0012223,2025-04-20,CUST00304,Ananya Singh,PROD0080,Personal Care Item 80,Grocery ,Personal Care,South,Tamil Nadu,Chennai,3030.26,5,0.1,2442.2,588.06,UPI
ORD0014422,2025-04-21,CUST00693,Kavya Gupta,PROD0074,Staple Item 74,GROCERY,Staples,East,West Bengal,Kolkata,416.22,2,0.25,413.18,3.04,UPI
ORD0013981,2025-04-24,CUST00636,Kavya Verma,PROD0004,Mobile Phone Item 4,Electronics,Mobile Phones,North,Delhi,New Delhi,144813.87,5,0.05,88057.95,56755.92,Credit Card
ORD0012255,2025-04-28,CUST00750,Priya Chatterjee,PROD0073,Staple Item 73,Grocery,Staples,West,Maharashtra,Pune,458.2,7,0.1,321.58,136.62,UPI
ORD0011578,04-09-2025,CUST00188,Amit Verma,PROD0032,Bookcase Item 32,Furniture,Bookcases,West,Gujarat,Ahmedabad,10081.44,2,0.05,6170.0,3911.44,UPI
ORD0014295,2025-04-22,CUST00296,Nikhil Rao,PROD0098,Appliance Item 98,Office Supplies,Appliances,West,Gujarat,Ahmedabad,19208.72,6,0.1,13926.24,5282.48,UPI
ORD0013537,2025-04-02,CUST00050,Riya Patel,PROD0014,Headphone Item 14,Electronics,Headphones,West,Maharashtra,Mumbai,52215.6,6,0.2,49799.52,2416.08,UPI
ORD0012244,2025-04-19,CUST00088,Aryan Khan,PROD0081,Paper Item 81,Office-Supplies,Paper,South,Telangana,Hyderabad,17166.72,4,0.25,16079.84,1086.88,UPI
ORD0012061,2025-04-29,CUST00870,Aarav Gupta,PROD0017,Camera Item 17,Electronics,Cameras,East,Odisha,Bhubaneswar,45331.24,2,0.1,37272.54,8058.7,Credit Card
ORD0012323,2025-04-08,CUST00305,Pallavi Chatterjee,PROD0039,Storage Unit Item 39,Furniture,Storage Units,West,Rajasthan,Jaipur,111078.14,7,0.05,76014.05,35064.09,Debit Card
ORD0011507,2025-04-27,CUST00576,Kavya Singh,PROD0038,Storage Unit Item 38,Furniture,Storage Units,East,West Bengal,Howrah,47185.72,4,0.0,33125.88,14059.84,Credit Card
ORD0011232,2025-04-26,CUST00274,Neha Kumar,PROD0025,Table Item 25,Furniture,Tables,East,Odisha,Bhubaneswar,78311.7,3,0.15,58487.82,19823.88,Debit Card
ORD0013788,2025-04-12,CUST00273,Nikhil Sharma,PROD0001,Mobile Phone Item 1,ELECTRONICS,Mobile Phones,North,Delhi,New Delhi,161853.27,7,0.2,124396.37,37456.9,UPI
ORD0013021,2025-04-15,CUST00350,Vivaan Verma,PROD0019,Camera Item 19,Electronics,Cameras,East,Odisha,Bhubaneswar,322506.11,6,0.05,196954.08,362440.56,UPI
ORD0013564,2025-04-21,CUST00840,Sneha Singh,PROD0051,Kids Wear Item 51,Cloths,Kids Wear,North,Haryana,Faridabad,1271.11,3,0.2,1055.91,215.2,UPI
ORD0013564,2025-04-21,CUST00840,Sneha Singh,PROD0051,Kids Wear Item 51,Clothing,Kids Wear,North,Haryana,Faridabad,1271.11,3,0.2,1055.91,215.2,UPI
ORD0014285,2025-04-15,CUST00456,Shreya Patel,PROD0045,Women's Wear Item 45,Clothing,Women's Wear,South,Tamil Nadu,Chennai,5014.05,4,0.2,4692.0,322.05,UPI
ORD0011636,2025-04-17,CUST00209,Pallavi Verma,PROD0049,Kids Wear Item 49,Clothing,Kids Wear,East,West Bengal,Howrah,12788.88,6,0.2,8801.58,3987.3,Credit Card
ORD0013450,2025-04-29,CUST00699,Karan Das,PROD0033,Sofa Item 33,Furniture,Sofas,East,West Bengal,Kolkata,3456569.11,3,0.0,67118.37,32982.45,Credit Card
ORD0011250,2025-04-08,CUST00495,Rohan Joshi,PROD0090,Art Supplie Item 90,Office Supplies,Art Supplies,North,Punjab,Ludhiana,6510.98,2,0.15,4852.82,1658.16,UPI
ORD0013838,2025-04-23,CUST00689,Rajesh Joshi,PROD0034,Sofa Item 34,Furniture,Sofas,West,Gujarat,Ahmedabad,30059.67,1,0.1,19735.65,10324.02,UPI
ORD0012484,2025-04-25,CUST00447,Sanya Malhotra,PROD0035,Sofa Item 35, Furniture,Sofas,West,Gujarat,Ahmedabad,59283.15,3,0.0,35684.28,23598.87,UPI
ORD0013280,2025-04-25,CUST00244,Arjun Singh,PROD0027,Table Item 27,Furniture,Tables,West,Maharashtra,Mumbai,860251.97,3,0.2,16243.14,5769.76,Credit Card
ORD0013887,2025-04-16,CUST00375,Ananya Patel,PROD0054,Footwear Item 54,Cloths,Footwear,West,Rajasthan,Jaipur,11132.55,4,0.25,9348.2,1784.35,UPI
ORD0011360,29 April 2025,CUST00306,Divya Khan,PROD0001,Mobile Phone Item 1,Electronics,Mobile Phones,South,Telangana,Hyderabad,54914.5,,0.05,35541.82,19372.68,UPI
ORD0012653,2025-04-21,CUST00476,Aditi Iyer,PROD0014,Headphone Item 14,Electronics,Headphones,East,Bihar,Gaya,29371.28,3,0.1,24899.76,4471.52,UPI
ORD0012681,30-Apr-2025,CUST00684,Ananya Khan,PROD0009,Television Item 9,Electronics,Televisions,North,Haryana,Gurugram,4276.2,1,0.25,3332.29,943.91,UPI
ORD0011846,2025-04-09,CUST00503,Diya Rao,PROD0016,Headphone Item 16,Electronics,Headphones,West,Maharashtra,Pune,31990.46,2,0.15,24192.82,7797.64,UPI
ORD0013104,2025-04-10,CUST00814,Pooja Kumar,PROD0023,Chair Item 23,Furniture,Chairs,East,Bihar,Patna,12138.89,1,0.25,9894.25,2244.64,Debit Card
ORD0011700,18/04/2025,CUST00346,Pallavi Joshi,PROD0007,Laptop Item 7,Electronics,Laptops,West,Maharashtra,Mumbai,216984.2,5,0.2,215937.85,1046.35,Debit Card
ORD0014050,04-24-2025,CUST00599,Tanvi Malhotra,PROD0069,Dairy Item 69,Grocery,Dairy,South,Tamil Nadu,Chennai,443.72,1,0.0,289.32,154.4,Net Banking
ORD0013683,2025-04-01,CUST00615,Ishaan Iyer,PROD0042,Men's Wear Item 42,Clothing,Men's Wear,North,Delhi,Dwarka,14458.86,5,0.05,10154.55,4304.31,Debit Card
ORD0012586,2025-04-29,CUST00634,Vivaan Nair,PROD0048,Women's Wear Item 48,Clothing,Women's Wear,South,Karnataka,Bengaluru,7064.2,2,0.05,4904.02,2160.18,Cash on Delivery
ORD0013043,2025-04-05,CUST00636,Kavya Verma,PROD0069,Dairy Item 69,Grocery,Dairy,South,Tamil Nadu,Coimbatore,798.7,2,0.1,578.64,220.06,UPI
ORD0012620,2025-04-04,CUST00680,Diya Nair,PROD0094,Storage Item 94,Office Supplies,Storage,South,Karnataka,Bengaluru,18446.16,5,0.2,17077.65,1368.51,Credit Card
ORD0013293,2025-04-02,CUST00136,Saanvi Sharma,PROD0089,Art Supplie Item 89,Office Supplies,Art Supplies,East,Odisha,Cuttack,7950.82,3,0.2,6683.22,1267.6,Cash on Delivery
ORD0012449,2025-04-11,CUST00108,Manish Iyer,PROD0020,Camera Item 20,Electronics,Cameras,North,Delhi,Dwarka,137504.01,3,0.15,93033.42,44470.59,Credit Card
ORD0011862,2025-04-08,CUST00095,Rohan Iyer,PROD0064,Beverage Item 64,Grocery,Beverages,East,West Bengal,Howrah,4330.75,4,0.05,2924.76,1405.99,UPI
ORD0013238,2025-04-18,CUST00862,Riya Mehta,PROD0029,Bookcase Item 29,Furniture,Bookcases,West,Rajasthan,Jaipur,109542.68,4,0.0,74425.0,35117.68,UPI
ORD0013048,2025-04-18,CUST00564,Divya Das,PROD0099,Appliance Item 99,Office Supplies,Appliances,East,Bihar,Patna,5912.81,5,0.15,5245.1,667.71,Cash on Delivery
ORD0011903,2025-04-03,CUST00888,Shreya Patel,PROD0089,Art Supplie Item 89,Office Supplies,Art Supplies,East,West Bengal,Howrah,8944.67,3,0.1,6683.22,2261.45,Credit Card
ORD0013566,2025-04-12,CUST00585,Pallavi Rao,PROD0031,Bookcase Item 31,Furniture,Bookcases,West,Gujarat,Ahmedabad,71814.86,5,0.25,63066.95,8747.91,Credit Card
ORD0012705,07 April 2025,CUST00115,Vikram Patel,PROD0023,Chair Item 23,Furniture,Chairs,South,Telangana,Hyderabad,25896.3,2,0.2,19788.5,6107.8,Credit Card
ORD0013466,2025-04-17,CUST00867,Aryan Chatterjee,PROD0074,Staple Item 74,Grocery,Staples,South,Karnataka,Bengaluru,249.73,1,0.1,206.59,43.14,UPI
ORD0013826,2025-04-03,CUST00443,Nikhil Mehta,PROD0079,Personal Care Item 79,grocery,Personal Care,South,Telangana,Warangal,6910.34,7,0.1,4611.74,2298.6,Net Banking
ORD0013090,24-Apr-2025,CUST00122,Aditi Das,PROD0018,Camera Item 18,Electronics,Cameras,North,Delhi,New Delhi,210071.92,6,0.25,168534.66,41537.26,Net Banking
ORD0013857,2025-04-09,CUST00553,Ananya Patel,PROD0096,Storage Item 96,Office Supplies,Storage,North,Haryana,Faridabad,2579.48,2,0.15,2158.28,421.2,UPI
ORD0012667,22-Apr-2025,CUST00457,Kavya Malhotra,PROD0086,Binder Item 86,Office Supplies,Binders,West,Maharashtra,Mumbai,22368.3,5,0.15,18488.25,3880.05,Cash on Delivery
ORD0012873,2025-04-01,CUST00624,Divya Khan,PROD0067,Snack Item 67,Grocery,Snacks,West,Maharashtra,Pune,2541.08,4,0.0,1973.84,567.24,Cash on Delivery
ORD0012856,2025-04-25,CUST00089,Tanvi Patel,PROD0051,Kids Wear Item 51,Clothing,Kids Wear,West,Maharashtra,Nagpur,2118.52,4,0.0,1407.88,710.64,UPI
ORD0014312,2025-04-12,CUST00584,Aarav Reddy,PROD0060,Accessorie Item 60,Clothing,Accessories,East,Odisha,Cuttack,673.41,2,0.25,594.76,78.65,UPI
ORD0013203,2025-04-10,CUST00019,Divya Chatterjee,PROD0073,Staple Item 73,Grocery,Staples,North,Haryana,Faridabad,218.19,3,0.0,137.82,80.37,UPI
ORD0012232,2025-04-27,CUST00283,Amit Gupta,PROD0066,Snack Item 66,Grocery,Snacks,East,Odisha,Cuttack,626.48,1,0.1,508.11,118.37,Credit Card
ORD0011908,10/04/2025,CUST00043,Karan Mehta,PROD0026,Table Item 26,FURNITURE,Tables,North,Delhi,New Delhi,108043.96,6,0.05,69614.58,38429.38,Debit Card
ORD0011839,2025-04-03,CUST00477,Karan Reddy,PROD0048,Women's Wear Item 48,Apparel,Women's Wear,South,Karnataka,Bengaluru,26026.0,7,0.0,17164.07,8861.93,Credit Card
ORD0014038,2025-04-24,CUST00089,Tanvi Patel,PROD0001,Mobile Phone Item 1,Electronic,Mobile Phones,East,Bihar,Gaya,26012.13,1,0.1,17770.91,8241.22,Cash on Delivery
ORD0012093,2025-04-10,CUST00207,Saanvi Patel,PROD0023,Chair Item 23,Furniture,Chairs,North,Punjab,Amritsar,77688.91,6,0.2,59365.5,18323.41,Debit Card
ORD0012562,2025-04-08,CUST00196,Manish Patel,PROD0047,Women's Wear Item 47,Clothing,Women's Wear,West,Gujarat,Ahmedabad,18447.76,6,0.05,11709.24,6738.52,UPI
ORD0014323,2025-04-19,CUST00728,Pooja Verma,PROD0068,Snack Item 68,Grocery,Snacks,North,Punjab,Amritsar,1197.45,3,0.25,1136.4,61.05,Credit Card
ORD0011263,2025-04-26,CUST00186,Arjun Das,PROD0016,Headphone Item 16,Electronics,Headphones,East,Odisha,Bhubaneswar,75271.68,5,0.2,60482.05,14789.63,UPI
ORD0012580,04/04/2025,CUST00575,Aryan Chatterjee,PROD0091,Art Supplie Item 91,Office Supplies,Art Supplies,East,Odisha,Cuttack,4930.59,4,0.2,4796.04,391.94,Credit Card
ORD0011925,2025-04-23,CUST00075,Nikhil Sharma,PROD0010,Television Item 10,Electronics,Televisions,South,Karnataka,Mysuru,52140.48,3,0.1,39871.5,12268.98,Credit Card
ORD0013889,2025-04-01,CUST00350,Vivaan Verma,PROD0091,Art Supplie Item 91,Office Supplies,Art Supplies,North,Delhi,Rohini,4622.43,3,0.0,3597.03,2723.92,UPI
ORD0011378,2025-04-13,CUST00587,Kavya Patel,PROD0030,Bookcase Item 30,FURNITURE,Bookcases,East,West Bengal,Howrah,28126.06,2,0.2,23992.82,4133.24,Net Banking
ORD0014025,04-23-2025,CUST00147,Rajesh Nair,PROD0041,Men's Wear Item 41,Apparel,Men's Wear,North,Haryana,Faridabad,5936.74,2,0.25,5972.98,-36.24,Credit Card
ORD0012482,2025-04-25,CUST00054,Shreya Das,PROD0059,Accessorie Item 59,Clothing,Accessories,East,Bihar,Gaya,9550.43,4,0.15,8556.08,994.35,Credit Card
ORD0012110,2025-04-17,CUST00730,Rohan Singh,PROD0090,Art Supplie Item 90,Office Supplies,Art Supplies,South,Telangana,Warangal,19532.95,6,0.15,14558.46,4974.49,UPI
ORD0011457,2025-04-16,CUST00514,Aditi Iyer,PROD0092,Art Supplie Item 92,Office Supplies,Art Supplies,West,Rajasthan,Udaipur,29974.64,6,0.1,25339.56,4635.08,UPI
ORD0014164,2025-04-08,CUST00411,Aarav Das,PROD0075,Staple Item 75,Grocery,Staples,East,Odisha,Bhubaneswar,1767.52,2,0.15,1271.94,495.58,Debit Card
ORD0011936,2025-04-01,CUST00019,Divya Chatterjee,PROD0084,Paper Item 84,Office Supplies,Paper,North,Haryana,Faridabad,2089.38,1,0.15,1773.16,316.22,UPI
ORD0012135,04-11-2025,CUST00228,Pooja Singh,PROD0041,Men's Wear Item 41,Clothing,Men's Wear,West,Rajasthan,Jaipur,23746.98,6,0.0,17918.94,5828.04,Net Banking
ORD0014071,2025-04-15,CUST00794,Nikhil Verma,PROD0032,Bookcase Item 32,Furniture,Bookcases,South,Karnataka,Bengaluru,31836.12,6,0.0,18510.0,13326.12,Credit Card
ORD0012658,2025-04-07,CUST00346,Pallavi Joshi,PROD0021,Chair Item 21,Furniture,Chairs,East,Odisha,Bhubaneswar,14770.89,2,0.25,14999.74,-228.85,Credit Card
ORD0011437,2025-04-11,CUST00232,Manish Reddy,PROD0092,Art Supplie Item 92,Office Supplies,Art Supplies,South,Tamil Nadu,Chennai,4440.69,1,0.2,4223.26,217.43,Credit Card
ORD0013495,28/04/2025,CUST00184,Priya Nair,PROD0095,Storage Item 95,Office Supplies,Storage,North,Punjab,Amritsar,2788.81,1,0.05,1949.56,839.25,UPI
ORD0014145,2025-04-17,CUST00373,Shreya Nair,PROD0024,Chair Item 24,Furniture,Chairs,North,Delhi,New Delhi,131724.55,7,0.25,133978.53,-2253.98,UPI
ORD0012047,2025-04-24,CUST00629,Meera Singh,PROD0034,Sofa Item 34,Furniture,Sofas,West,Maharashtra,Mumbai,85169.06,3,0.15,59206.95,25962.11,UPI
ORD0013033,2025-04-13,CUST00601,Amit Khan,PROD0068,Snack Item 68,Grocery,Snacks,East,Odisha,Bhubaneswar,1809.48,4,0.15,1515.2,294.28,Credit Card
ORD0013967,2025-04-26,CUST00011,Sanya Nair,PROD0016,Headphone Item 16,Electronics ,Headphones,West,Maharashtra,Nagpur,112907.52,6,0.0,72578.46,40329.06,Credit Card
ORD0013574,2025-04-28,CUST00877,Karan Reddy,PROD0034,Sofa Item 34,Furniture,Sofas,North,Delhi,New Delhi,100198.89,3,0.0,59206.95,40991.94,Net Banking
ORD0013337,2025-04-28,CUST00517,Tanvi Nair,PROD0006,Laptop Item 6,Electronics,Laptops,West,Maharashtra,Mumbai,117914.58,3,0.15,106702.65,11211.93,Credit Card
ORD0012904,2025-04-27,CUST00851,Rohan Patel,PROD0022,Chair Item 22,Furniture,Chairs,North,Punjab,Amritsar,27754.52,5,0.2,22668.25,5086.27,Cash on Delivery
ORD0014026,2025-04-12,CUST00029,Vikram Patel,PROD0083,Paper Item 83,office supplies,Paper,South,Karnataka,Bengaluru,8959.05,5,0.1,7904.2,1054.85,Debit Card
ORD0012850,2025-04-23,CUST00404,Vikram Verma,PROD0007,Laptop Item 7,Electronics,Laptops,South,Telangana,Warangal,54246.05,1,0.0,43187.57,11058.48,UPI
ORD0013074,2025-04-29,CUST00517,Tanvi Nair,PROD0063,Beverage Item 63,Grocery,Beverages,West,Maharashtra,Mumbai,2427.0,4,0.25,2024.52,402.48,UPI
ORD0012152,2025-04-22,CUST00523,Tanvi Patel,PROD0030,Bookcase Item 30,Furniture,Bookcases,South,Telangana,Hyderabad,52736.37,4,0.25,47985.64,4750.73,Debit Card
ORD0012629,2025-04-29,CUST00160,Rajesh Joshi,PROD0062,Beverage Item 62,Grocery,Beverages,South,Telangana,Warangal,952.46,1,0.2,812.99,139.47,Cash on Delivery
ORD0011560,2025-04-18,CUST00694,Vikram Nair,PROD0024,Chair Item 24,Furniture,Chairs,South,Tamil Nadu,Chennai,25090.39,1,0.0,19139.79,5950.6,UPI
ORD0012832,2025-04-22,CUST00023,Aditi Malhotra,PROD0022,Chair Item 22,Furniture,Chairs,South,Telangana,Warangal,6938.63,1,0.0,4533.65,2404.98,UPI
ORD0012912,2025-04-28,CUST00636,Kavya Verma,PROD0051,Kids Wear Item 51,Clothing,Kids Wear,West,Maharashtra,Nagpur,1059.26,2,0.0,703.94,355.32,UPI
ORD0011688,26/04/2025,CUST00761,Divya Mehta,PROD0081,Paper Item 81,Office Supplies,Paper,North,Haryana,Faridabad,11444.48,2,0.0,8039.92,3404.56,UPI
ORD0013628,2025-04-30,CUST00170,Meera Malhotra,PROD0041,Men's Wear Item 41,Clothing,Men's Wear,North,Haryana,Faridabad,6332.53,2,0.2,5972.98,359.55,UPI
ORD0012810,2025-04-13,CUST00866,Shreya Rao,PROD0040,Storage Unit Item 40, Furniture,Storage Units,North,Punjab,Amritsar,32283.85,2,0.15,22667.44,9616.41,Net Banking
ORD0014153,2025-04-01,CUST00821,Tanvi Sharma,PROD0097,Appliance Item 97,Office Supplies,Appliances,North,Punjab,Ludhiana,7227.96,4,0.0,4441.24,2786.72,Net Banking
ORD0014483,2025-04-14,CUST00609,Sanya Mehta,PROD0083,Paper Item 83,Office Supplies,Paper,East,Odisha,Bhubaneswar,5972.7,3,0.0,4742.52,1230.18,Net Banking
ORD0012213,2025-04-17,CUST00724,Rajesh Malhotra,PROD0020,Camera Item 20,Electronics,Cameras,South,Tamil Nadu,Chennai,307361.9,6,0.05,186066.84,121295.06,Cash on Delivery
ORD0014134,26 April 2025,CUST00546,Sanya Khan,PROD0098,Appliance Item 98,Office Supplies,Appliances,West,Rajasthan,Jaipur,11382.94,4,0.2,9284.16,2098.78,Debit Card
ORD0014335,2025-04-24,CUST00243,Rahul Gupta,PROD0031,Bookcase Item 31,Furniture,Bookcases,South,Karnataka,Bengaluru,109158.59,6,0.05,75680.34,33478.25,Credit Card
ORD0013846,2025-04-12,CUST00578,Ananya Kumar,PROD0017,Camera Item 17,Electronics,Cameras,South,Karnataka,Mysuru,95699.28,4,0.05,74545.08,21154.2,Net Banking
ORD0014080,2025-04-28,CUST00617,Pallavi Mehta,PROD0009,Television Item 9,ELECTRONICS,Televisions,North,Delhi,Dwarka,37915.64,7,0.05,23326.03,14589.61,Debit Card
ORD0013508,2025-04-04,CUST00461,Amit Kumar,PROD0095,Storage Item 95,Office Supplies,Storage,North,Delhi,Dwarka,20549.13,7,0.0,13646.92,6902.21,Credit Card
ORD0012356,2025-04-04,CUST00706,Vivaan Singh,PROD0004,Mobile Phone Item 4,Electronics,Mobile Phones,West,Gujarat,Surat,82315.25,3,0.1,52834.77,29480.48,Debit Card
ORD0012950,2025-04-20,CUST00077,Sneha Iyer,PROD0009,Television Item 9,Electronics,Televisions,East,West Bengal,Howrah,10833.04,five,0.05,6664.58,4168.46,Debit Card
ORD0014004,2025-04-28,CUST00872,Rahul Sharma,PROD0096,Storage Item 96,Office Supplies,Storage,West,Rajasthan,Jaipur,7283.23,6,0.2,6474.84,808.39,Credit Card
ORD0014218,2025-04-11,CUST00572,Sneha Chatterjee,PROD0098,Appliance Item 98,Office Supplies,Appliances,West,Maharashtra,Pune,24900.19,7,0.0,16247.28,8652.91,Credit Card
ORD0014469,2025-04-02,CUST00204,Rahul Patel,PROD0037,Storage Unit Item 37,Furniture,Storage Units,East,West Bengal,Howrah,18499.16,4,0.05,15173.44,3325.72,Credit Card
ORD0012363,2025-04-23,CUST00850,Arjun Malhotra,PROD0038,Storage Unit Item 38,Furniture,Storage Units,East,Odisha,Bhubaneswar,33619.83,3,0.05,24844.41,8775.42,Cash on Delivery
ORD0013377,2025-04-07,CUST00495,Rohan Joshi,PROD0098,Appliance Item 98,Office Supplies,Appliances,East,Bihar,Gaya,16007.26,5,0.1,11605.2,4402.06,Credit Card
ORD0011518,2025-04-29,CUST00626,Rohan Reddy,PROD0081,Paper Item 81,office supplies,Paper,South,Karnataka,Mysuru,27180.64,5,0.05,20099.8,7080.84,Cash on Delivery
ORD0012421,2025-04-20,CUST00640,Aarav Chatterjee,PROD0010,Television Item 10,Electronics,Televisions,East,Odisha,Bhubaneswar,115867.74,6,0.0,79743.0,36124.74,Debit Card
ORD0013079,2025-04-26,CUST00142,Aryan Khan,PROD0068,Snack Item 68,Grocery,Snacks,North,Punjab,Amritsar,1277.28,3,0.2,1136.4,140.88,UPI
ORD0011552,2025-04-29,CUST00685,Rajesh Das,PROD0057,Accessorie Item 57,Clothing,Accessories,West,Gujarat,Ahmedabad,3893.67,2,0.05,3227.72,665.95,UPI
ORD0013759,10-Apr-2025,CUST00210,Saanvi Singh,PROD0095,Storage Item 95,Office Supplies,Storage,East,Odisha,Cuttack,0,6,0.0,11697.36,5916.18,Credit Card
ORD0012820,2025-04-26,CUST00392,Diya Verma,PROD0056,Footwear Item 56,Clothing,Footwear,North,Delhi,Dwarka,13709.1,5,0.0,9595.35,4113.75,Cash on Delivery
ORD0012544,2025-04-30,CUST00606,Karan Joshi,PROD0039,Storage Unit Item 39,Furniture,Storage Units,South,Karnataka,Bengaluru,116924.36,7,0.0,76014.05,40910.31,Credit Card
ORD0011740,2025-04-20,CUST00182,Meera Rao,PROD0009,Television Item 9,Electronics,Televisions,South,Tamil Nadu,Chennai,27082.6,5,0.05,16661.45,10421.15,Debit Card
ORD0011621,2025-04-08,CUST00347,Sneha Malhotra,PROD0038,Storage Unit Item 38,furniture,Storage Units,West,Maharashtra,Pune,82575.01,7,0.0,57970.29,24604.72,UPI
ORD0013128,2025-04-14,CUST00649,Rohan Das,PROD0025,Table Item 25,Furniture,Tables,South,Telangana,Warangal,161229.97,7,0.25,136471.58,24758.39,UPI
ORD0013525,2025-04-05,CUST00674,Divya Mehta,PROD0032,Bookcase Item 32,furniture,Bookcases,North,Delhi,Dwarka,31836.12,6,0.0,18510.0,13326.12,UPI
ORD0013253,23-Apr-2025,CUST00680,Diya Nair,PROD0070,Dairy Item 70,Grocery,Dairy,West,Maharashtra,Pune,2669.09,6,0.2,1939.92,729.17,UPI
ORD0013593,04-12-2025,CUST00604,Sanya Mehta,PROD0086,Binder Item 86,Office Supplies,Binders,North,Delhi,New Delhi,4210.5,1,0.2,3697.65,512.85,Debit Card
ORD0013625,2025-04-10,CUST00113,Tanvi Iyer,PROD0075,Staple Item 75,grocery,Staples,South,Tamil Nadu,Coimbatore,1039.72,1,0.0,635.97,403.75,Net Banking
ORD0012694,2025-04-23,CUST00024,Rahul Rao,PROD0005,Laptop Item 5,Electronics,Laptops,East,Odisha,Bhubaneswar,87844.61,6,0.1,60875.7,26968.91,Debit Card
ORD0011818,2025-04-23,CUST00384,Karan Khan,PROD0095,Storage Item 95,Office Supplies,Storage,East,Bihar,Gaya,-15852.19,6,0.1,11697.36,4154.83,Net Banking
ORD0013268,2025-04-12,CUST00628,Riya Verma,PROD0064,Beverage Item 64,Grocery,Beverages,North,Punjab,Ludhiana,7977.69,7,0.0,5118.33,2859.36,Credit Card
ORD0011649,2025-04-14,CUST00143,Rahul Malhotra,PROD0074,Staple Item 74,Grocery,Staples,East,Bihar,Gaya,1942.36,7,0.0,1446.13,496.23,Credit Card
ORD0012570,2025-04-12,CUST00256,Pallavi Mehta,PROD0070,Dairy Item 70,Grocery,Dairy,North,Haryana,Faridabad,2780.3,5,0.0,1616.6,1163.7,Cash on Delivery
ORD0011490,01-Apr-2025,CUST00480,Pallavi Reddy,PROD0015,Headphone Item 15,Electronics,Headphones,South,Telangana,Hyderabad,121302.92,4,0.15,104717.6,16585.32,Credit Card
ORD0011869,2025-04-22,CUST00242,Rohan Joshi,PROD0090,Art Supplie Item 90,OfficeSupplies,Art Supplies,South,Tamil Nadu,Chennai,17234.95,5,0.1,12132.05,11529.65,UPI
ORD0013961,2025-04-21,CUST00284,Meera Gupta,PROD0034,Sofa Item 34,Furniture,Sofas,South,Telangana,Hyderabad,106878.82,4,0.2,78942.6,27936.22,UPI
ORD0012401,2025-04-04,CUST00292,Diya Sharma,PROD0055,Footwear Item 55,Clothing,Footwear,South,Karnataka,Bengaluru,-,5,0.2,9935.45,2012.03,Debit Card
ORD0012072,2025-04-14,CUST00075,Nikhil Sharma,PROD0041,Men's Wear Item 41,Clothing,Men's Wear,South,Tamil Nadu,Chennai,23746.98,6,0.0,17918.94,5828.04,Debit Card
ORD0012599,2025-04-23,CUST00311,Rahul Khan,PROD0040,Storage Unit Item 40,Furniture,Storage Units,South,Telangana,Warangal,108245.85,6,0.05,68002.32,40243.53,UPI
ORD0011866,2025-04-04,CUST00695,Amit Rao,PROD0093,Storage Item 93,Office Supplies,Storage,North,Delhi,Dwarka,26421.34,5,0.1,21614.05,4807.29,Debit Card
ORD0012248,2025-04-10,CUST00836,Manish Kumar,PROD0058,Accessorie Item 58,Clothing,Accessories,West,Maharashtra,Pune,6272.16,4,0.0,3727.6,2544.56,UPI
ORD0013228,2025-04-13,CUST00708,Pooja Joshi,PROD0052,Kids Wear Item 52,Clothing,Kids Wear,North,Haryana,Gurugram,2099.01,3,0.1,1371.54,1450.36,Credit Card
ORD0013345,2025-04-13,CUST00431,Pallavi Rao,PROD0064,Beverage Item 64,Grocery,Beverages,East,Bihar,Gaya,1082.69,1,0.05,731.19,351.5,UPI
ORD0012534,2025-04-16,CUST00150,Saanvi Sharma,PROD0065,Snack Item 65,Grocery,Snacks,North,Haryana,Faridabad,3821.98,5,0.15,2926.2,895.78,Credit Card
ORD0011917,04-07-2025,CUST00364,Tanvi Verma,PROD0033,Sofa Item 33,Furniture,Sofas,North,Delhi,New Delhi,200201.64,6,0.0,134236.74,65964.9,Cash on Delivery
ORD0014293,2025-04-26,CUST00317,Rahul Reddy,PROD0008,Laptop Item 8,Electronics,Laptops,East,Odisha,Bhubaneswar,353810.7,6,,278891.22,74919.48,Credit Card
ORD0011809,2025-04-26,CUST00878,Karan Nair,PROD0015,Headphone Item 15,Electronics,Headphones,West,Maharashtra,Nagpur,214063.98,6,0.0,157076.4,56987.58,Credit Card
ORD0013694,2025-04-25,,Rajesh Malhotra,PROD0030,Bookcase Item 30,Furniture,Bookcases,West,Maharashtra,Nagpur,70315.16,4,,47985.64,22329.52,Debit Card
ORD0012306,2025-04-11,CUST00686,Amit Nair,PROD0081,Paper Item 81,Office Supplies,Paper,East,Odisha,Cuttack,25750.08,6,0.25,24119.76,1630.32,Net Banking
ORD0012450,04-30-2025,CUST00042,Ishaan Chatterjee,PROD0085,Binder Item 85,Office Supplies,Binders,North,Delhi,Dwarka,1066.68,6,0.25,924.48,142.2,Credit Card
ORD0011319,2025-04-25,CUST00220,Aditi Reddy,PROD0003,Mobile Phone Item 3,Electronics,Mobile Phones,North,Delhi,New Delhi,363011.92,7,0.1,287638.47,75373.45,Credit Card
ORD0011262,2025-04-05,CUST00443,Nikhil Mehta,PROD0019,Camera Item 19,Electronics,Cameras,East,Bihar,Patna,113160.04,2,0.0,65651.36,47508.68,Net Banking
ORD0012144,2025-04-13,CUST00873,Meera Malhotra,PROD0057,Accessorie Item 57,Clothing,Accessories,West,Gujarat,Surat,1536.98,1,,1613.86,-76.88,Debit Card
ORD0012032,2025-04-11,CUST00422,Sneha Sharma,PROD0037,Storage Unit Item 37,Furniture,Storage Units,South,Telangana,Warangal,9736.4,2,0.0,7586.72,2149.68,Debit Card
ORD0012804,2025-04-23,CUST00383,Arjun Joshi,PROD0021,Chair Item 21,Furniture,Chairs,North,Delhi,New Delhi,47266.85,6,0.2,44999.22,2267.63,Credit Card
ORD0013677,2025-04-19,CUST00040,Vikram Das,PROD0053,Footwear Item 53,Clothing,Footwear,West,Maharashtra,Mumbai,5278.9,2,0.0,3421.96,1856.94,Debit Card
ORD0013286,2025-04-12,CUST00525,Aryan Verma,PROD0091,Art Supplie Item 91,Office Supplies,Art Supplies,North,Delhi,Rohini,5238.75,4,0.15,4796.04,442.71,Credit Card
ORD0012145,2025-04-18,CUST00393,Priya Kumar,PROD0032,Bookcase Item 32,Furniture,Bookcases,North,Punjab,Amritsar,15122.16,3,0.05,9255.0,5867.16,UPI
ORD0011750,2025-04-05,CUST00838,Tanvi Malhotra,PROD0097,Appliance Item 97,Office Supplies,Appliances,South,Karnataka,Mysuru,9034.95,5,0.0,5551.55,3483.4,Credit Card
ORD0011535,2025-04-13,CUST00107,Shreya Khan,PROD0029,Bookcase Item 29,Furniture,Bookcases,East,Odisha,Cuttack,109542.68,4,0.0,74425.0,35117.68,UPI
ORD0011210,2025-04-07,CUST00105,Rohan Joshi,PROD0021,Chair Item 21,Furniture,Chairs,South,Tamil Nadu,Coimbatore,17725.07,2,0.1,14999.74,2725.33,UPI
ORD0014438,03 April 2025,CUST00290,Amit Verma,PROD0099,Appliance Item 99,Office Supplies,Appliances,East,Odisha,Cuttack,7095.38,6,0.15,6294.12,801.26,Cash on Delivery
ORD0014417,2025-04-15,CUST00588,Aarav Nair,PROD0005,Laptop Item 5,electronics,Laptops,North,Punjab,Amritsar,39042.05,3,0.2,30437.85,8604.2,Debit Card
ORD0012203,2025-04-04,CUST00224,Ananya Malhotra,PROD0068,Snack Item 68,Grocery,Snacks,West,Maharashtra,Mumbai,2794.05,7,0.25,2651.6,142.45,Credit Card
ORD0013169,2025-04-08,CUST00799,Riya Mehta,PROD0082,Paper Item 82,Office Supplies,Paper,North,Punjab,Ludhiana,9630.78,6,0.0,6802.86,2827.92,Debit Card
ORD0013796,2025-04-23,CUST00426,Pallavi Joshi,PROD0031,Bookcase Item 31,Furniture,Bookcases,East,Bihar,Gaya,107243.53,7,0.2,88293.73,18949.8,Net Banking
ORD0012969,2025-04-08,CUST00722,Rajesh Reddy,PROD0088,Binder Item 88,Office Supplies,Binders,North,Delhi,Dwarka,28775.66,7,0.2,22680.77,6094.89,Cash on Delivery
ORD0012018,2025-04-29,CUST00574,Sanya Joshi,PROD0059,Accessorie Item 59,Clothing,Accessories,East,West Bengal,Kolkata,2106.71,1,0.25,2139.02,-32.31,UPI
ORD0011819,2025-04-22,CUST00001,Aditi Joshi,PROD0030,Bookcase Item 30,Furniture,Bookcases,North,Punjab,Amritsar,16699.85,1,0.05,11996.41,4703.44,UPI
ORD0013750,10/04/2025,CUST00731,Shreya Nair,PROD0029,Bookcase Item 29,Furniture,Bookcases,North,Punjab,Amritsar,164314.02,6,0.0,111637.5,52676.52,Cash on Delivery
ORD0013611,2025-04-26,CUST00725,Manish Verma,PROD0024,Chair Item 24,Furniture,Chairs,South,Telangana,Hyderabad,-120433.87,6,0.2,114838.74,5595.13,Debit Card
ORD0011833,04-11-2025,CUST00135,Karan Kumar,PROD0001,Mobile Phone Item 1,Electronics,Mobile Phones,West,Rajasthan,Jaipur,28902.37,1,0.0,17770.91,11131.46,Debit Card
ORD0013993,2025-04-02,CUST00801,Ananya Mehta,PROD0012,Television Item 12,Electronics,Televisions,South,Telangana,Warangal,223602.43,7,0.15,180352.76,43249.67,Cash on Delivery
ORD0012732,2025-04-25,CUST00826,Kabir Sharma,PROD0069,Dairy Item 69,Grocery,Dairy,South,Karnataka,Mysuru,2218.6,5,0.0,1446.6,772.0,Credit Card
ORD0012350,2025-04-10,CUST00095,Rohan Iyer,PROD0070,Dairy Item 70,GROCERY,Dairy,East,West Bengal,Howrah,1112.12,2,0.0,646.64,465.48,Credit Card
ORD0012530,2025-04-08,CUST00403,Manish Joshi,PROD0017,Camera Item 17,Electronics,Cameras,West,Gujarat,Surat,128438.5,6,0.15,111817.62,16620.88,UPI
ORD0012328,2025-04-25,CUST00791,Saanvi Gupta,PROD0002,Mobile Phone Item 2,Electronics ,Mobile Phones,North,Haryana,Gurugram,6213.94,2,0.25,5554.22,659.72,Credit Card
ORD0012410,2025-04-13,CUST00185,Aarav Joshi,PROD0059,Accessorie Item 59,Clothing,Accessories,North,Delhi,New Delhi,7584.16,3,0.1,6417.06,1167.1,Net Banking
ORD0012730,2025-04-05,CUST00007,Manish Joshi,PROD0075,Staple Item 75,Grocery,Staples,West,Maharashtra,Mumbai,6238.32,6,0.0,3815.82,2422.5,Credit Card
ORD0012083,2025-04-02,CUST00860,Neha Singh,PROD0074,Staple Item 74,Grocery,Staples,West,Rajasthan,Udaipur,790.82,3,,619.77,171.05,Credit Card
ORD0014325,2025-04-03,CUST00204,Rahul Patel,PROD0056,Footwear Item 56,Clothing,Footwear,East,West Bengal,Howrah,15354.19,7,0.2,13433.49,1920.7,Credit Card
ORD0013117,2025-04-21,CUST00795,Divya Sharma,PROD0027,Table Item 27,Furniture,Tables,South,Telangana,Warangal,27516.12,3,0.0,16243.14,11272.98,UPI
ORD0014232,2025-04-13,CUST00638,Manish Mehta,PROD0045,Women's Wear Item 45,Clothing,Women's Wear,North,Haryana,Faridabad,3133.78,2,0.0,2346.0,787.78,Credit Card
ORD0013983,2025-04-01,CUST00363,Shreya Verma,PROD0010,Television Item 10,Electronics,Televisions,East,West Bengal,Kolkata,69520.64,4,0.1,53162.0,16358.64,Credit Card
ORD0012638,2025-04-12,CUST00308,Aryan Das,PROD0067,Snack Item 67,Grocery,Snacks,West,Gujarat,Surat,2414.03,4,0.05,1973.84,440.19,Credit Card
ORD0014018,23 April 2025,CUST00283,Amit Gupta,PROD0071,Dairy Item 71,Grocery,Dairy,West,Gujarat,Surat,777.4,5,0.0,557.3,220.1,Cash on Delivery
ORD0011720,2025-04-07,CUST00035,Aditi Khan,PROD0086,Binder Item 86,Office-Supplies,Binders,South,Tamil Nadu,Coimbatore,5263.13,1,0.0,3697.65,1565.48,Credit Card
ORD0012558,2025-04-01,CUST00788,Ishaan Nair,PROD0064,Beverage Item 64,Grocery,Beverages,West,Gujarat,Surat,4558.68,5,0.2,3655.95,902.73,Debit Card
ORD0012478,2025-04-15,CUST00025,Aryan Joshi,PROD0100,Appliance Item 100,Office Supplies,Appliances,South,Telangana,Warangal,5177.36,1,0.0,3064.61,2112.75,UPI
ORD0013959,2025-04-14,CUST00744,Ishaan Sharma,PROD0096,Storage Item 96,Office Supplies,Storage,South,Telangana,Warangal,9104.04,6,0.0,6474.84,2629.2,UPI
ORD0012877,2025-04-12,CUST00838,Tanvi Malhotra,PROD0007,Laptop Item 7,Electronics,Laptops,West,Maharashtra,Mumbai,271230.25,5,0.0,215937.85,55292.4,Cash on Delivery
ORD0012224,2025-04-25,CUST00740,Meera Reddy,PROD0032,Bookcase Item 32,Furniture,Bookcases,South,Karnataka,Bengaluru,15918.06,3,0.0,9255.0,6663.06,Cash on Delivery
ORD0013727,2025-04-17,CUST00658,Sneha Iyer,PROD0044,Men's Wear Item 44,clothing,Men's Wear,North,Punjab,Amritsar,1250.5,1,0.2,879.3,371.2,Credit Card
ORD0011513,2025-04-14,CUST00851,Rohan Patel,PROD0071,Dairy Item 71,Grocery,Dairy,North,Delhi,New Delhi,932.88,6,0.0,668.76,264.12,UPI
ORD0012778,2025-04-05,CUST00850,Arjun Malhotra,PROD0014,Headphone Item 14,Electronics,Headphones,East,Odisha,Bhubaneswar,32634.75,3,0.0,24899.76,7734.99,Cash on Delivery
ORD0013219,2025-04-18,CUST00238,Riya Joshi,PROD0099,Appliance Item 99,Office Supplies,Appliances,East,Odisha,Cuttack,5217.19,5,0.25,5245.1,-27.91,UPI
ORD0013490,2025-04-11,CUST00842,Vivaan Joshi,PROD0071,Dairy Item 71,Grocery,Dairy,West,Rajasthan,Udaipur,310.96,2,0.0,222.92,88.04,Debit Card
ORD0012178,2025-04-25,CUST00681,Aditi Verma,PROD0083,Paper Item 83,Office Supplies,Paper,South,Tamil Nadu,Chennai,5674.06,3,0.05,4742.52,931.54,UPI
ORD0011629,2025-04-12,,Divya Mehta,PROD0074,Staple Item 74,Grocery,Staples,East,Bihar,Patna,235.86,1,0.15,206.59,29.27,UPI
ORD0011412,2025-04-18,CUST00427,Rajesh Gupta,PROD0098,Appliance Item 98,Office Supplies,Appliances,South,Karnataka,Bengaluru,8003.63,3,0.25,6963.12,1040.51,Debit Card
ORD0014450,2025-04-16,CUST00464,Vikram Iyer,PROD0014,Headphone Item 14,Electronics,Headphones,West,Rajasthan,Jaipur,29371.28,3,0.1,24899.76,4471.52,Credit Card
ORD0012737,2025-04-15,CUST00540,Neha Chatterjee,PROD0087,Binder Item 87,Office Supplies,Binders,South,Telangana,Warangal,13596.3,5,0.0,10659.3,2937.0,Credit Card
ORD0013572,2025-04-10,CUST00728,Pooja Verma,PROD0081,Paper Item 81,Office Supplies,Paper,North,Delhi,New Delhi,40055.68,7,0.0,28139.72,11915.96,Credit Card
ORD0013567,2025-04-18,CUST00607,Rahul Chatterjee,PROD0048,Women's Wear Item 48,Clothing,Women's Wear,North,Delhi,Rohini,7436.0,2,0.0,4904.02,2531.98,Net Banking
ORD0011392,2025-04-03,CUST00148,Vikram Singh,PROD0067,Snack Item 67,Grocery,Snacks,South,Karnataka,Bengaluru,3017.53,5,0.05,2467.3,550.23,UPI
ORD0011493,2025-04-01,CUST00872,Rahul Sharma,PROD0008,Laptop Item 8,Electronics,Laptops,North,Delhi,New Delhi,141524.28,3,0.2,139445.61,2078.67,UPI
ORD0012087,2025-04-09,CUST00239,Divya Sharma,PROD0068,Snack Item 68,Grocery,Snacks,South,Tamil Nadu,Coimbatore,2661.0,5,0.0,1894.0,767.0,UPI
ORD0013954,2025-04-30,CUST00824,Arjun Das,PROD0088,Binder Item 88,Office Supplies,Binders,South,Karnataka,Bengaluru,9763.17,2,0.05,6480.22,3282.95,Net Banking
ORD0012098,2025-04-16,CUST00362,Divya Verma,PROD0083,Paper Item 83,Office Supplies,Paper,South,Tamil Nadu,Chennai,9954.5,5,0.0,7904.2,2050.3,Credit Card
ORD0011504,2025-04-06,CUST00309,Rohan Iyer,PROD0037,Storage Unit Item 37,Furniture,Storage Units,West,Maharashtra,Mumbai,19472.8,5,0.2,18966.8,506.0,Net Banking
ORD0012137,2025-04-20,CUST00308,Aryan Das,PROD0052,Kids Wear Item 52,Clothing,Kids Wear,East,West Bengal,Kolkata,5441.87,7,0.0,3200.26,2241.61,Credit Card
ORD0012708,2025-04-21,CUST00830,Divya Iyer,PROD0020,Camera Item 20,Electronics,Cameras,North,Delhi,Rohini,145592.48,3,0.1,93033.42,52559.06,Net Banking
ORD0011817,2025-04-17,CUST00343,Kabir Joshi,PROD0051,Kids Wear Item 51,Clothing,Kids Wear,East,Bihar,Patna,2515.74,5,0.05,1759.85,755.89,Debit Card
ORD0012366,04-20-2025,CUST00601,Amit Khan,PROD0014,Headphone Item 14,Electronics,Headphones,North,Delhi,Rohini,41337.35,4,0.05,33199.68,8137.67,Cash on Delivery
ORD0012258,2025-04-25,CUST00701,Divya Gupta,PROD0066,Snack Item 66,Grocery,Snacks,North,Punjab,Ludhiana,1044.14,2,0.25,1016.22,27.92,UPI
ORD0014227,2025-04-10,CUST00154,Ananya Singh,PROD0020,Camera Item 20,Electronics,Cameras,West,Rajasthan,Jaipur,307361.9,6,0.05,186066.84,121295.06,UPI
ORD0012092,2025-04-11,CUST00759,Priya Sharma,PROD0073,Staple Item 73,Grocery,Staples,South,Karnataka,Mysuru,54.55,1,0.25,45.94,8.61,Credit Card
ORD0011467,05-Apr-2025,CUST00229,Ishaan Das,PROD0078,Personal Care Item 78,Grocery,Personal Care,West,Maharashtra,Pune,752.1,2,0.0,540.52,211.58,Credit Card
ORD0012718,2025-04-12,CUST00499,Sanya Nair,PROD0067,Snack Item 67,Grocery,Snacks,South,Tamil Nadu,Chennai,2541.08,4,0.0,1973.84,567.24,Credit Card
ORD0014454,2025-04-06,CUST00242,Rohan Joshi,PROD0038,Storage Unit Item 38,Furniture,Storage Units,North,Haryana,Gurugram,35389.29,3,0.0,24844.41,10544.88,Debit Card
ORD0014315,2025-04-02,CUST00164,Rohan Sharma,PROD0018,Camera Item 18,Electronics,Cameras,East,Bihar,Gaya,261422.84,7,0.2,196623.77,64799.07,Credit Card
ORD0011646,2025-04-02,CUST00856,Arjun Khan,PROD0066,Snack Item 66,Grocery,Snacks,North,Punjab,Ludhiana,4141.74,7,0.15,3556.77,584.97,UPI
ORD0013355,2025-04-06,CUST00124,Manish Reddy,PROD0084,Paper Item 84,Office Supplies,Paper,East,Odisha,Cuttack,17206.63,7,0.0,12412.12,4794.51,UPI
ORD0011350,16-Apr-2025,CUST00681,Aditi Verma,PROD0038,Storage Unit Item 38,Furniture,Storage Units,South,Tamil Nadu,Coimbatore,21233.57,2,0.1,16562.94,4670.63,UPI
ORD0011863,2025-04-07,CUST00544,Nikhil Malhotra,PROD0090,Art Supplie Item 90,Office Supplies,Art Supplies,South,Tamil Nadu,Coimbatore,13021.97,4,0.15,9705.64,3316.33,UPI
ORD0012949,2025-04-17,CUST00673,Kabir Malhotra,PROD0059,Accessorie Item 59,Clothing,Accessories,North,Haryana,Faridabad,8426.85,4,0.25,8556.08,-129.23,UPI
ORD0012165,2025-04-26,CUST00044,Aditi Iyer,PROD0093,Storage Item 93,Office Supplies,Storage,North,Delhi,New Delhi,31705.61,6,0.1,25936.86,5768.75,UPI
ORD0011753,2025-04-14,CUST00080,Sanya Joshi,PROD0003,Mobile Phone Item 3,Electronics,Mobile Phones,West,Maharashtra,Mumbai,184387.01,4,0.2,164364.84,20022.17,Debit Card
ORD0013467,2025-04-18,CUST00472,Sneha Khan,PROD0038,Storage Unit Item 38,FURNITURE,Storage Units,West,Gujarat,Surat,21233.57,2,0.1,16562.94,4670.63,Credit Card
ORD0012376,2025-04-25,CUST00123,Karan Verma,PROD0075,Staple Item 75,Grocery,Staples,East,Bihar,Gaya,6550.24,7,0.1,4451.79,2098.45,Net Banking
ORD0011404,2025-04-11,CUST00338,Karan Mehta,PROD0023,Chair Item 23,Furniture,Chairs,East,Bihar,Gaya,43700.01,3,0.1,29682.75,14017.26,Debit Card
ORD0013958,2025-04-25,CUST00599,Tanvi Malhotra,PROD0046,Women's Wear Item 46,Clothing,Women's Wear,North,Punjab,Ludhiana,11067.08,5,0.15,9605.05,1462.03,Credit Card
ORD0011526,2025-04-19,CUST00882,Aarav Kumar,PROD0036,Sofa Item 36,Furniture,Sofas,South,Tamil Nadu,Coimbatore,34052.08,4,0.1,21093.88,12958.2,Net Banking
ORD0013159,2025-04-11,CUST00523,Tanvi Patel,PROD0034,Sofa Item 34,Furniture,Sofas,West,Maharashtra,Mumbai,170338.11,6,0.15,118413.9,51924.21,UPI
ORD0012034,2025-04-19,CUST00196,Manish Patel,PROD0004,Mobile Phone Item 4,Electronics,Mobile Phones,West,Rajasthan,Udaipur,60974.26,2,0.0,35223.18,25751.08,UPI
ORD0012944,17/04/2025,CUST00545,Riya Patel,PROD0032,Bookcase Item 32,Furniture,Bookcases,South,Telangana,Warangal,11938.55,3,0.25,9255.0,2683.55,Credit Card
ORD0011802,2025-04-02,CUST00843,Arjun Singh,PROD0004,Mobile Phone Item 4,Electronics,Mobile Phones,North,Punjab,Amritsar,121948.52,4,0.0,70446.36,51502.16,Debit Card
ORD0011410,04-25-2025,CUST00216,Aditi Mehta,PROD0066,Snack Item 66,Grocery,Snacks,West,Gujarat,Ahmedabad,3898.1,7,0.2,3556.77,341.33,UPI
ORD0011220,2025-04-02,CUST00406,Vivaan Rao,PROD0053,Footwear Item 53,Clothing,Footwear,East,Odisha,Cuttack,2639.45,1,0.0,1710.98,928.47,UPI
ORD0012515,2025-04-01,CUST00897,Arjun Iyer,PROD0009,Television Item 9,Electronics,Televisions,North,Delhi,New Delhi,33924.52,7,0.15,23326.03,10598.49,UPI
ORD0013235,2025-04-15,CUST00841,Rajesh Sharma,PROD0015,Headphone Item 15,Electronics,Headphones,West,Rajasthan,Udaipur,237254.24,7,0.05,183255.8,53998.44,Credit Card
ORD0013127,2025-04-08,CUST00500,Rajesh Singh,PROD0025,Table Item 25,Furniture,Tables,West,Maharashtra,Nagpur,69098.56,3,0.25,58487.82,10610.74,Debit Card
ORD0014457,2025-04-02,CUST00789,Vikram Joshi,PROD0023,Chair Item 23,Furniture,Chairs,North,Punjab,Ludhiana,80925.95,5,0.0,49471.25,31454.7,UPI
ORD0011283,2025-04-08,CUST00468,Rahul Malhotra,PROD0047,Women's Wear Item 47,Clothing,Women's Wear,West,Gujarat,Surat,9709.35,3,0.0,5854.62,3854.73,Net Banking
ORD0011505,2025-04-01,CUST00135,Karan Kumar,PROD0061,Beverage Item 61,Grocery,Beverages,North,Haryana,Faridabad,3229.08,3,0.0,2381.13,847.95,Debit Card
ORD0013506,2025-04-24,CUST00765,Aarav Rao,PROD0066,Snack Item 66,Grocery,Snacks,South,Telangana,Warangal,3306.43,5,0.05,2540.55,765.88,Debit Card
ORD0013130,2025-04-20,CUST00230,Divya Verma,PROD0068,Snack Item 68,Grocery,Snacks,North,Punjab,Amritsar,3033.54,6,0.05,2272.8,760.74,UPI
ORD0014479,2025-04-21,CUST00848,Ishaan Das,PROD0021,Chair Item 21,Furniture,Chairs,West,Rajasthan,Udaipur,68930.82,7,0.0,52499.09,16431.73,Credit Card
ORD0012457,2025-04-19,CUST00020,Saanvi Das,PROD0069,Dairy Item 69,Grocery,Dairy,West,Gujarat,Ahmedabad,2662.32,6,0.0,1735.92,926.4,UPI
ORD0012760,2025-04-25,CUST00794,Nikhil Verma,PROD0001,Mobile Phone Item 1,Electronics,Mobile Phones,West,Rajasthan,Udaipur,130060.66,5,0.1,88854.55,41206.11,Credit Card
ORD0013381,2025-04-20,CUST00529,Rahul Joshi,PROD0006,Laptop Item 6,Electronics,Laptops,North,Delhi,New Delhi,138723.03,3,0.0,106702.65,32020.38,UPI
ORD0012574,2025-04-19,CUST00177,Saanvi Reddy,PROD0015,Headphone Item 15,Electronics,Headphones,North,Punjab,Ludhiana,151628.65,5,0.15,130897.0,20731.65,UPI
ORD0012630,21/04/2025,CUST00217,Nikhil Patel,PROD0004,Mobile Phone Item 4,Electronics,Mobile Phones,West,Rajasthan,Udaipur,173776.64,6,0.05,105669.54,68107.1,UPI
ORD0011316,2025-04-16,CUST00557,Kabir Iyer,PROD0061,Beverage Item 61,Grocery,Beverages,South,Tamil Nadu,Chennai,3229.08,3,0.0,2381.13,847.95,Debit Card
ORD0013916,2025-04-23,CUST00472,Sneha Khan,PROD0031,Bookcase Item 31,Furniture,Bookcases,East,Odisha,Bhubaneswar,91923.02,6,0.2,75680.34,44066.19,Net Banking
ORD0012995,2025-04-02,CUST00578,Ananya Kumar,PROD0055,Footwear Item 55,Clothing,Footwear,West,Gujarat,Surat,11947.48,5,0.2,9935.45,2012.03,UPI
ORD0013152,2025-04-17,CUST00454,Neha Patel,PROD0040,Storage Unit Item 40, Furniture,Storage Units,West,Gujarat,Surat,37981.0,2,0.0,22667.44,15313.56,Debit Card
ORD0014220,2025-04-06,CUST00122,Aditi Das,PROD0098,Appliance Item 98,Office Supplies,Appliances,East,Odisha,Cuttack,3201.45,1,0.1,2321.04,880.41,UPI
ORD0013568,2025-04-01,CUST00848,Ishaan Das,PROD0053,Footwear Item 53,Clothing,Footwear,West,Rajasthan,Udaipur,-12537.39,5,0.05,8554.9,3982.49,UPI
ORD0012803,2025-04-12,CUST00620,Saanvi Sharma,PROD0021,Chair Item 21,Furniture,Chairs,South,Karnataka,Bengaluru,8862.53,-1,0.1,7499.87,1362.66,Debit Card
ORD0013604,2025-04-10,CUST00142,Aryan Khan,PROD0051,Kids Wear Item 51,Clothing,Kids Wear,West,Maharashtra,Mumbai,2383.34,6,0.25,2111.82,271.52,Debit Card
ORD0012785,2025-04-13,CUST00419,Nikhil Gupta,PROD0068,Snack Item 68,Grocery,Snacks,East,Bihar,Gaya,0,7,0.1,2651.6,2023.72,UPI
ORD0011660,2025-04-04,CUST00548,Ananya Verma,PROD0077,Personal Care Item 77,Grocery,Personal Care,West,Maharashtra,Mumbai,366.43,1,0.0,214.24,152.19,UPI
ORD0012905,2025-04-27,CUST00224,Ananya Malhotra,PROD0030,Bookcase Item 30, Furniture,Bookcases,East,West Bengal,Kolkata,42189.1,3,0.2,35989.23,6199.87,UPI
ORD0011293,2025-04-26,CUST00115,Vikram Patel,PROD0077,Personal Care Item 77,Grocery,Personal Care,West,Gujarat,Surat,2180.26,7,0.15,1499.68,680.58,Credit Card
ORD0013482,2025-04-11,CUST00635,Rajesh Sharma,PROD0030,Bookcase Item 30,FURNITURE,Bookcases,North,Punjab,Ludhiana,74709.86,-5,0.15,59982.05,14727.81,Credit Card
ORD0012432,2025-04-18,CUST00628,Riya Verma,PROD0016,Headphone Item 16,Electronics,Headphones,North,Punjab,Amritsar,131725.44,7,0.0,84674.87,47050.57,Credit Card
ORD0012909,2025-04-29,CUST00243,Rahul Gupta,PROD0003,Mobile Phone Item 3,Electronics,Mobile Phones,East,Bihar,Patna,115241.88,2,0.0,82182.42,33059.46,UPI
ORD0014289,2025-04-05,CUST00297,Rohan Malhotra,PROD0096,Storage Item 96,OfficeSupplies,Storage,East,West Bengal,Howrah,2579.48,2,0.15,2158.28,421.2,UPI
ORD0011741,2025-04-27,CUST00406,Vivaan Rao,PROD0046,Women's Wear Item 46,Clothing,Women's Wear,South,Karnataka,Bengaluru,10416.08,4,0.0,7684.04,2732.04,UPI
ORD0013016,2025-04-20,CUST00335,Sneha Patel,PROD0017,Camera Item 17,Electronics,Cameras,West,Gujarat,Surat,20147.22,1,0.2,18636.27,1510.95,Debit Card
ORD0011601,2025-04-12,CUST00516,Priya Patel,PROD0080,Personal Care Item 80,Grocery,Personal Care,West,Gujarat,Surat,1279.44,2,0.05,976.88,302.56,Credit Card
ORD0013570,2025-04-16,CUST00886,Arjun Reddy,PROD0075,Staple Item 75,Grocery,Staples,South,Karnataka,Mysuru,5458.53,7,0.25,4451.79,1006.74,Credit Card
ORD0013891,2025-04-14,CUST00431,Pallavi Rao,PROD0044,Men's Wear Item 44,Clothing,Men's Wear,West,Maharashtra,Nagpur,7424.87,5,0.05,4396.5,3028.37,Credit Card
ORD0012669,2025-04-07,CUST00557,Kabir Iyer,PROD0077,Personal Care Item 77,Grocery,Personal Care,South,Telangana,Hyderabad,1832.15,5,0.0,1071.2,760.95,Debit Card
ORD0012472,2025-04-20,CUST00302,Manish Patel,PROD0041,Men's Wear Item 41,Clothing,Men's Wear,South,Telangana,Warangal,20778.61,7,0.25,20905.43,-126.82,Credit Card
ORD0013462,2025-04-13,CUST00297,Rohan Malhotra,PROD0007,Laptop Item 7,Electronics,Laptops,North,Haryana,Gurugram,154601.24,3,0.05,129562.71,25038.53,Debit Card
ORD0013279,2025-04-03,CUST00141,Saanvi Khan,PROD0042,Men's Wear Item 42,Clothing,Men's Wear,North,Punjab,Amritsar,14611.06,6,0.2,12185.46,2425.6,Credit Card
ORD0013020,10/04/2025,CUST00851,Rohan Patel,PROD0054,Footwear Item 54,Clothing,Footwear,South,Karnataka,Bengaluru,17812.08,6,0.2,14022.3,3789.78,Credit Card
ORD0012811,2025-04-02,CUST00296,Nikhil Rao,PROD0026,Table Item 26,Furniture,Tables,South,Telangana,Warangal,51178.72,3,0.1,34807.29,16371.43,Credit Card
ORD0013425,2025-04-21,CUST00675,Manish Kumar,PROD0045,Women's Wear Item 45,Clothing,Women's Wear,West,Rajasthan,Udaipur,3760.54,3,0.2,3519.0,241.54,Net Banking
ORD0011416,2025-04-10,,Tanvi Kumar,PROD0005,Laptop Item 5,Electronics,Laptops,South,Tamil Nadu,Coimbatore,102485.38,7,0.1,71021.65,31463.73,Debit Card
ORD0014452,2025-04-04,CUST00753,Pooja Gupta,PROD0058,Accessorie Item 58,Clothing,Accessories,South,Telangana,Hyderabad,7056.18,6,0.25,5591.4,4028.06,UPI
ORD0013600,04-29-2025,CUST00649,Rohan Das,PROD0054,Footwear Item 54,Clothing,Footwear,North,Punjab,Ludhiana,20038.59,6,0.1,14022.3,6016.29,Credit Card
ORD0012241,2025-04-22,CUST00891,Vivaan Nair,PROD0095,Storage Item 95,Office Supplies,Storage,East,Odisha,Cuttack,8806.77,3,0.0,5848.68,2958.09,UPI
ORD0012303,2025-04-24,CUST00609,Sanya Mehta,PROD0072,Dairy Item 72,Grocery,Dairy,North,Delhi,Rohini,5626.95,7,0.0,4027.38,1599.57,UPI
ORD0014051,2025-04-03,CUST00038,Aryan Khan,PROD0024,Chair Item 24,Furniture,Chairs,South,Tamil Nadu,Chennai,45162.7,2,0.1,38279.58,6883.12,UPI
ORD0012837,2025-04-02,CUST00427,Rajesh Gupta,PROD0025,Table Item 25,Furniture,Tables,East,Odisha,Cuttack,110557.69,4,0.1,77983.76,32573.93,Debit Card
ORD0011432,2025-04-24,CUST00396,Aditi Khan,PROD0075,Staple Item 75,Grocery,Staples,East,West Bengal,Kolkata,4990.66,6,0.2,3815.82,1174.84,Credit Card
ORD0013844,2025-04-03,CUST00596,Neha Iyer,PROD0064,Beverage Item 64,Grocery,Beverages,North,Delhi,Dwarka,6154.22,6,0.1,4387.14,1767.08,UPI
ORD0013289,2025-04-19,CUST00100,Arjun Malhotra,PROD0061,Beverage Item 61,Grocery,Beverages,West,Rajasthan,Jaipur,3229.08,3,0.0,2381.13,847.95,Debit Card
ORD0012330,2025-04-12,CUST00780,Pallavi Chatterjee,PROD0086,Binder Item 86,Office Supplies,Binders,East,Bihar,Gaya,21052.52,5,0.2,18488.25,2564.27,Debit Card
ORD0012174,2025-04-30,CUST00662,Vikram Rao,PROD0028,Table Item 28,Furniture,Tables,South,Tamil Nadu,Coimbatore,164743.25,5,0.0,127181.35,37561.9,UPI
ORD0011307,2025-04-21,CUST00900,Priya Singh,PROD0004,Mobile Phone Item 4,Electronics,Mobile Phones,East,West Bengal,Howrah,129570.3,5,0.15,88057.95,41512.35,Credit Card
ORD0012209,2025-04-25,CUST00484,Karan Nair,PROD0034,Sofa Item 34,Furniture,Sofas,North,Delhi,Dwarka,175348.06,7,0.25,138149.55,37198.51,Credit Card
ORD0012161,2025-04-10,CUST00682,Arjun Gupta,PROD0001,Mobile Phone Item 1,electronics,Mobile Phones,West,Rajasthan,Jaipur,147402.09,6,0.15,106625.46,40776.63,UPI
ORD0013902,2025-04-28,CUST00786,Aditi Nair,PROD0052,Kids Wear Item 52,Clothing,Kids Wear,South,Karnataka,Bengaluru,2643.19,4,0.15,1828.72,814.47,UPI
ORD0013556,2025-04-12,CUST00156,Riya Das,PROD0008,Laptop Item 8,Electronics ,Laptops,South,Telangana,Hyderabad,117936.9,2,0.0,92963.74,24973.16,Credit Card
ORD0013876,2025-04-07,CUST00446,Aditi Mehta,PROD0099,Appliance Item 99,Office Supplies,Appliances,West,Maharashtra,Pune,4173.75,3,0.0,3147.06,1026.69,Cash on Delivery
ORD0013250,2025-04-24,CUST00338,Karan Mehta,PROD0006,Laptop Item 6,Electronics,Laptops,East,Odisha,Bhubaneswar,277446.06,6,0.0,213405.3,64040.76,Debit Card
ORD0012613,2025-04-09,CUST00660,Rahul Reddy,PROD0039,Storage Unit Item 39,Furniture,Storage Units,North,Punjab,Ludhiana,-,2,0.0,21718.3,11688.66,Debit Card
ORD0011310,2025-04-22,CUST00485,Sneha Sharma,PROD0073,Staple Item 73,Grocery,Staples,South,Telangana,Hyderabad,130.91,2,0.1,91.88,39.03,Credit Card
ORD0014282,29/04/2025,CUST00123,Karan Verma,PROD0071,Dairy Item 71,Grocery,Dairy,South,Telangana,Hyderabad,559.73,4,0.1,445.84,113.89,Net Banking
ORD0011294,2025-04-07,CUST00594,Ishaan Kumar,PROD0089,Art Supplie Item 89,Office Supplies,Art Supplies,West,Maharashtra,Mumbai,13251.36,5,0.2,11138.7,2112.66,Debit Card
ORD0012668,2025-04-27,CUST00330,Aditi Iyer,PROD0004,Mobile Phone Item 4,Electronics,Mobile Phones,West,Maharashtra,Nagpur,121948.52,4,0.0,70446.36,51502.16,UPI
ORD0014343,2025-04-30,CUST00780,Pallavi Chatterjee,PROD0048,Women's Wear Item 48,Clothing,Women's Wear,North,Haryana,Faridabad,3718.0,1,0.0,2452.01,1265.99,Net Banking
ORD0012311,2025-04-21,,Rajesh Patel,PROD0051,Kids Wear Item 51,Clothing,Kids Wear,West,Maharashtra,Mumbai,3151.3,7,0.15,2463.79,687.51,Cash on Delivery
ORD0012351,04-02-2025,CUST00583,Sanya Verma,PROD0030,Bookcase Item 30,Furniture,Bookcases,South,Tamil Nadu,Coimbatore,52736.37,3,0.0,35989.23,16747.14,UPI
ORD0012185,2025-04-12,CUST00454,Neha Patel,PROD0069,Dairy Item 69,Grocery,Dairy,West,Gujarat,Ahmedabad,443.72,1,0.0,289.32,154.4,Credit Card
ORD0011264,2025-04-02,CUST00047,Divya Reddy,PROD0019,Camera Item 19,Electronics,Cameras,South,Tamil Nadu,Chennai,271584.1,6,0.2,196954.08,74630.02,Net Banking
ORD0011690,04-14-2025,CUST00460,Rohan Das,PROD0022,Chair Item 22,Furniture,Chairs,North,Punjab,Amritsar,13877.26,2,0.0,9067.3,4809.96,Net Banking
ORD0012557,2025-04-27,CUST00650,Sanya Sharma,PROD0047,Women's Wear Item 47,Clothing,Women's Wear,South,Karnataka,Bengaluru,12945.8,4,0.0,7806.16,5139.64,Net Banking
ORD0013639,2025-04-05,CUST00322,Divya Khan,PROD0087,Binder Item 87,Office Supplies,Binders,South,Tamil Nadu,Chennai,10877.04,4,0.0,8527.44,2349.6,Debit Card
ORD0011944,2025-04-07,CUST00794,Nikhil Verma,PROD0016,Headphone Item 16,Electronics,Headphones,West,Maharashtra,Nagpur,94089.6,5,0.0,60482.05,33607.55,UPI
ORD0013236,2025-04-05,CUST00341,Tanvi Patel,PROD0033,Sofa Item 33,Furniture,Sofas,East,Odisha,Bhubaneswar,233568.58,7,0.0,156609.53,76959.05,Credit Card
ORD0011943,2025-04-12,CUST00448,Manish Kumar,PROD0042,Men's Wear Item 42,Clothing,Men's Wear,South,Karnataka,Mysuru,21307.79,7,0.0,14216.37,7091.42,UPI
ORD0011639,02/04/2025,CUST00603,Riya Rao,PROD0089,Art Supplie Item 89,Office Supplies,Art Supplies,East,West Bengal,Kolkata,16564.2,5,0.0,11138.7,5425.5,Net Banking
ORD0014070,2025-04-21,CUST00732,Vivaan Sharma,PROD0007,Laptop Item 7,Electronics,Laptops,East,Odisha,Cuttack,216984.2,4,0.0,172750.28,44233.92,Credit Card
ORD0011841,2025-04-19,CUST00555,Rajesh Sharma,PROD0068,Snack Item 68,Grocery,Snacks,South,Karnataka,Mysuru,532.2,1,0.0,378.8,153.4,Cash on Delivery
ORD0014168,24/04/2025,CUST00898,Priya Gupta,PROD0077,Personal Care Item 77,Grocery,Personal Care,West,Rajasthan,Udaipur,1099.29,4,0.25,856.96,242.33,Credit Card
ORD0011478,2025-04-25,CUST00814,Pooja Kumar,PROD0077,Personal Care Item 77,Grocery,Personal Care,West,Maharashtra,Mumbai,1099.29,3,0.0,642.72,456.57,Credit Card
ORD0013618,2025-04-30,CUST00378,Vikram Khan,PROD0049,Kids Wear Item 49,Clothing,Kids Wear,South,Telangana,Warangal,305467.32,3,0.0,4400.79,3592.26,Debit Card
ORD0012080,2025-04-07,CUST00752,Meera Nair,PROD0084,Paper Item 84,Office Supplies,Paper,West,Maharashtra,Mumbai,4178.75,2,0.15,3546.32,632.43,Debit Card
ORD0013726,2025-04-26,CUST00642,Kavya Joshi,PROD0025,Table Item 25,Furniture,Tables,South,Karnataka,Bengaluru,82918.27,3,0.1,58487.82,24430.45,Debit Card
ORD0013398,2025-04-16,CUST00698,Meera Kumar,PROD0057,Accessorie Item 57,Clothing,Accessories,South,Telangana,Warangal,7377.48,4,0.1,6455.44,922.04,UPI
ORD0013385,2025-04-15,CUST00243,Rahul Gupta,PROD0030,Bookcase Item 30,Furniture,Bookcases,West,Rajasthan,Udaipur,87893.95,5,0.0,59982.05,27911.9,Cash on Delivery
ORD0014006,2025-04-15,CUST00211,Sneha Mehta,PROD0008,Laptop Item 8,electronics,Laptops,East,Bihar,Patna,224080.11,4,0.05,185927.48,38152.63,UPI
ORD0012345,2025-04-15,CUST00641,Manish Mehta,PROD0022,Chair Item 22,Furniture,Chairs,North,Delhi,New Delhi,20815.89,3,0.0,13600.95,7214.94,Credit Card
ORD0012670,04-04-2025,CUST00178,Pallavi Malhotra,PROD0054,Footwear Item 54,Clothing,Footwear,South,Telangana,Warangal,11132.55,five,0.0,7011.15,4121.4,UPI
ORD0011207,2025-04-07,CUST00208,Aarav Das,PROD0041,Men's Wear Item 41,Clothing,Men's Wear,West,Maharashtra,Pune,27704.81,7,0.0,20905.43,6799.38,Debit Card
ORD0014100,2025-04-23,CUST00264,Sneha Patel,PROD0037,Storage Unit Item 37,Furniture,Storage Units,North,Punjab,Amritsar,4381.38,-1,0.1,3793.36,588.02,Credit Card
ORD0013331,2025-04-01,CUST00137,Ishaan Malhotra,PROD0037,Storage Unit Item 37,Furniture,Storage Units,North,Delhi,Dwarka,28965.79,7,0.15,26553.52,2412.27,Debit Card
ORD0013254,2025-04-16,CUST00771,Priya Gupta,PROD0050,Kids Wear Item 50,Clothing,Kids Wear,North,Delhi,Rohini,21467.48,6,0.1,14794.08,6673.4,Net Banking
ORD0013998,2025-04-10,CUST00004,Aditi Mehta,PROD0091,Art Supplie Item 91,Office Supplies,Art Supplies,West,Maharashtra,Nagpur,3081.62,2,0.0,2398.02,683.6,Credit Card
ORD0012690,2025-04-08,CUST00876,Sneha Rao,PROD0048,Women's Wear Item 48,Clothing,Women's Wear,South,Telangana,Warangal,7436.0,2,0.0,4904.02,2531.98,Net Banking
ORD0013320,2025-04-13,CUST00812,Sneha Sharma,PROD0013,Headphone Item 13,Electronics,Headphones,North,Haryana,Gurugram,50268.2,5,0.1,34255.75,16012.45,Net Banking
ORD0012606,2025-04-19,CUST00321,Aryan Rao,PROD0021,Chair Item 21,Furniture,Chairs,South,Karnataka,Mysuru,26587.6,3,0.1,22499.61,4087.99,UPI
ORD0012239,2025-04-15,CUST00459,Vikram Joshi,PROD0004,Mobile Phone Item 4,Electronics,Mobile Phones,South,Karnataka,Mysuru,121948.52,4,0.0,70446.36,51502.16,Debit Card
ORD0012953,21-Apr-2025,CUST00449,Sanya Sharma,PROD0038,Storage Unit Item 38,Furniture,Storage Units,South,Telangana,Warangal,10616.79,1,0.1,8281.47,2335.32,UPI
ORD0013749,2025-04-09,CUST00852,Aryan Gupta,PROD0080,Personal Care Item 80,Grocery,Personal Care,East,Odisha,Bhubaneswar,1279.44,2,0.05,976.88,302.56,Cash on Delivery
ORD0014476,2025-04-08,CUST00695,Amit Rao,PROD0015,Headphone Item 15,Electronics,Headphones,North,Punjab,Amritsar,107031.99,3,0.0,78538.2,28493.79,UPI
ORD0012028,08-Apr-2025,CUST00485,Sneha Sharma,PROD0018,Camera Item 18,Electronics,Cameras,South,Telangana,Warangal,93365.3,2,0.0,56178.22,37187.08,Credit Card
ORD0013563,2025-04-30,CUST00513,Nikhil Sharma,PROD0033,Sofa Item 33,Furniture,Sofas,North,Delhi,Dwarka,175176.44,7,0.25,156609.53,18566.91,UPI
ORD0013874,2025-04-22,CUST00352,Kabir Patel,PROD0054,Footwear Item 54,Clothing,Footwear,West,Maharashtra,Nagpur,21151.84,6,0.05,14022.3,7129.54,Debit Card
ORD0013399,2025-04-13,CUST00524,,PROD0013,Headphone Item 13,Electronics,Headphones,East,West Bengal,Kolkata,33512.13,3,0.0,20553.45,12958.68,Cash on Delivery
ORD0012994,04-11-2025,CUST00002,Riya Khan,PROD0069,Dairy Item 69,GROCERY,Dairy,North,Delhi,New Delhi,887.44,2,0.0,578.64,308.8,Net Banking
ORD0012948,20-Apr-2025,CUST00163,Pallavi Gupta,PROD0053,Footwear Item 53,Clothing,Footwear,West,Maharashtra,Mumbai,5014.95,2,0.05,3421.96,1592.99,UPI
ORD0011913,2025-04-16,CUST00657,Shreya Chatterjee,PROD0007,Laptop Item 7,Electronics,Laptops,West,Rajasthan,Jaipur,325476.3,6,0.0,259125.42,66350.88,Net Banking
ORD0014274,2025-04-21,CUST00171,Riya Iyer,PROD0087,Binder Item 87,Office Supplies,Binders,South,Tamil Nadu,Chennai,6118.34,3,0.25,6395.58,-277.24,UPI
ORD0013877,2025-04-27,CUST00717,Kabir Singh,PROD0041,Men's Wear Item 41,Clothing,Men's Wear,South,Telangana,Hyderabad,11873.49,3,0.0,8959.47,2914.02,Credit Card
ORD0011575,03 April 2025,CUST00480,Pallavi Reddy,PROD0025,Table Item 25,Furniture,Tables,West,Maharashtra,Mumbai,116699.79,4,0.05,77983.76,77379.33,Credit Card
ORD0011947,2025-04-14,CUST00419,Nikhil Gupta,PROD0034,Sofa Item 34,Furniture,Sofas,North,Delhi,Rohini,33399.63,1,,19735.65,13663.98,Credit Card
ORD0011257,2025-04-09,CUST00391,Amit Das,PROD0010,Television Item 10,Electronics,Televisions,East,West Bengal,Howrah,108143.22,7,0.2,93033.5,15109.72,Credit Card
ORD0011251,2025-04-27,CUST00687,Rahul Reddy,PROD0082,Paper Item 82,Office Supplies,Paper,North,Punjab,Ludhiana,4093.08,3,0.15,3401.43,691.65,Debit Card
ORD0013999,2025-04-23,CUST00119,Riya Reddy,PROD0008,Laptop Item 8,Electronics,Laptops,West,Rajasthan,Jaipur,235873.8,4,0.0,185927.48,49946.32,UPI
ORD0012807,2025-04-21,CUST00411,Aarav Das,PROD0099,Appliance Item 99,Office Supplies,Appliances,North,Punjab,Ludhiana,5008.5,4,0.1,4196.08,812.42,Credit Card
ORD0013741,2025-04-13,CUST00074,Vivaan Gupta,PROD0066,Snack Item 66,Grocery,Snacks,South,Tamil Nadu,Coimbatore,2505.92,4,0.1,2032.44,473.48,UPI
ORD0012734,2025-04-18,CUST00097,Karan Nair,PROD0068,Snack Item 68,Grocery,Snacks,East,Bihar,Gaya,3033.54,6,0.05,2272.8,760.74,UPI
ORD0013827,2025-04-14,CUST00067,Aditi Singh,PROD0069,Dairy Item 69,Grocery,Dairy,South,Tamil Nadu,Coimbatore,2129.86,6,0.2,1735.92,393.94,Cash on Delivery
ORD0013658,2025-04-07,CUST00693,Kavya Gupta,PROD0069,Dairy Item 69,Grocery,Dairy,East,West Bengal,Howrah,1996.74,6,0.25,1735.92,260.82,Debit Card
ORD0012962,12-Apr-2025,CUST00497,Kabir Reddy,PROD0074,Staple Item 74,Grocery,Staples,North,Haryana,Faridabad,665.95,3,0.2,619.77,46.18,Credit Card
ORD0013972,2025-04-16,,Sneha Gupta,PROD0086,Binder Item 86,Office Supplies,Binders,West,Maharashtra,Nagpur,36841.91,7,0.0,25883.55,10958.36,Debit Card
ORD0014373,2025-04-19,CUST00357,Tanvi Joshi,PROD0088,Binder Item 88,Office Supplies,Binders,North,Delhi,Dwarka,28775.66,7,0.2,22680.77,6094.89,Credit Card
ORD0013409,2025-04-27,CUST00103,Rahul Iyer,PROD0072,Dairy Item 72,Grocery,Dairy,South,Telangana,Hyderabad,2411.55,3,0.0,1726.02,685.53,UPI
ORD0014024,2025-04-02,CUST00786,Aditi Nair,PROD0025,Table Item 25,FURNITURE,Tables,North,Haryana,Faridabad,138197.12,6,0.25,116975.64,21221.48,Debit Card
ORD0013510,2025-04-16,CUST00599,Tanvi Malhotra,PROD0095,,Office Supplies,Storage,South,Tamil Nadu,Chennai,14677.95,5,0.0,9747.8,4930.15,Credit Card
ORD0011779,2025-04-12,CUST00865,Rahul Verma,PROD0092,Art Supplie Item 92,Office Supplies,Art Supplies,South,Karnataka,Mysuru,34970.42,7,0.1,29562.82,13363.23,Credit Card
ORD0012747,2025-04-24,CUST00733,Divya Verma,PROD0002,Mobile Phone Item 2,Electronic,Mobile Phones,East,West Bengal,Kolkata,6213.94,2,0.25,5554.22,659.72,UPI
ORD0012337,2025-04-06,CUST00606,Karan Joshi,PROD0057,Accessorie Item 57,Clothing,Accessories,South,Telangana,Hyderabad,3688.74,2,0.1,3227.72,461.02,Debit Card
ORD0011912,2025-04-29,CUST00213,Neha Gupta,PROD0009,Television Item 9,Electronics,Televisions,North,Punjab,Amritsar,21381.0,5,0.25,16661.45,4719.55,UPI
ORD0014449,2025-04-08,CUST00553,Ananya Patel,PROD0061,Beverage Item 61,Grocery,Beverages,South,Karnataka,Mysuru,6135.25,6,0.05,4762.26,1372.99,UPI
ORD0011351,2025-04-27,CUST00008,Tanvi Joshi,PROD0074,Staple Item 74,Groceries,Staples,North,Delhi,New Delhi,1054.42,4,0.05,826.36,228.06,UPI
ORD0013275,23/04/2025,CUST00661,Diya Iyer,PROD0065,Snack Item 65,Grocery,Snacks,South,Tamil Nadu,Coimbatore,4586.38,6,0.15,3511.44,1074.94,Credit Card
ORD0013813,2025-04-13,CUST00714,Aryan Rao,PROD0055,Footwear Item 55,Clothing,Footwear,West,Maharashtra,Nagpur,8064.55,3,0.1,5961.27,2103.28,UPI
ORD0011540,03/04/2025,CUST00714,Aryan Rao,PROD0066,Snack Item 66,Grocery,Snacks,North,Haryana,Gurugram,3758.89,6,0.1,3048.66,710.23,Debit Card
ORD0011732,2025-04-05,CUST00699,Karan Das,PROD0042,Men's Wear Item 42,Clothing,Men's Wear,West,Rajasthan,Jaipur,15219.85,5,0.0,10154.55,5065.3,Credit Card
ORD0011245,2025-04-06,CUST00244,Arjun Singh,PROD0032,Bookcase Item 32,Furniture,Bookcases,East,Odisha,Bhubaneswar,31836.12,6,0.0,18510.0,13326.12,UPI
ORD0013038,2025-04-22,CUST00186,Arjun Das,PROD0096,Storage Item 96,Office Supplies,Storage,North,Delhi,New Delhi,4324.42,3,0.05,3237.42,1087.0,Credit Card
ORD0013312,2025-04-04,CUST00525,Aryan Verma,PROD0049,Kids Wear Item 49,Clothing,Kids Wear,East,West Bengal,Howrah,12788.88,6,0.2,8801.58,3987.3,Credit Card
ORD0013601,2025-04-29,CUST00318,Kabir Das,PROD0041,Men's Wear Item 41,Clothing,Men's Wear,East,West Bengal,Kolkata,3364.16,1,0.15,2986.49,377.67,UPI
ORD0013791,2025-04-24,CUST00209,Pallavi Verma,PROD0075,Staple Item 75,Grocery,Staples,East,Bihar,Gaya,2963.2,3,0.05,1907.91,1055.29,Debit Card
ORD0011258,2025-04-25,CUST00120,Ananya Das,PROD0042,Men's Wear Item 42,Clothing,Men's Wear,West,Rajasthan,Jaipur,18263.82,6,0.0,12185.46,6078.36,Cash on Delivery
ORD0013268,2025-04-12,CUST00628,Riya Verma,PROD0064,Beverage Item 64,Grocery,Beverages,North,Punjab,Ludhiana,7977.69,7,0.0,5118.33,2859.36,Credit Card
ORD0012253,2025-04-24,CUST00706,Vivaan Singh,PROD0036,Sofa Item 36,Furniture,Sofas,East,Odisha,Bhubaneswar,9458.91,1,0.0,5273.47,4185.44,Cash on Delivery
ORD0011570,2025-04-14,CUST00529,Rahul Joshi,PROD0047,Women's Wear Item 47,Clothing,Women's Wear,East,Odisha,Bhubaneswar,2912.8,1,0.1,1951.54,961.26,UPI
ORD0013646,2025-04-02,CUST00870,Aarav Gupta,PROD0098,Appliance Item 98,Office Supplies,Appliances,North,Delhi,Dwarka,3557.17,1,0.0,2321.04,1236.13,Cash on Delivery
ORD0012763,2025-04-09,CUST00380,Diya Mehta,PROD0067,Snack Item 67,Groceries,Snacks,North,Punjab,Amritsar,1905.81,3,0.0,1480.38,425.43,UPI
ORD0013359,2025-04-15,CUST00292,Diya Sharma,PROD0020,Camera Item 20,Electronics,Cameras,West,Maharashtra,Mumbai,137504.01,3,0.15,93033.42,44470.59,Net Banking
ORD0013309,2025-04-22,CUST00168,Rahul Joshi,PROD0013,Headphone Item 13,Electronics,Headphones,North,Delhi,New Delhi,56970.62,6,0.15,41106.9,15863.72,UPI
ORD0013131,2025-04-04,CUST00615,Ishaan Iyer,PROD0066,Snack Item 66,Grocery,Snacks,North,Haryana,Faridabad,2784.36,4,0.0,2032.44,751.92,Credit Card
ORD0014306,2025-04-10,CUST00440,Vikram Das,PROD0022,Chair Item 22,Furniture,Chairs,West,Rajasthan,Jaipur,6591.7,1,0.05,4533.65,2058.05,UPI
ORD0013580,2025-04-19,CUST00633,Rohan Sharma,PROD0079,Personal Care Item 79,Grocery,Personal Care,North,Delhi,Dwarka,2084.07,2,0.05,1317.64,766.43,Credit Card
ORD0012477,2025-04-23,CUST00655,Neha Chatterjee,PROD0060,Accessorie Item 60,Clothing,Accessories,North,Delhi,Rohini,-897.88,2,0.0,594.76,303.12,Credit Card
ORD0011266,2025-04-18,CUST00096,Aryan Das,PROD0066,Snack Item 66,Grocery,Snacks,West,Maharashtra,Pune,1322.57,2,0.05,1016.22,306.35,UPI
ORD0012075,2025-04-06,CUST00800,Divya Mehta,PROD0011,Television Item 11,Electronics,Televisions,West,Maharashtra,Nagpur,19367.67,3,0.1,16386.12,2981.55,Cash on Delivery
ORD0012664,2025-04-23,CUST00887,Arjun Reddy,PROD0044,Men's Wear Item 44,Clothing,Men's Wear,North,Punjab,Ludhiana,6252.52,4,0.0,3517.2,2735.32,Credit Card
ORD0011373,2025-04-22,CUST00165,Ishaan Singh,PROD0084,Paper Item 84,Office Supplies,Paper,South,Tamil Nadu,Chennai,17206.63,7,0.0,12412.12,4794.51,UPI
ORD0014276,2025-04-22,CUST00075,Nikhil Sharma,PROD0004,Mobile Phone Item 4,Electronics,Mobile Phones,South,Karnataka,Bengaluru,30487.13,1,0.0,17611.59,12875.54,Credit Card
ORD0011933,06/04/2025,CUST00497,Kabir Reddy,PROD0047,Women's Wear Item 47,Clothing,Women's Wear,South,Karnataka,Mysuru,10356.64,4,0.2,7806.16,2550.48,Debit Card
ORD0012704,2025-04-05,CUST00151,Arjun Chatterjee,PROD0039,Storage Unit Item 39,Furniture,Storage Units,North,Delhi,Dwarka,66813.92,4,0.0,43436.6,23377.32,Credit Card
ORD0013144,2025-04-22,CUST00641,Manish Mehta,PROD0091,Art Supplie Item 91,Office Supplies,Art Supplies,North,Haryana,Gurugram,6163.24,4,0.0,4796.04,1367.2,Debit Card
ORD0012564,2025-04-02,CUST00605,Saanvi Malhotra,PROD0088,Binder Item 88,Office Supplies,Binders,West,Gujarat,Surat,24664.85,6,0.2,19440.66,5224.19,Net Banking
ORD0011899,2025-04-07,CUST00282,Priya Patel,PROD0009,Television Item 9,Electronics ,Televisions,North,Haryana,Faridabad,16249.56,3,0.05,9996.87,6252.69,Debit Card
ORD0011915,2025-04-23,CUST00287,Saanvi Sharma,PROD0004,Mobile Phone Item 4,Electronics,Mobile Phones,South,Karnataka,Mysuru,129570.3,5,0.15,88057.95,41512.35,UPI
ORD0014088,2025-04-13,CUST00387,Aarav Mehta,PROD0027,Table Item 27,Furniture,Tables,North,Delhi,New Delhi,49529.02,6,0.1,32486.28,17042.74,Credit Card
ORD0011585,2025-04-24,CUST00780,Pallavi Chatterjee,PROD0034,Sofa Item 34,Furniture,Sofas,West,Maharashtra,Pune,166998.15,5,0.0,98678.25,68319.9,Credit Card
ORD0012592,2025-04-03,CUST00001,Aditi Joshi,PROD0004,Mobile Phone Item 4,Electronics,Mobile Phones,West,Maharashtra,Pune,182922.78,6,0.0,105669.54,77253.24,Credit Card
ORD0012623,2025-04-17,CUST00895,Priya Joshi,PROD0041,Men's Wear Item 41,Clothing,Men's Wear,North,Delhi,Rohini,7915.66,2,0.0,5972.98,1942.68,UPI
ORD0011993,2025-04-02,CUST00761,Divya Mehta,PROD0007,Laptop Item 7,Electronics,Laptops,West,Rajasthan,Udaipur,271230.25,5,0.0,215937.85,55292.4,Debit Card
ORD0014346,2025-04-27,CUST00769,Ishaan Verma,PROD0096,Storage Item 96,Office Supplies,Storage,West,Rajasthan,Jaipur,-6069.36,4,0.0,4316.56,4927.23,UPI
ORD0012297,2025-04-10,CUST00250,Sneha Reddy,PROD0013,Headphone Item 13,Electronics,Headphones,West,Gujarat,Surat,78194.97,7,0.0,47958.05,30236.92,UPI
ORD0011417,04-23-2025,CUST00865,Rahul Verma,PROD0054,Footwear Item 54,Clothing,Footwear,West,Maharashtra,Pune,5566.28,2,0.25,4674.1,892.18,UPI
ORD0012264,2025-04-21,CUST00438,Aryan Singh,PROD0088,Binder Item 88,Office Supplies,Binders,North,Haryana,Faridabad,15415.53,3,0.0,9720.33,5695.2,Debit Card
ORD0014406,2025-04-10,CUST00426,Pallavi Joshi,PROD0086,Binder Item 86,Office Supplies,Binders,East,Odisha,Bhubaneswar,13420.98,3,0.15,11092.95,2328.03,Cash on Delivery
ORD0013222,2025-04-11,CUST00629,Meera Singh,PROD0048,Women's Wear Item 48,Clothing,Women's Wear,North,Haryana,Gurugram,7064.2,2,0.05,4904.02,2160.18,Net Banking
ORD0013835,2025-04-07,CUST00601,Amit Khan,PROD0068,Snack Item 68,Grocery,Snacks,North,Punjab,Ludhiana,3352.86,7,0.1,2651.6,701.26,Credit Card
ORD0011357,2025-04-22,CUST00016,Rahul Gupta,PROD0012,Television Item 12,Electronics,Televisions,South,Tamil Nadu,Chennai,142804.91,4,0.05,103058.72,39746.19,UPI
ORD0011959,2025-04-18,CUST00869,Sanya Verma,PROD0063,Beverage Item 63,Grocery,Beverages,West,Gujarat,Surat,809.0,1,0.0,506.13,302.87,UPI
ORD0013292,2025-04-08,CUST00073,Pallavi Chatterjee,PROD0093,Storage Item 93,office supplies,Storage,West,Maharashtra,Nagpur,34934.89,7,0.15,30259.67,4675.22,UPI
ORD0014459,2025-04-16,CUST00264,Sneha Patel,PROD0051,Kids Wear Item 51,Clothing,Kids Wear,South,Karnataka,Mysuru,2383.34,6,0.25,2111.82,271.52,Net Banking
ORD0012147,2025-04-16,CUST00268,Pooja Patel,PROD0096,Storage Item 96,Office Supplies,Storage,West,Rajasthan,Jaipur,7586.7,5,,5395.7,2191.0,Net Banking
ORD0013643,12 April 2025,CUST00341,Tanvi Patel,PROD0044,Men's Wear Item 44,Clothing,Men's Wear,West,Rajasthan,Udaipur,5861.74,5,0.25,4396.5,1465.24,Net Banking
ORD0012741,2025-04-16,CUST00164,Rohan Sharma,PROD0053,Footwear Item 53,Clothing,Footwear,South,Karnataka,Mysuru,10557.8,4,0.0,6843.92,3713.88,Credit Card
ORD0012684,2025-04-16,CUST00171,Riya Iyer,PROD0066,Snack Item 66,Grocery,Snacks,West,Maharashtra,Mumbai,1775.03,3,0.15,1524.33,400.85,Credit Card
ORD0014214,2025-04-10,CUST00276,Nikhil Reddy,PROD0050,Kids Wear Item 50,Clothing,Kids Wear,North,Punjab,Amritsar,7950.92,2,,4931.36,3019.56,Credit Card
ORD0014066,2025-04-11,CUST00228,Pooja Singh,PROD0011,Television Item 11,Electronics,Televisions,South,Tamil Nadu,Coimbatore,50212.47,7,0.0,38234.28,11978.19,Cash on Delivery
ORD0013553,2025-04-09,CUST00507,Rohan Nair,PROD0099,Appliance Item 99,Office Supplies,Appliances,East,Odisha,Bhubaneswar,4730.25,4,0.15,4196.08,534.17,UPI
ORD0013248,2025-04-23,CUST00302,Manish Patel,PROD0042,Men's Wear Item 42,Clothing,Men's Wear,South,Karnataka,Bengaluru,20242.4,7,0.05,14216.37,6026.03,UPI
ORD0011734,26 April 2025,CUST00365,Priya Das,PROD0066,Snack Item 66,Grocery,Snacks,South,Telangana,Hyderabad,2958.38,5,0.15,2540.55,417.83,Debit Card
ORD0014369,2025-04-30,CUST00662,Vikram Rao,PROD0023,Chair Item 23,Furniture,Chairs,East,West Bengal,Howrah,80925.95,5,0.0,49471.25,31454.7,Credit Card
ORD0013168,2025-04-19,CUST00644,Sneha Gupta,PROD0100,Appliance Item 100,Office Supplies,Appliances,South,Karnataka,Mysuru,22003.78,5,0.15,15323.05,6680.73,UPI
ORD0014334,2025-04-05,CUST00482,Divya Gupta,PROD0080,Personal Care Item 80,Grocery,Personal Care,West,Rajasthan,Udaipur,2558.88,4,0.05,1953.76,605.12,Debit Card
ORD0012608,2025-04-05,CUST00889,Ananya Patel,PROD0077,Personal Care Item 77,Grocery,Personal Care,East,West Bengal,Kolkata,2198.58,6,0.0,1285.44,913.14,UPI
ORD0012517,2025-04-06,CUST00790,Diya Kumar,PROD0027,Table Item 27, Furniture,Tables,North,Punjab,Amritsar,8254.84,1,0.1,5414.38,2840.46,UPI
ORD0013922,2025-04-04,CUST00532,Ishaan Mehta,PROD0005,Laptop Item 5,electronics,Laptops,North,Delhi,New Delhi,41482.18,3,0.15,30437.85,11044.33,Cash on Delivery
ORD0012112,03 April 2025,CUST00324,Rahul Singh,PROD0015,Headphone Item 15,Electronics,Headphones,East,Bihar,Gaya,71354.66,2,0.0,52358.8,18995.86,Credit Card
ORD0013428,2025-04-16,CUST00670,Shreya Reddy,PROD0005,Laptop Item 5,Electronics,Laptops,North,Delhi,New Delhi,113872.64,7,0.0,71021.65,42850.99,Cash on Delivery
ORD0011796,2025-04-01,CUST00769,Ishaan Verma,PROD0054,Footwear Item 54,Clothing,Footwear,South,Tamil Nadu,Coimbatore,3339.76,1,0.1,2337.05,1002.71,UPI
ORD0012971,2025-04-12,CUST00788,Ishaan Nair,PROD0071,Dairy Item 71,Grocery,Dairy,West,Maharashtra,Nagpur,932.88,6,0.0,668.76,264.12,Credit Card
ORD0012533,2025-04-28,CUST00259,Amit Verma,PROD0064,Beverage Item 64,Grocery,Beverages,North,Punjab,Amritsar,4558.68,5,0.2,3655.95,902.73,Credit Card
ORD0012002,2025-04-08,CUST00178,Pallavi Malhotra,PROD0038,Storage Unit Item 38,Furniture,Storage Units,South,Karnataka,Bengaluru,44826.43,4,0.05,33125.88,11700.55,UPI
ORD0011256,2025-04-22,CUST00532,Ishaan Mehta,PROD0065,Snack Item 65,Grocery,Snacks,West,Maharashtra,Nagpur,2877.73,4,0.2,2340.96,536.77,Credit Card
ORD0014367,2025-04-24,CUST00191,Aarav Rao,PROD0079,Personal Care Item 79,grocery,Personal Care,North,Punjab,Amritsar,2467.98,3,0.25,1976.46,491.52,Credit Card
ORD0013112,19-Apr-2025,CUST00013,Shreya Das,PROD0032,Bookcase Item 32,Furniture,Bookcases,East,West Bengal,Kolkata,31836.12,6,0.0,18510.0,13326.12,UPI
ORD0012035,2025-04-09,CUST00191,Aarav Rao,PROD0014,Headphone Item 14,Electronics,Headphones,South,Telangana,Hyderabad,32634.75,3,,24899.76,7734.99,Cash on Delivery
ORD0012130,2025-04-28,CUST00737,Rahul Gupta,PROD0013,Headphone Item 13,Electronics,Headphones,North,Punjab,Ludhiana,8378.03,1,0.25,6851.15,1526.88,Debit Card
ORD0013097,2025-04-24,CUST00603,Riya Rao,PROD0088,Binder Item 88,Office Supplies,Binders,South,Karnataka,Bengaluru,5138.51,1,0.0,3240.11,1898.4,Credit Card
ORD0011670,2025-04-02,CUST00777,Sanya Kumar,PROD0046,Women's Wear Item 46,Clothing,Women's Wear,South,Telangana,Warangal,3906.03,2,0.25,3842.02,64.01,Net Banking
ORD0011534,2025-04-25,CUST00613,Neha Malhotra,PROD0065,Snack Item 65,Grocery,Snacks,South,Telangana,Hyderabad,854.33,1,0.05,585.24,269.09,Cash on Delivery
ORD0012841,2025-04-02,CUST00595,Vikram Sharma,PROD0045,Women's Wear Item 45,Clothing,Women's Wear,North,Haryana,Faridabad,7834.45,5,0.0,5865.0,1969.45,Debit Card
ORD0012344,2025-04-17,CUST00826,Kabir Sharma,PROD0053,Footwear Item 53,Clothing,Footwear,East,West Bengal,Howrah,5014.95,2,0.05,3421.96,1592.99,UPI
ORD0013320,2025-04-13,CUST00812,Sneha Sharma,PROD0013,Headphone Item 13,Electronics,Headphones,North,Haryana,Gurugram,50268.2,5,0.1,34255.75,16012.45,Net Banking
ORD0013760,2025-04-21,CUST00271,Tanvi Sharma,PROD0052,Kids Wear Item 52,Clothing,Kids Wear,East,Bihar,Gaya,4664.46,6,0.0,2743.08,1921.38,UPI
ORD0011800,2025-04-09,CUST00252,Rajesh Chatterjee,PROD0021,Chair Item 21,Furniture,Chairs,South,Tamil Nadu,Coimbatore,26587.6,3,0.1,22499.61,4087.99,Credit Card
ORD0012938,2025-04-20,CUST00134,Rahul Nair,PROD0092,Art Supplie Item 92,Office Supplies,Art Supplies,South,Telangana,Warangal,38856.02,7,0.0,29562.82,9293.2,Debit Card
ORD0011420,2025-04-04,CUST00705,Aarav Iyer,PROD0009,Television Item 9,Electronics,Televisions,North,Delhi,Rohini,22806.4,4,,13329.16,9477.24,Debit Card
ORD0011738,2025-04-23,CUST00370,Manish Rao,PROD0067,Snack Item 67,GROCERY,Snacks,West,Maharashtra,Mumbai,1079.96,2,0.15,986.92,93.04,Credit Card
ORD0012746,2025-04-24,CUST00875,Nikhil Mehta,PROD0007,Laptop Item 7,Electronics,Laptops,South,Telangana,Hyderabad,51533.75,1,0.05,43187.57,8346.18,Credit Card
ORD0013783,2025-04-18,CUST00335,Sneha Patel,PROD0094,Storage Item 94,Office Supplies,Storage,West,Rajasthan,Udaipur,4611.54,1,0.0,3415.53,1196.01,UPI
ORD0014481,2025-04-09,CUST00298,Ananya Joshi,PROD0010,Television Item 10,Electronics,Televisions,East,West Bengal,Howrah,17380.16,1,0.1,13290.5,4089.66,UPI
ORD0012053,29/04/2025,CUST00444,Vivaan Gupta,PROD0005,Laptop Item 5,Electronics,Laptops,West,Maharashtra,Pune,81337.6,5,0.0,50729.75,30607.85,Debit Card
ORD0013533,2025-04-10,CUST00396,Aditi Khan,PROD0074,Staple Item 74,Grocery,Staples,North,Haryana,Gurugram,1387.4,5,0.0,1032.95,843.98,Debit Card
ORD0014074,2025-04-25,CUST00677,Priya Rao,PROD0017,Camera Item 17,Electronics,Cameras,South,Karnataka,Bengaluru,167473.73,7,0.05,130453.89,37019.84,Credit Card
ORD0012687,2025-04-05,CUST00534,Sneha Das,PROD0042,Men's Wear Item 42,Clothing,Men's Wear,South,Telangana,Warangal,18111.62,7,0.15,14216.37,3895.25,Cash on Delivery
ORD0012573,2025-04-06,CUST00317,Rahul Reddy,PROD0034,Sofa Item 34,Furniture,Sofas,North,Haryana,Faridabad,31729.65,1,0.05,19735.65,11994.0,UPI
ORD0014093,2025-04-23,CUST00077,Sneha Iyer,PROD0058,Accessorie Item 58,Clothing,Accessories,East,West Bengal,Howrah,1254.43,1,0.2,931.9,322.53,UPI
ORD0011685,2025-04-01,CUST00044,Aditi Iyer,PROD0049,Kids Wear Item 49,Clothing,Kids Wear,West,Gujarat,Ahmedabad,13588.18,6,0.15,8801.58,4786.6,Cash on Delivery
ORD0014337,2025-04-28,CUST00414,Aryan Rao,PROD0067,Snack Item 67,Grocery,Snacks,West,Rajasthan,Udaipur,1079.96,2,0.15,986.92,93.04,Credit Card
ORD0012640,2025-04-02,CUST00543,Meera Chatterjee,PROD0050,Kids Wear Item 50,Clothing,Kids Wear,East,Odisha,Bhubaneswar,3975.46,1,0.0,2465.68,1509.78,Net Banking
ORD0014126,2025-04-09,CUST00450,Aditi Kumar,PROD0100,Appliance Item 100,Office Supplies,Appliances,North,Punjab,Amritsar,8801.51,2,0.15,6129.22,2672.29,Debit Card
ORD0012933,2025-04-22,CUST00326,Priya Das,PROD0100,Appliance Item 100,Office Supplies,Appliances,West,Rajasthan,Jaipur,25886.8,5,0.0,15323.05,10563.75,Credit Card
ORD0013196,2025-04-03,CUST00076,Divya Iyer,PROD0070,Dairy Item 70,Grocery,Dairy,West,Gujarat,Surat,2502.27,6,0.25,1939.92,562.35,Net Banking
ORD0012941,2025-04-10,CUST00571,Amit Nair,PROD0046,Women's Wear Item 46,Clothing,Women's Wear,North,Haryana,Gurugram,12499.3,6,0.2,11526.06,973.24,Net Banking
ORD0011391,2025-04-25,CUST00570,Manish Singh,PROD0055,Footwear Item 55,Clothing,Footwear,West,Rajasthan,Udaipur,7616.52,3,0.15,5961.27,1655.25,Credit Card
ORD0013160,2025-04-16,CUST00682,Arjun Gupta,PROD0069,Dairy Item 69,Grocery,Dairy,North,Haryana,Gurugram,1331.16,3,0.0,867.96,463.2,Credit Card
ORD0011651,2025-04-06,CUST00708,Pooja Joshi,PROD0050,Kids Wear Item 50,Clothing,Kids Wear,North,Delhi,Dwarka,25045.4,7,0.1,17259.76,7785.64,Credit Card
ORD0013901,2025-04-01,CUST00267,Ishaan Iyer,PROD0009,Television Item 9,Electronics,Televisions,North,Haryana,Gurugram,30788.64,6,0.1,19993.74,10794.9,Net Banking
ORD0012567,2025-04-19,CUST00010,Divya Khan,PROD0061,Beverage Item 61,Grocery ,Beverages,North,Delhi,Rohini,1829.81,2,0.15,1587.42,242.39,Net Banking
ORD0012975,2025-04-16,CUST00396,Aditi Khan,PROD0089,Art Supplie Item 89,Office Supplies,Art Supplies,South,Karnataka,Bengaluru,9938.52,3,0.0,6683.22,3255.3,Credit Card
ORD0014045,2025-04-23,CUST00200,Saanvi Iyer,PROD0031,Bookcase Item 31,Furniture,Bookcases,South,Telangana,Hyderabad,15320.5,1,0.2,12613.39,2707.11,Debit Card
ORD0013899,2025-04-29,CUST00256,Pallavi Mehta,PROD0031,Bookcase Item 31,Furniture,Bookcases,South,Karnataka,Bengaluru,38301.26,2,0.0,25226.78,13074.48,Credit Card
ORD0012501,2025-04-05,CUST00625,Ananya Malhotra,PROD0015,Headphone Item 15,Electronic,Headphones,North,Punjab,Amritsar,53516.0,2,0.25,52358.8,1157.2,Credit Card
ORD0011348,2025-04-11,CUST00767,Sneha Gupta,PROD0098,Appliance Item 98,office supplies,Appliances,West,Gujarat,Ahmedabad,19920.15,7,0.2,16247.28,3672.87,Credit Card
ORD0011721,2025-04-03,CUST00658,Sneha Iyer,PROD0059,Accessorie Item 59,Clothing,Accessories,West,Gujarat,Surat,17696.38,7,0.1,14973.14,2723.24,Cash on Delivery
ORD0012882,2025-04-30,CUST00868,Divya Joshi,PROD0092,Art Supplie Item 92,Office Supplies,Art Supplies,West,Gujarat,Surat,27754.3,5,0.0,21116.3,6638.0,Credit Card
ORD0013992,2025-04-16,CUST00867,Aryan Chatterjee,PROD0074,Staple Item 74,Grocery,Staples,West,Rajasthan,Udaipur,443.97,2,0.2,413.18,30.79,Debit Card
ORD0011920,2025-04-03,CUST00045,Shreya Chatterjee,PROD0070,Dairy Item 70,Grocery,Dairy,South,Karnataka,Bengaluru,2919.31,7,0.25,2263.24,656.07,UPI
ORD0013734,03 April 2025,CUST00278,Pallavi Singh,PROD0006,Laptop Item 6,Electronics,Laptops,South,Tamil Nadu,Chennai,46241.01,1,0.0,35567.55,10673.46,UPI
ORD0011724,2025-04-12,CUST00689,Rajesh Joshi,PROD0055,Footwear Item 55,Clothing,Footwear,East,West Bengal,Kolkata,20908.09,7,0.0,13909.63,6998.46,Credit Card
ORD0014178,2025-04-22,CUST00412,Ishaan Das,PROD0019,Camera Item 19,Electronics,Cameras,North,Punjab,Amritsar,212175.08,5,0.25,164128.4,48046.68,Net Banking
ORD0012771,2025-04-07,CUST00231,Tanvi Patel,PROD0005,Laptop Item 5,Electronics,Laptops,West,Maharashtra,Mumbai,55309.57,4,0.15,40583.8,14725.77,UPI
ORD0011346,03/04/2025,CUST00672,Diya Kumar,PROD0053,Footwear Item 53,Clothing,Footwear,South,Karnataka,Bengaluru,7918.35,3,0.0,5132.94,2785.41,UPI
ORD0013946,2025-04-06,CUST00580,Kavya Nair,PROD0034,Sofa Item 34,Furniture,Sofas,North,Haryana,Gurugram,200397.78,6,0.0,118413.9,81983.88,Net Banking
ORD0013332,2025-04-22,CUST00247,Manish Kumar,PROD0048,Women's Wear Item 48,Clothing,Women's Wear,North,Delhi,Rohini,26026.0,7,0.0,17164.07,8861.93,Credit Card
ORD0014231,2025-04-12,CUST00409,Vivaan Verma,PROD0004,Mobile Phone Item 4,Electronics,Mobile Phones,West,Maharashtra,Pune,213409.91,7,0.0,123281.13,90128.78,Net Banking
ORD0011849,22/04/2025,CUST00709,Riya Khan,PROD0085,Binder Item 85,Office Supplies,Binders,North,Delhi,Dwarka,948.16,4,0.0,616.32,549.71,Debit Card
ORD0012894,2025-04-29,CUST00099,Arjun Verma,PROD0020,Camera Item 20,Electronics,Cameras,East,Bihar,Patna,121327.06,3,0.25,93033.42,28293.64,Credit Card
ORD0012167,2025-04-09,CUST00766,Aditi Sharma,PROD0072,Dairy Item 72,Grocery,Dairy,North,Punjab,Ludhiana,3617.32,6,0.25,3452.04,165.28,Net Banking
ORD0013274,2025-04-30,CUST00576,Kavya Singh,PROD0078,Personal Care Item 78,Grocery,Personal Care,North,Punjab,Amritsar,2143.48,6,0.05,1621.56,521.92,UPI
ORD0011349,2025-04-25,CUST00879,Arjun Kumar,PROD0050,Kids Wear Item 50,Clothing,Kids Wear,East,Bihar,Patna,10733.74,3,0.1,7397.04,3336.7,UPI
ORD0012115,2025-04-13,CUST00341,Tanvi Patel,PROD0064,Beverage Item 64,Grocery,Beverages,East,Bihar,Gaya,2735.21,3,0.2,2193.57,541.64,UPI
ORD0013782,2025-04-09,CUST00791,Saanvi Gupta,PROD0049,Kids Wear Item 49,Clothing,Kids Wear,South,Telangana,Warangal,15986.1,6,0.0,8801.58,7184.52,UPI
ORD0014332,2025-04-11,CUST00612,Rajesh Das,PROD0054,Footwear Item 54,Clothing,Footwear,West,Maharashtra,Mumbai,23378.36,7,0.1,16359.35,7019.01,Credit Card
ORD0012485,2025-04-23,CUST00290,Amit Verma,PROD0020,Camera Item 20,Electronics,Cameras,West,Rajasthan,Jaipur,48530.83,1,0.1,31011.14,17519.69,UPI
ORD0014169,2025-04-12,CUST00766,Aditi Sharma,PROD0062,Beverage Item 62,Grocery,Beverages,North,Punjab,Ludhiana,0,5,0.0,4064.95,1887.95,Credit Card
ORD0011909,2025-04-09,CUST00408,Shreya Chatterjee,PROD0016,Headphone Item 16,Electronics,Headphones,North,Delhi,Dwarka,37635.84,2,0.0,24192.82,13443.02,Credit Card
ORD0011897,2025-04-16,CUST00644,Sneha Gupta,PROD0092,Art Supplie Item 92,Office Supplies,Art Supplies,North,Haryana,Gurugram,38856.02,7,0.0,29562.82,9293.2,UPI
ORD0011336,2025-04-01,CUST00291,Aditi Chatterjee,PROD0082,Paper Item 82,Office Supplies,Paper,East,Bihar,Gaya,0,5,0.15,5669.05,1152.75,UPI
ORD0011613,2025-04-25,CUST00609,Sanya Mehta,PROD0058,Accessorie Item 58,Clothing,Accessories,North,Delhi,New Delhi,2352.06,2,0.25,1863.8,488.26,UPI
ORD0012097,2025-04-08,CUST00050,Riya Patel,PROD0013,Headphone Item 13,Electronics,Headphones,North,Delhi,Dwarka,28485.31,3,0.15,20553.45,7931.86,UPI
ORD0011538,2025-04-16,CUST00465,Neha Kumar,PROD0041,Men's Wear Item 41,Clothing,Men's Wear,South,Telangana,Hyderabad,21372.28,6,0.1,17918.94,3453.34,Debit Card
ORD0014475,2025-04-01,CUST00672,Diya Kumar,PROD0019,Camera Item 19,ELECTRONICS,Cameras,East,Bihar,Patna,161253.06,3,0.05,98477.04,62776.02,UPI
ORD0012456,2025-04-09,CUST00894,Kabir Verma,PROD0029,Bookcase Item 29,Furniture,Bookcases,North,Delhi,Rohini,20539.25,1,0.25,18606.25,1933.0,Credit Card
ORD0013265,2025-04-02,CUST00881,Kavya Reddy,PROD0020,Camera Item 20,Electronics,Cameras,North,Delhi,Rohini,194123.3,4,0.1,124044.56,70078.74,Cash on Delivery
ORD0013542,2025-04-15,CUST00636,Kavya Verma,PROD0069,Dairy Item 69,Grocery,Dairy,East,Odisha,Cuttack,2129.86,6,0.2,1735.92,393.94,Cash on Delivery
ORD0012756,2025-04-13,CUST00128,Riya Patel,PROD0007,Laptop Item 7,Electronics ,Laptops,South,Telangana,Hyderabad,325476.3,6,0.0,259125.42,66350.88,Cash on Delivery
ORD0012920,2025-04-23,CUST00894,Kabir Verma,PROD0027,Table Item 27,Furniture,Tables,East,Odisha,Bhubaneswar,52280.63,6,0.05,32486.28,19794.35,Credit Card
ORD0013535,2025-04-04,CUST00729,Pallavi Khan,PROD0003,Mobile Phone Item 3,Electronics,Mobile Phones,East,Odisha,Cuttack,288104.7,5,0.0,205456.05,82648.65,Debit Card
ORD0014330,2025-04-04,CUST00400,Ananya Khan,PROD0064,Beverage Item 64,Grocery,Beverages,East,Bihar,Patna,6838.02,6,0.0,4387.14,2450.88,Credit Card
ORD0013772,2025-04-12,CUST00560,Tanvi Khan,PROD0090,Art Supplie Item 90,Office Supplies,Art Supplies,North,Haryana,Gurugram,7659.98,2,0.0,4852.82,2807.16,Credit Card
ORD0014155,11 April 2025,CUST00503,Diya Rao,PROD0034,Sofa Item 34,Furniture,Sofas,South,Telangana,Warangal,222107.54,7,0.05,138149.55,83957.99,Debit Card
ORD0012011,2025-04-28,CUST00024,Rahul Rao,PROD0075,Staple Item 75,Grocery,Staples,North,Punjab,Ludhiana,5302.57,6,0.15,3815.82,1486.75,UPI
ORD0012301,19/04/2025,CUST00153,Vikram Patel,PROD0010,Television Item 10,Electronics,Televisions,North,Haryana,Faridabad,19311.29,1,0.0,13290.5,6020.79,Debit Card
ORD0012790,2025-04-20,CUST00209,Pallavi Verma,PROD0043,Men's Wear Item 43,Clothing,Men's Wear,North,Delhi,Dwarka,2596.95,3,0.0,2026.05,570.9,Cash on Delivery
ORD0013662,2025-04-28,CUST00789,Vikram Joshi,PROD0039,Storage Unit Item 39,furniture,Storage Units,East,Bihar,Gaya,33406.96,2,0.0,21718.3,11688.66,UPI
ORD0012927,2025-04-09,CUST00607,Rahul Chatterjee,PROD0020,Camera Item 20,Electronics,Cameras,West,Maharashtra,Pune,202211.78,5,0.25,155055.7,47156.08,Debit Card
ORD0014497,2025-04-21,CUST00614,Diya Malhotra,PROD0098,Appliance Item 98,Office Supplies,Appliances,West,Gujarat,Ahmedabad,19920.15,7,0.2,16247.28,3672.87,Credit Card
ORD0012056,2025-04-13,CUST00603,Riya Rao,PROD0046,Women's Wear Item 46,Clothing,Women's Wear,North,Punjab,Ludhiana,17316.73,7,0.05,13447.07,3869.66,Credit Card
ORD0011844,2025-04-11,CUST00560,Tanvi Khan,PROD0011,Television Item 11,Electronics,Televisions,East,West Bengal,Kolkata,12194.46,2,0.15,10924.08,3427.34,Net Banking
ORD0012538,2025-04-10,CUST00375,Ananya Patel,PROD0003,Mobile Phone Item 3,Electronics,Mobile Phones,South,Tamil Nadu,Chennai,218959.57,4,0.05,164364.84,54594.73,Debit Card
ORD0013626,2025-04-30,CUST00789,Vikram Joshi,PROD0082,Paper Item 82,Office Supplies,Paper,West,Maharashtra,Pune,6099.49,4,0.05,4535.24,1564.25,Cash on Delivery
ORD0013847,2025-04-01,CUST00234,Ishaan Kumar,PROD0016,Headphone Item 16,Electronics,Headphones,North,Punjab,Ludhiana,60217.34,4,0.2,48385.64,11831.7,Debit Card
ORD0014072,2025-04-03,CUST00320,Shreya Malhotra,PROD0015,Headphone Item 15,Electronics,Headphones,East,West Bengal,Kolkata,135573.85,4,0.05,104717.6,30856.25,Net Banking
ORD0011441,2025-04-07,CUST00726,Saanvi Sharma,PROD0097,Appliance Item 97,Office Supplies,Appliances,North,Haryana,Faridabad,7227.96,5,0.2,5551.55,1676.41,UPI
ORD0011775,2025-04-17,CUST00495,Rohan Joshi,PROD0022,Chair Item 22,Furniture,Chairs,West,Rajasthan,Udaipur,5550.9,1,0.2,4533.65,1017.25,Credit Card
ORD0012868,2025-04-26,CUST00240,Riya Verma,PROD0087,Binder Item 87,Office Supplies,Binders,East,West Bengal,Howrah,8157.78,3,0.0,6395.58,1762.2,UPI
ORD0011515,2025-04-23,CUST00474,Pallavi Patel,PROD0091,Art Supplie Item 91,Office Supplies,Art Supplies,North,Delhi,Dwarka,8782.62,6,0.05,7194.06,1588.56,UPI
ORD0011860,2025-04-07,CUST00723,Ishaan Sharma,PROD0001,Mobile Phone Item 1,Electronics,Mobile Phones,West,Rajasthan,Jaipur,73701.04,3,0.15,53312.73,20388.31,Cash on Delivery
ORD0011222,2025-04-08,CUST00133,Pallavi Kumar,PROD0034,Sofa Item 34,Furniture,Sofas,West,Maharashtra,Nagpur,233797.41,7,0.0,138149.55,95647.86,Credit Card
ORD0013034,2025-04-29,CUST00076,Divya Iyer,PROD0086,Binder Item 86,Office Supplies,Binders,East,West Bengal,Howrah,33157.72,7,0.1,25883.55,7274.17,Credit Card
ORD0013217,2025-04-01,CUST00743,Neha Chatterjee,PROD0046,Women's Wear Item 46,Clothing,Women's Wear,South,Karnataka,Bengaluru,2604.02,1,0.0,1921.01,683.01,UPI
ORD0012951,2025-04-22,CUST00331,Kabir Mehta,PROD0011,Television Item 11,Electronics,Televisions,South,Telangana,Warangal,50212.47,7,0.0,38234.28,11978.19,Debit Card
ORD0013393,2025-04-27,CUST00252,Rajesh Chatterjee,PROD0030,Bookcase Item 30,Furniture,Bookcases,South,Tamil Nadu,Coimbatore,84378.19,6,0.2,71978.46,12399.73,Credit Card
ORD0013138,2025-04-29,CUST00667,Neha Joshi,PROD0036,Sofa Item 36,Furniture,Sofas,North,Punjab,Ludhiana,56280.51,7,0.15,36914.29,19366.22,UPI
ORD0012733,2025-04-17,CUST00031,Sneha Mehta,PROD0014,Headphone Item 14,Electronics,Headphones,West,Gujarat,Ahmedabad,29371.28,3,0.1,24899.76,4471.52,Credit Card
ORD0012924,2025-04-30,CUST00192,Rajesh Gupta,PROD0018,Camera Item 18,Electronics,Cameras,East,West Bengal,Howrah,133045.55,3,0.05,84267.33,48778.22,UPI
ORD0011664,2025-04-10,CUST00397,Tanvi Chatterjee,PROD0076,Staple Item 76,Grocery,Staples,West,Maharashtra,Pune,1554.26,2,0.05,952.74,601.52,UPI
ORD0011790,2025-04-07,CUST00286,Rajesh Reddy,PROD0100,Appliance Item 100,Office Supplies,Appliances,North,Haryana,Gurugram,24851.33,6,0.2,18387.66,6463.67,Debit Card
ORD0011788,09-Apr-2025,CUST00198,Tanvi Chatterjee,PROD0069,Dairy Item 69,Grocery,Dairy,West,Maharashtra,Mumbai,1331.16,3,0.0,867.96,463.2,UPI
ORD0011703,2025-04-14,CUST00842,Vivaan Joshi,PROD0017,Camera Item 17,Electronics,Cameras,East,Bihar,Patna,37776.03,2,0.25,37272.54,503.49,Net Banking
ORD0011591,2025-04-09,CUST00171,Riya Iyer,PROD0008,Laptop Item 8,Electronics,Laptops,North,Delhi,Dwarka,309584.36,7,0.25,325373.09,-15788.73,Debit Card
ORD0012956,18-Apr-2025,CUST00450,Aditi Kumar,PROD0094,Storage Item 94,Office Supplies,Storage,West,Rajasthan,Jaipur,6917.31,2,0.25,6831.06,86.25,Debit Card
ORD0013103,2025-04-09,CUST00429,Rohan Sharma,PROD0095,Storage Item 95,Office Supplies,Storage,South,Karnataka,Mysuru,7485.75,3,0.15,5848.68,1637.07,Cash on Delivery
ORD0011273,2025-04-04,CUST00486,Saanvi Reddy,PROD0039,Storage Unit Item 39,Furniture,Storage Units,East,Odisha,Bhubaneswar,13362.78,1,0.2,10859.15,2503.63,Debit Card
ORD0011619,2025-04-18,CUST00153,Vikram Patel,PROD0030,Bookcase Item 30,Furniture,Bookcases,East,West Bengal,Howrah,14063.03,1,0.2,11996.41,2066.62,Net Banking
ORD0012247,2025-04-12,CUST00728,Pooja Verma,PROD0070,Dairy Item 70,Grocery,Dairy,South,Tamil Nadu,Chennai,1417.95,3,,969.96,447.99,UPI
ORD0014420,28 April 2025,CUST00129,Aryan Verma,PROD0088,Binder Item 88,Office Supplies,Binders,North,Delhi,New Delhi,20554.04,4,0.0,12960.44,7593.6,Debit Card
ORD0014411,2025-04-25,CUST00226,Rajesh Rao,PROD0073,Staple Item 73,Grocery,Staples,West,Rajasthan,Jaipur,483.65,7,0.05,321.58,162.07,Debit Card
ORD0014374,2025-04-10,CUST00331,Kabir Mehta,PROD0059,Accessorie Item 59,Clothing,Accessories,East,Odisha,Cuttack,4494.32,2,0.2,4278.04,216.28,UPI
ORD0013282,2025-04-26,CUST00700,Aarav Iyer,PROD0061,Beverage Item 61,Grocery,Beverages,North,Delhi,Rohini,6458.16,6,0.0,4762.26,1695.9,Net Banking
ORD0012549,2025-04-25,CUST00389,Neha Verma,PROD0043,Men's Wear Item 43,Clothing,Men's Wear,North,Haryana,Gurugram,5193.9,6,0.0,4052.1,1141.8,UPI
ORD0012543,2025-04-15,CUST00091,Rajesh Patel,PROD0041,Men's Wear Item 41,Clothing,Men's Wear,North,Delhi,Dwarka,20184.93,6,0.15,17918.94,2265.99,Debit Card
ORD0013242,2025-04-12,CUST00579,Diya Chatterjee,PROD0075,Staple Item 75,Grocery,Staples,East,West Bengal,Howrah,831.78,1,0.2,635.97,195.81,Net Banking
ORD0012719,2025-04-15,CUST00734,Riya Reddy,PROD0092,Art Supplie Item 92,Office Supplies,Art Supplies,South,Telangana,Warangal,11101.72,2,0.0,8446.52,2655.2,Debit Card
ORD0013703,2025-04-20,CUST00499,Sanya Nair,PROD0070,Dairy Item 70,Grocery,Dairy,South,Telangana,Hyderabad,2363.25,5,0.15,1616.6,746.65,UPI
ORD0011243,2025-04-14,CUST00199,Vivaan Gupta,PROD0012,Television Item 12,Electronics,Televisions,East,West Bengal,Howrah,249908.6,7,0.05,180352.76,69555.84,UPI
ORD0013215,2025-04-30,CUST00501,Nikhil Mehta,PROD0069,Dairy Item 69,Grocery,Dairy,South,Telangana,Warangal,1131.49,3,0.15,867.96,263.53,Net Banking
ORD0011812,2025-04-07,CUST00751,Sanya Iyer,PROD0057,Accessorie Item 57,Clothing,Accessories,East,Odisha,Bhubaneswar,10758.82,7,0.25,11297.02,-538.2,Debit Card
ORD0012769,2025-04-23,CUST00846,Shreya Rao,PROD0052,Kids Wear Item 52,Clothing,Kids Wear,North,Delhi,Dwarka,4664.46,6,0.0,2743.08,1921.38,Credit Card
ORD0013184,2025-04-20,CUST00647,Rahul Sharma,PROD0014,Headphone Item 14,ELECTRONICS,Headphones,East,Odisha,Cuttack,31003.01,3,,24899.76,6103.25,UPI
ORD0014195,2025-04-22,CUST00655,Neha Chatterjee,PROD0032,Bookcase Item 32,Furniture,Bookcases,East,West Bengal,Kolkata,33427.93,7,0.1,21595.0,11832.93,UPI
ORD0012602,2025-04-08,CUST00402,Sanya Rao,PROD0079,Personal Care Item 79,Grocery,Personal Care,South,Telangana,Hyderabad,3729.39,4,0.15,2635.28,1094.11,UPI
ORD0012922,2025-04-02,CUST00746,Saanvi Khan,PROD0053,Footwear Item 53,Clothing,Footwear,East,Bihar,Patna,7522.43,3,0.05,5132.94,2389.49,UPI
ORD0012888,2025-04-01,CUST00122,Aditi Das,PROD0011,Television Item 11,Electronics,Televisions,North,Delhi,New Delhi,21519.63,3,0.0,16386.12,9298.32,Credit Card
ORD0014365,2025-04-04,CUST00733,Divya Verma,PROD0076,Staple Item 76,Grocery,Staples,South,Tamil Nadu,Chennai,2331.39,3,0.05,1429.11,902.28,Credit Card
ORD0011715,2025-04-20,CUST00117,Aarav Joshi,PROD0050,Kids Wear Item 50,Clothing,Kids Wear,East,Bihar,Gaya,3975.46,1,0.0,2465.68,1509.78,UPI
ORD0011871,2025-04-06,CUST00280,Shreya Chatterjee,PROD0024,Chair Item 24,Furniture,Chairs,East,West Bengal,Howrah,47671.74,2,0.05,38279.58,9392.16,Debit Card
ORD0012131,2025-04-16,CUST00514,Aditi Iyer,PROD0040,Storage Unit Item 40,Furniture,Storage Units,West,Rajasthan,Udaipur,132933.5,7,0.0,79336.04,53597.46,Credit Card
ORD0013864,2025-04-29,CUST00554,Rohan Rao,PROD0076,Staple Item 76,grocery,Staples,East,Bihar,Patna,1227.04,2,0.25,952.74,274.3,UPI
ORD0011282,20 April 2025,CUST00424,Ishaan Sharma,PROD0065,Snack Item 65,Grocery,Snacks,North,Punjab,Amritsar,5395.74,6,0.0,3511.44,1884.3,Debit Card
ORD0013690,2025-04-09,CUST00558,Kabir Khan,PROD0051,Kids Wear Item 51,Clothing,Kids Wear,North,Delhi,New Delhi,3177.78,6,0.0,2111.82,1065.96,Credit Card
ORD0012014,2025-04-27,CUST00201,Pallavi Joshi,PROD0053,Footwear Item 53,Clothing,Footwear,East,Bihar,Gaya,16628.54,7,0.1,11976.86,4651.68,Credit Card
ORD0012237,2025-04-20,CUST00116,Rahul Chatterjee,PROD0050,Kids Wear Item 50,Clothing,Kids Wear,North,Punjab,Amritsar,15901.84,4,0.0,9862.72,6039.12,Debit Card
ORD0013110,2025-04-06,CUST00403,Manish Joshi,PROD0029,Bookcase Item 29,Furniture,Bookcases,North,Punjab,Amritsar,164314.02,6,0.0,111637.5,52676.52,Debit Card
ORD0011603,2025-04-21,CUST00603,Riya Rao,PROD0028,Table Item 28,Furniture,Tables,North,Delhi,New Delhi,219108.52,7,0.05,178053.89,41054.63,Debit Card
ORD0013756,2025-04-15,CUST00325,Rajesh Chatterjee,PROD0058,Accessorie Item 58,Clothing,Accessories,South,Telangana,Hyderabad,1254.43,1,0.2,931.9,322.53,Credit Card
ORD0011265,2025-04-12,CUST00573,Ananya Khan,PROD0014,Headphone Item 14,Electronics,Headphones,North,Delhi,Rohini,62006.02,6,0.05,49799.52,12206.5,Cash on Delivery
ORD0013633,2025-04-21,CUST00470,Rahul Singh,PROD0019,Camera Item 19,Electronics,Cameras,North,Delhi,New Delhi,48093.02,1,0.15,32825.68,15267.34,Cash on Delivery
ORD0014278,2025-04-16,CUST00363,Shreya Verma,PROD0053,Footwear Item 53,Clothing,Footwear,South,Tamil Nadu,Coimbatore,13857.11,7,0.25,11976.86,1880.25,Debit Card
ORD0014322,2025-04-28,CUST00292,Diya Sharma,PROD0034,Sofa Item 34,FURNITURE,Sofas,South,Karnataka,Bengaluru,200397.78,6,0.0,118413.9,81983.88,Credit Card
ORD0011631,2025-04-16,CUST00435,Rahul Sharma,PROD0053,Footwear Item 53,Clothing,Footwear,West,Maharashtra,Pune,14780.92,7,,11976.86,2804.06,Debit Card
ORD0013947,2025-04-27,CUST00614,Diya Malhotra,PROD0028,Table Item 28,Furniture,Tables,East,Bihar,Patna,148268.93,6,0.25,152617.62,-4348.69,Net Banking
ORD0013768,2025-04-07,CUST00317,Rahul Reddy,PROD0007,Laptop Item 7,Electronic,Laptops,East,West Bengal,Kolkata,103067.5,2,0.05,86375.14,16692.36,Credit Card
ORD0014356,12 April 2025,CUST00800,Divya Mehta,PROD0070,Dairy Item 70,Grocery,Dairy,East,West Bengal,Kolkata,444.85,1,0.2,323.32,121.53,Credit Card
ORD0012895,2025-04-15,CUST00094,Ishaan Reddy,PROD0043,Men's Wear Item 43,Apparel,Men's Wear,West,Gujarat,Surat,2943.21,4,0.15,2701.4,241.81,Cash on Delivery
ORD0013552,2025-04-09,CUST00005,Meera Verma,PROD0096,Storage Item 96,Office Supplies,Storage,East,Odisha,Bhubaneswar,6069.36,4,0.0,4316.56,1752.8,Credit Card
ORD0011544,2025-04-13,CUST00375,Ananya Patel,PROD0009,Television Item 9,Electronics,Televisions,East,Bihar,Patna,21666.08,4,0.05,13329.16,8336.92,Debit Card
ORD0011590,23/04/2025,CUST00215,Aarav Mehta,PROD0001,Mobile Phone Item 1,Electronics,Mobile Phones,North,Delhi,Rohini,173414.22,6,0.0,106625.46,66788.76,UPI
ORD0011759,04-30-2025,CUST00893,Tanvi Gupta,PROD0078,Personal Care Item 78,Grocery,Personal Care,West,Gujarat,Surat,1880.25,5,0.0,1351.3,528.95,UPI
ORD0013329,2025-04-23,CUST00500,Rajesh Singh,PROD0002,Mobile Phone Item 2,Electronics,Mobile Phones,East,West Bengal,Howrah,12427.89,3,,8331.33,4096.56,Credit Card
ORD0012395,2025-04-08,CUST00173,Sneha Iyer,PROD0010,Television Item 10,Electronics,Televisions,West,Gujarat,Ahmedabad,72417.34,5,0.25,66452.5,5964.84,UPI
ORD0012250,2025-04-27,CUST00395,Vikram Sharma,PROD0050,Kids Wear Item 50,Clothing,Kids Wear,East,West Bengal,Howrah,26436.81,7,0.05,17259.76,9177.05,Debit Card
ORD0012588,2025-04-18,CUST00822,Rahul Kumar,PROD0011,Television Item 11,Electronics,Televisions,East,Bihar,Patna,21519.63,3,0.0,16386.12,5133.51,UPI
ORD0012375,2025-04-03,CUST00615,Ishaan Iyer,PROD0054,Footwear Item 54,Clothing,Footwear,West,Maharashtra,Mumbai,2783.14,1,0.25,2337.05,446.09,UPI
ORD0012359,2025-04-02,CUST00314,Arjun Nair,PROD0070,Dairy Item 70,Grocery ,Dairy,North,Delhi,New Delhi,2669.09,6,0.2,1939.92,729.17,Net Banking
ORD0011749,2025-04-30,CUST00119,Riya Reddy,PROD0021,Chair Item 21,Furniture,Chairs,North,Punjab,Ludhiana,62037.74,7,0.1,52499.09,9538.65,Credit Card
ORD0013322,2025-04-02,CUST00200,Saanvi Iyer,PROD0020,Camera Item 20,Electronics,Cameras,North,Delhi,Rohini,291184.96,6,0.1,186066.84,105118.12,Debit Card
ORD0012005,2025-04-19,CUST00698,Meera Kumar,PROD0095,Storage Item 95,Office Supplies,Storage,East,West Bengal,Kolkata,9981.01,4,0.15,7798.24,4856.72,Credit Card
ORD0014152,2025-04-08,CUST00654,Rohan Gupta,PROD0077,Personal Care Item 77,Grocery,Personal Care,South,Tamil Nadu,Chennai,1374.11,5,0.25,1071.2,302.91,Net Banking
ORD0013787,2025-04-16,CUST00203,Priya Singh,PROD0007,Laptop Item 7,Electronics,Laptops,North,Haryana,Gurugram,40684.54,1,0.25,43187.57,-2503.03,UPI
ORD0011698,2025-04-24,CUST00040,Vikram Das,PROD0064,Beverage Item 64,Grocery,Beverages,North,Delhi,New Delhi,1025.7,1,0.1,731.19,294.51,UPI
ORD0012999,2025-04-17,CUST00489,Aditi Kumar,PROD0012,Television Item 12,Electronics,Televisions,West,Gujarat,Ahmedabad,223602.43,7,0.15,180352.76,43249.67,Cash on Delivery
ORD0012081,2025-04-21,CUST00783,Vikram Khan,PROD0074,Staple Item 74,grocery,Staples,East,Bihar,Patna,832.44,3,0.0,619.77,212.67,UPI
ORD0013561,2025-04-10,CUST00829,Divya Chatterjee,PROD0006,Laptop Item 6,Electronics,Laptops,East,Odisha,Bhubaneswar,173403.79,5,0.25,177837.75,-4433.96,Net Banking
ORD0013675,2025-04-13,CUST00576,Kavya Singh,PROD0073,Staple Item 73,grocery,Staples,East,Odisha,Bhubaneswar,363.65,5,0.0,229.7,133.95,Credit Card
ORD0012000,2025-04-03,CUST00191,Aarav Rao,PROD0018,Camera Item 18,Electronics,Cameras,North,Punjab,Amritsar,149384.48,4,0.2,112356.44,37028.04,Cash on Delivery
ORD0012715,2025-04-04,CUST00764,Ananya Patel,PROD0069,Dairy Item 69,Grocery,Dairy,South,Karnataka,Mysuru,754.32,2,0.15,578.64,175.68,Credit Card
ORD0013504,2025-04-28,CUST00727,Vivaan Gupta,PROD0062,Beverage Item 62,Grocery,Beverages,West,Rajasthan,Udaipur,4762.32,5,0.2,4064.95,697.37,Credit Card
ORD0011946,2025-04-05,CUST00725,Manish Verma,PROD0036,Sofa Item 36,Furniture,Sofas,North,Haryana,Gurugram,14188.36,2,0.25,10546.94,3641.42,UPI
ORD0012786,03/04/2025,CUST00766,Aditi Sharma,PROD0044,Men's Wear Item 44,Clothing,Men's Wear,South,Telangana,Hyderabad,7503.02,6,0.2,5275.8,2227.22,UPI
ORD0013483,2025-04-22,CUST00657,Shreya Chatterjee,PROD0060,Accessorie Item 60,Clothing,Accessories,South,Tamil Nadu,Coimbatore,1795.76,4,0.0,1189.52,606.24,Credit Card
ORD0011598,2025-04-27,CUST00351,Sanya Kumar,PROD0019,Camera Item 19,Electronics,Cameras,West,Rajasthan,Jaipur,254610.09,6,0.25,196954.08,57656.01,Debit Card
ORD0013697,20 April 2025,CUST00856,Arjun Khan,PROD0076,Staple Item 76,Grocery,Staples,East,Bihar,Gaya,N/A,3,0.15,1429.11,656.87,Debit Card
ORD0012394,2025-04-17,CUST00780,Pallavi Chatterjee,PROD0018,Camera Item 18,Electronics,Cameras,West,Rajasthan,Udaipur,149384.48,4,0.2,112356.44,37028.04,Net Banking
ORD0013739,2025-04-21,CUST00156,Riya Das,PROD0095,Storage Item 95,OfficeSupplies,Storage,West,Gujarat,Ahmedabad,8806.77,3,0.0,5848.68,2958.09,Debit Card
ORD0014243,2025-04-08,CUST00039,Ananya Gupta,PROD0032,Bookcase Item 32,Furniture,Bookcases,West,Gujarat,Surat,11938.55,3,0.25,9255.0,2683.55,UPI
ORD0012908,2025-04-01,CUST00794,Nikhil Verma,PROD0036,Sofa Item 36,Furniture,Sofas,East,Odisha,Cuttack,34052.08,4,0.1,21093.88,35628.49,Cash on Delivery
ORD0014104,2025-04-12,CUST00750,Priya Chatterjee,PROD0018,Camera Item 18,Electronics,Cameras,West,Maharashtra,Nagpur,280095.9,6,0.0,168534.66,111561.24,UPI
ORD0012369,2025-04-05,CUST00533,Manish Reddy,PROD0049,Kids Wear Item 49,Clothing,Kids Wear,West,Rajasthan,Udaipur,12788.88,6,0.2,8801.58,3987.3,UPI
ORD0013865,2025-04-03,CUST00649,Rohan Das,PROD0010,Television Item 10,Electronics,Televisions,South,Tamil Nadu,Coimbatore,57933.87,4,0.25,53162.0,4771.87,Net Banking
ORD0014379,2025-04-26,CUST00429,Rohan Sharma,PROD0100,Appliance Item 100,Office Supplies,Appliances,South,Tamil Nadu,Chennai,31064.16,6,0.0,18387.66,12676.5,Net Banking
ORD0012955,2025-04-19,CUST00535,Arjun Sharma,PROD0001,Mobile Phone Item 1,Electronics,Mobile Phones,East,Odisha,Bhubaneswar,26012.13,1,0.1,17770.91,8241.22,Net Banking
ORD0011725,2025-04-29,CUST00007,Manish Joshi,PROD0042,Men's Wear Item 42,Clothing,Men's Wear,South,Telangana,Hyderabad,20242.4,7,0.05,14216.37,6026.03,Credit Card
ORD0012822,2025-04-20,CUST00809,Shreya Singh,PROD0036,Sofa Item 36,Furniture,Sofas,East,West Bengal,Kolkata,42565.1,6,0.25,31640.82,10924.28,Debit Card
ORD0013830,2025-04-11,CUST00651,Manish Reddy,PROD0077,Personal Care Item 77,Grocery ,Personal Care,East,Bihar,Gaya,824.47,3,0.25,642.72,181.75,Net Banking
ORD0013464,2025-04-05,CUST00511,Vivaan Verma,PROD0010,Television Item 10,Electronics,Televisions,South,Karnataka,Mysuru,96556.45,5,0.0,66452.5,30103.95,Credit Card
ORD0013581,2025-04-14,CUST00040,Vikram Das,PROD0064,Beverage Item 64,Grocery,Beverages,East,Odisha,Cuttack,4102.81,4,0.1,2924.76,1178.05,Credit Card
ORD0011891,2025-04-02,CUST00476,Aditi Iyer,PROD0088,Binder Item 88,Office Supplies,Binders,East,Odisha,Bhubaneswar,4367.73,1,0.15,3240.11,1127.62,UPI
ORD0013351,2025-04-26,CUST00843,Arjun Singh,PROD0076,Staple Item 76,GROCERY,Staples,North,Delhi,Dwarka,2454.09,4,0.25,1905.48,548.61,Net Banking
ORD0012201,2025-04-06,CUST00064,Aditi Joshi,PROD0095,Storage Item 95,Office Supplies,Storage,South,Karnataka,Mysuru,15852.19,6,0.1,11697.36,4154.83,Credit Card
ORD0011403,04-26-2025,CUST00163,Pallavi Gupta,PROD0046,Women's Wear Item 46,Clothing,Women's Wear,North,Punjab,Amritsar,2343.62,1,0.1,1921.01,422.61,Credit Card
ORD0013029,2025-04-30,CUST00656,Sanya Nair,PROD0054,Footwear Item 54,Clothing,Footwear,South,Tamil Nadu,Chennai,14843.4,4,0.0,9348.2,5495.2,Credit Card
ORD0013928,2025-04-26,CUST00179,Ishaan Rao,PROD0069,Dairy Item 69,Grocery,Dairy,North,Punjab,Ludhiana,3106.04,7,0.0,2025.24,1080.8,UPI
ORD0012939,2025-04-22,CUST00471,Aryan Reddy,PROD0058,Accessorie Item 58,Clothing,Accessories,East,West Bengal,Howrah,5958.55,4,0.05,3727.6,2230.95,Cash on Delivery
ORD0012467,2025-04-18,CUST00299,Pooja Joshi,PROD0016,Headphone Item 16,Electronics,Headphones,South,Karnataka,Mysuru,84680.64,5,0.1,60482.05,24198.59,UPI
ORD0012870,2025-04-04,CUST00841,Rajesh Sharma,PROD0059,Accessorie Item 59,Clothing,Accessories,East,Odisha,Bhubaneswar,8988.64,4,0.2,8556.08,432.56,Credit Card
ORD0013151,2025-04-18,CUST00896,Pooja Rao,PROD0003,Mobile Phone Item 3,Electronics,Mobile Phones,East,Bihar,Patna,109479.79,2,0.05,82182.42,27297.37,Debit Card
ORD0013579,2025-04-03,CUST00735,Shreya Sharma,PROD0091,Art Supplie Item 91,Office Supplies,Art Supplies,East,West Bengal,Howrah,2465.3,2,0.2,2398.02,67.28,Net Banking
ORD0013786,2025-04-20,CUST00586,Karan Das,PROD0056,Footwear Item 56,Clothing,Footwear,North,Delhi,Dwarka,13709.1,5,0.0,9595.35,4113.75,UPI
ORD0013804,2025-04-22,CUST00744,Ishaan Sharma,PROD0019,Camera Item 19,Electronics,Cameras,West,Rajasthan,Udaipur,48093.02,1,0.15,32825.68,15267.34,Credit Card
ORD0011494,2025-04-11,CUST00891,Vivaan Nair,PROD0048,Women's Wear Item 48,Clothing,Women's Wear,South,Telangana,Hyderabad,3718.0,1,0.0,2452.01,1265.99,Net Banking
ORD0012526,15 April 2025,CUST00641,Manish Mehta,PROD0096,Storage Item 96,Office Supplies,Storage,North,Haryana,Gurugram,2731.21,2,0.1,2158.28,572.93,Net Banking
ORD0014187,2025-04-28,CUST00696,Ananya Singh,PROD0032,Bookcase Item 32,Furniture,Bookcases,North,Delhi,Dwarka,10612.04,2,0.0,6170.0,4442.04,UPI
ORD0014090,2025-04-09,CUST00642,Kavya Joshi,PROD0013,Headphone Item 13,Electronics,Headphones,East,Odisha,Cuttack,17873.14,2,0.2,13702.3,4170.84,UPI
ORD0013912,2025-04-12,CUST00570,Manish Singh,PROD0030,Bookcase Item 30,Furniture,Bookcases,North,Delhi,New Delhi,35157.58,2,0.0,23992.82,11164.76,Credit Card
ORD0013255,2025-04-02,CUST00099,Arjun Verma,PROD0072,Dairy Item 72,grocery,Dairy,North,Punjab,Amritsar,1527.32,2,0.05,1150.68,376.64,UPI
ORD0011334,2025-04-12,CUST00251,Diya Das,PROD0027,Table Item 27,Furniture,Tables,East,Bihar,Gaya,27516.12,4,0.25,21657.52,5858.6,UPI
ORD0012451,2025-04-08,CUST00368,Meera Das,PROD0027,Table Item 27,Furniture,Tables,North,Haryana,Faridabad,13758.06,2,0.25,10828.76,2929.3,Credit Card
ORD0013338,2025-04-06,CUST00683,Vikram Sharma,PROD0056,Footwear Item 56,Clothing,Footwear,North,Haryana,Gurugram,13160.74,6,0.2,11514.42,1646.32,Debit Card
ORD0013158,2025-04-10,CUST00449,Sanya Sharma,PROD0099,Appliance Item 99,Office Supplies,Appliances,South,Tamil Nadu,Coimbatore,7930.12,6,0.05,6294.12,1636.0,UPI
ORD0012696,2025-04-09,CUST00749,Vikram Joshi,PROD0076,Staple Item 76,Grocery,Staples,East,Odisha,Bhubaneswar,613.52,1,0.25,476.37,137.15,UPI
ORD0014471,2025-04-29,CUST00226,Rajesh Rao,PROD0042,Men's Wear Item 42,Clothing,Men's Wear,West,Gujarat,Ahmedabad,10349.5,4,0.15,8123.64,2225.86,Debit Card
ORD0012318,2025-04-14,CUST00055,Priya Mehta,PROD0025,Table Item 25,Furniture,Tables,West,Rajasthan,Jaipur,184262.82,6,0.0,116975.64,67287.18,Credit Card
ORD0011935,2025-04-25,CUST00406,Vivaan Rao,PROD0048,Women's Wear Item 48,Clothing,Women's Wear,South,Karnataka,Bengaluru,13384.8,,0.1,9808.04,3576.76,Net Banking
ORD0011949,2025-04-09,CUST00279,Manish Rao,PROD0043,Men's Wear Item 43,Clothing,Men's Wear,East,Odisha,Cuttack,4328.25,5,0.0,3376.75,951.5,UPI
ORD0013062,2025-04-21,CUST00017,Aditi Singh,PROD0002,Mobile Phone Item 2,Electronics,Mobile Phones,East,Bihar,Gaya,20713.15,5,0.0,13885.55,6827.6,UPI
ORD0011516,28/04/2025,CUST00253,Saanvi Khan,PROD0048,Women's Wear Item 48,Clothing,Women's Wear,North,Haryana,Faridabad,20077.2,6,0.1,14712.06,5365.14,Net Banking
ORD0012509,2025-04-14,CUST00341,Tanvi Patel,PROD0018,Camera Item 18,Electronics,Cameras,North,Haryana,Faridabad,177394.07,4,0.05,112356.44,65037.63,Net Banking
ORD0012284,10-Apr-2025,CUST00623,Amit Malhotra,PROD0055,Footwear Item 55,Clothing,Footwear,North,Haryana,Faridabad,11947.48,4,0.0,7948.36,3999.12,Credit Card
ORD0011829,2025-04-10,CUST00445,Aarav Iyer,PROD0050,Kids Wear Item 50,Clothing,Kids Wear,North,Punjab,Amritsar,17889.57,6,0.25,14794.08,3095.49,Debit Card
ORD0011503,2025-04-08,CUST00313,Karan Gupta,PROD0063,Beverage Item 63,Grocery,Beverages,North,Punjab,Amritsar,2912.4,4,0.1,2024.52,887.88,Cash on Delivery
ORD0013794,2025-04-27,CUST00327,Meera Joshi,PROD0038,Storage Unit Item 38,Furniture,Storage Units,West,Gujarat,Surat,56622.86,6,0.2,49688.82,6934.04,UPI
ORD0014179,2025-04-26,CUST00005,Meera Verma,PROD0092,Art Supplie Item 92,Office Supplies,Art Supplies,East,Odisha,Bhubaneswar,29142.02,7,0.25,29562.82,-420.8,Cash on Delivery
ORD0012541,14 April 2025,CUST00325,Rajesh Chatterjee,PROD0006,Laptop Item 6,Electronics,Laptops,West,Gujarat,Ahmedabad,208084.54,6,0.25,213405.3,-5320.76,Debit Card
ORD0012748,2025-04-20,CUST00163,Pallavi Gupta,PROD0051,Kids Wear Item 51,Clothing,Kids Wear,West,Maharashtra,Pune,3707.41,7,0.0,2463.79,1243.62,Debit Card
ORD0011485,2025-04-23,CUST00497,Kabir Reddy,PROD0096,Storage Item 96,Office Supplies,Storage,North,Delhi,New Delhi,5158.96,4,0.15,4316.56,842.4,Net Banking
ORD0013179,2025-04-30,CUST00222,Diya Khan,PROD0063,Beverage Item 63,Grocery,Beverages,West,Maharashtra,Mumbai,4813.55,7,0.15,3542.91,1270.64,Net Banking
ORD0012523,2025-04-06,CUST00145,Vikram Khan,PROD0072,Dairy Item 72,Grocery,Dairy,East,Bihar,Patna,1286.16,2,0.2,1150.68,135.48,Credit Card
ORD0011994,2025-04-04,CUST00253,Saanvi Khan,PROD0087,Binder Item 87,Office Supplies,Binders,West,Rajasthan,Jaipur,17131.34,7,0.1,14923.02,2208.32,Cash on Delivery
ORD0013285,2025-04-16,CUST00124,Manish Reddy,PROD0021,Chair Item 21,Furniture,Chairs,East,Bihar,Gaya,9847.26,1,0.0,7499.87,2347.39,Credit Card
ORD0014073,2025-04-14,CUST00178,Pallavi Malhotra,PROD0021,Chair Item 21,Furniture,Chairs,West,Maharashtra,Mumbai,44312.67,6,0.25,44999.22,-686.55,Credit Card
ORD0011718,2025-04-03,CUST00777,Sanya Kumar,PROD0025,Table Item 25,Furnitures,Tables,East,Bihar,Gaya,30710.47,1,0.0,19495.94,11214.53,Credit Card
ORD0012940,2025-04-18,CUST00134,Rahul Nair,PROD0006,Laptop Item 6,Electronics,Laptops,West,Rajasthan,Udaipur,78609.72,2,0.15,71135.1,7474.62,Net Banking
ORD0012142,2025-04-27,CUST00405,Kavya Malhotra,PROD0067,Snack Item 67,Grocery,Snacks,East,Bihar,Gaya,1143.49,2,0.1,986.92,156.57,Credit Card
ORD0013743,2025-04-26,CUST00538,Priya Patel,PROD0049,Kids Wear Item 49,Clothing,Kids Wear,West,Gujarat,Ahmedabad,7993.05,4,0.25,5867.72,2125.33,Debit Card
ORD0011363,2025-04-24,CUST00305,Pallavi Chatterjee,PROD0012,Television Item 12,Electronics,Televisions,South,Tamil Nadu,Chennai,225481.44,6,0.0,154588.08,70893.36,Debit Card
ORD0011328,2025-04-07,CUST00877,Karan Reddy,PROD0092,Art Supplie Item 92,Office Supplies,Art Supplies,North,Punjab,Ludhiana,26644.13,6,0.2,25339.56,1304.57,Cash on Delivery
ORD0012547,2025-04-25,CUST00061,Rahul Das,PROD0022,Chair Item 22,Furniture,Chairs,West,Rajasthan,Jaipur,34693.15,5,0.0,22668.25,12024.9,UPI
ORD0013318,24-Apr-2025,CUST00711,Rajesh Malhotra,PROD0023,Chair Item 23,Furniture,Chairs,West,Maharashtra,Mumbai,64740.76,4,0.0,39577.0,51643.28,UPI
ORD0011773,2025-04-10,CUST00175,Kabir Patel,PROD0067,Snack Item 67,Grocery,Snacks,East,Bihar,Patna,4002.2,7,0.1,3454.22,547.98,UPI
ORD0011900,2025-04-19,CUST00392,Diya Verma,PROD0044,Men's Wear Item 44,Clothing,Men's Wear,North,Delhi,New Delhi,7971.96,6,0.15,5275.8,2696.16,Credit Card
ORD0013401,2025-04-26,CUST00273,Nikhil Sharma,PROD0090,Art Supplie Item 90,Office Supplies,Art Supplies,West,Gujarat,Surat,13787.96,4,0.1,9705.64,4082.32,UPI
ORD0012101,2025-04-15,CUST00695,Amit Rao,PROD0082,Paper Item 82,Office Supplies,Paper,South,Tamil Nadu,Coimbatore,4815.39,3,0.0,3401.43,1413.96,Net Banking
ORD0013163,2025-04-24,CUST00887,Arjun Reddy,PROD0049,Kids Wear Item 49,Clothing,Kids Wear,South,Telangana,Warangal,11989.58,6,0.25,8801.58,3188.0,UPI
ORD0013897,18/04/2025,CUST00567,Shreya Joshi,PROD0062,Beverage Item 62,Grocery,Beverages,East,Odisha,Bhubaneswar,3571.74,3,0.0,2438.97,1132.77,Net Banking
ORD0012459,2025-04-10,CUST00231,Tanvi Patel,PROD0081,Paper Item 81,Office Supplies,Paper,North,Delhi,Dwarka,17166.72,3,0.0,12059.88,5106.84,Debit Card
ORD0012795,2025-04-23,CUST00333,Pooja Mehta,PROD0006,Laptop Item 6,Electronics,Laptops,West,Maharashtra,Nagpur,117914.58,3,,106702.65,21089.78,Debit Card
ORD0011304,2025-04-28,CUST00553,Ananya Patel,PROD0031,Bookcase Item 31,Furniture,Bookcases,North,Delhi,New Delhi,57451.89,3,0.0,37840.17,19611.72,Credit Card
ORD0013651,2025-04-23,CUST00147,Rajesh Nair,PROD0096,Storage Item 96,Office Supplies,Storage,East,Bihar,Gaya,3034.68,2,0.0,2158.28,876.4,UPI
ORD0013036,2025-04-05,CUST00836,Manish Kumar,PROD0081,Paper Item 81,Office Supplies,Paper,North,Delhi,New Delhi,11444.48,2,0.0,8039.92,3404.56,Credit Card
ORD0011532,2025-04-04,CUST00058,Sanya Kumar,PROD0033,Sofa Item 33,Furniture,Sofas,South,Telangana,Hyderabad,33366.94,1,0.0,22372.79,10994.15,UPI
ORD0012157,2025-04-17,CUST00284,Meera Gupta,PROD0041,Men's Wear Item 41,Clothing,Men's Wear,East,Bihar,Gaya,0,6,0.25,17918.94,-108.7,Credit Card
ORD0011384,2025-04-04,CUST00470,Rahul Singh,PROD0064,Beverage Item 64,Grocery,Beverages,South,Tamil Nadu,Chennai,6496.12,6,0.05,4387.14,2108.98,UPI
ORD0012683,2025-04-14,CUST00138,Neha Khan,PROD0033,Sofa Item 33,Furniture,Sofas,South,Telangana,Hyderabad,53387.1,2,0.2,44745.58,8641.52,UPI
ORD0012598,04-06-2025,CUST00526,Sanya Nair,PROD0041,Men's Wear Item 41,Cloths,Men's Wear,North,Punjab,Amritsar,7124.09,2,0.1,5972.98,1151.11,Cash on Delivery
ORD0012462,01 April 2025,CUST00844,Neha Reddy,PROD0074,Staple Item 74,Grocery,Staples,West,Gujarat,Ahmedabad,1318.03,5,0.05,1032.95,285.08,UPI
ORD0013672,2025-04-02,CUST00423,Aarav Sharma,PROD0061,Beverage Item 61,Grocery,Beverages,East,West Bengal,Kolkata,4574.53,5,0.15,3968.55,605.98,UPI
ORD0012430,2025-04-22,CUST00079,Diya Singh,PROD0059,Accessorie Item 59,Clothing,Accessories,West,Rajasthan,Udaipur,4494.32,2,0.2,4278.04,216.28,UPI
ORD0014007,2025-04-17,CUST00507,Rohan Nair,PROD0094,Storage Item 94,OfficeSupplies,Storage,East,West Bengal,Howrah,25824.62,7,0.2,23908.71,1915.91,Credit Card
ORD0011274,2025-04-04,CUST00393,Priya Kumar,PROD0040,Storage Unit Item 40,Furniture,Storage Units,North,Delhi,Dwarka,94952.5,5,0.0,56668.6,38283.9,Credit Card
ORD0011768,2025-04-06,CUST00220,Aditi Reddy,PROD0032,Bookcase Item 32,Furniture,Bookcases,North,Delhi,New Delhi,14326.25,3,0.1,9255.0,5071.25,Cash on Delivery
ORD0012693,2025-04-24,CUST00505,Manish Singh,PROD0053,Footwear Item 53,Clothing,Footwear,East,Bihar,Patna,13197.25,5,0.0,8554.9,4642.35,Credit Card
ORD0014409,2025-04-02,CUST00578,Ananya Kumar,PROD0015,Headphone Item 15,Electronics,Headphones,South,Tamil Nadu,Coimbatore,142709.32,5,0.2,130897.0,11812.32,Net Banking
ORD0013505,04-20-2025,CUST00159,Tanvi Mehta,PROD0051,Kids Wear Item 51,Clothing,Kids Wear,East,Bihar,Gaya,3707.41,7,0.0,2463.79,1243.62,Credit Card
ORD0011455,2025-04-29,CUST00826,Kabir Sharma,PROD0047,Women's Wear Item 47,Clothing,Women's Wear,South,Karnataka,Mysuru,16991.36,7,0.25,13660.78,3330.58,UPI
ORD0013115,2025-04-12,CUST00026,Manish Gupta,PROD0021,Chair Item 21,Furniture,Chairs,North,Haryana,Gurugram,7385.44,1,0.25,7499.87,-114.43,Net Banking
ORD0011421,2025-04-26,CUST00884,Sanya Khan,PROD0097,Appliance Item 97,Office Supplies,Appliances,South,Telangana,Warangal,7227.96,4,0.0,4441.24,2786.72,Credit Card
ORD0013435,2025-04-03,CUST00871,Neha Mehta,PROD0036,Sofa Item 36,Furniture,Sofas,South,Telangana,Warangal,48240.44,6,0.15,31640.82,16599.62,Cash on Delivery
ORD0012998,2025-04-07,CUST00476,Aditi Iyer,PROD0040,Storage Unit Item 40,Furniture,Storage Units,South,Telangana,Warangal,56971.5,3,0.0,34001.16,22970.34,Credit Card
ORD0013448,2025-04-23,CUST00716,Priya Patel,PROD0043,Men's Wear Item 43,Clothing,Men's Wear,North,Punjab,Ludhiana,1471.6,2,0.15,1350.7,120.9,Credit Card
ORD0012901,30/04/2025,CUST00748,Neha Reddy,PROD0086,Binder Item 86,Office Supplies,Binders,North,Delhi,Dwarka,9473.63,2,0.1,7395.3,2078.33,UPI
ORD0012141,2025-04-11,CUST00561,Aarav Verma,PROD0059,Accessorie Item 59,Clothing,Accessories,West,Gujarat,Surat,11938.04,5,0.15,10695.1,1242.94,Credit Card
ORD0011967,2025-04-22,CUST00363,Shreya Verma,PROD0011,Television Item 11,Electronics,Televisions,East,West Bengal,Howrah,43039.26,6,0.0,32772.24,10267.02,Debit Card
ORD0011816,2025-04-27,CUST00620,Saanvi Sharma,PROD0046,Women's Wear Item 46,Clothing,Women's Wear,South,Tamil Nadu,Coimbatore,14582.51,7,0.2,13447.07,1135.44,UPI
ORD0014001,2025-04-07,CUST00270,Vikram Sharma,PROD0095,Storage Item 95,Office Supplies,Storage,South,Karnataka,Mysuru,8806.77,4,0.25,7798.24,1008.53,UPI
ORD0013200,2025-04-30,CUST00561,Aarav Verma,PROD0024,Chair Item 24,Furniture,Chairs,North,Punjab,Ludhiana,45162.7,2,0.1,38279.58,6883.12,Debit Card
ORD0013249,2025-04-04,CUST00686,Amit Nair,PROD0020,Camera Item 20,Electronics,Cameras,West,Gujarat,Surat,339715.78,7,0.1,217077.98,122637.8,Debit Card
ORD0011365,2025-04-06,CUST00470,Rahul Singh,PROD0091,Art Supplie Item 91,Office Supplies,Art Supplies,North,Haryana,Gurugram,2773.46,2,0.1,2398.02,375.44,UPI
ORD0014238,2025-04-17,CUST00841,Rajesh Sharma,PROD0038,Storage Unit Item 38,Furniture,Storage Units,East,Bihar,Patna,35389.29,3,0.0,24844.41,10544.88,Debit Card
ORD0013867,2025-04-07,CUST00128,Riya Patel,PROD0004,Mobile Phone Item 4,Electronics,Mobile Phones,East,West Bengal,Kolkata,91461.39,3,0.0,52834.77,38626.62,Debit Card
ORD0013758,2025-04-25,CUST00820,Kabir Iyer,PROD0019,Camera Item 19,Electronics,Cameras,South,Tamil Nadu,Chennai,271584.1,6,0.2,196954.08,74630.02,UPI
ORD0014496,2025-04-08,CUST00385,Ishaan Reddy,PROD0059,Accessorie Item 59,Clothing,Accessories,West,Rajasthan,Jaipur,5337.0,2,0.05,4278.04,1058.96,Net Banking
ORD0013153,2025-04-09,CUST00059,Vivaan Patel,PROD0053,Footwear Item 53,Clothing,Footwear,East,Odisha,Cuttack,8446.24,4,0.2,6843.92,1602.32,UPI
ORD0011601,2025-04-12,CUST00516,Priya Patel,PROD0080,Personal Care Item 80,Grocery,Personal Care,West,Gujarat,Surat,1279.44,2,0.05,976.88,302.56,Credit Card
ORD0011906,2025-04-28,CUST00128,Riya Patel,PROD0057,Accessorie Item 57,Clothing,Accessories,North,Punjab,Ludhiana,13627.84,7,0.05,11297.02,2330.82,UPI
ORD0012699,26 April 2025,CUST00377,Aditi Rao,PROD0045,Women's Wear Item 45,Apparel,Women's Wear,South,Telangana,Warangal,10968.23,7,0.0,8211.0,2757.23,Credit Card
ORD0013108,2025-04-20,CUST00402,Sanya Rao,PROD0018,Camera Item 18,Electronics,Cameras,North,Delhi,Dwarka,210071.92,5,0.1,140445.55,69626.37,Credit Card
ORD0013620,2025-04-18,CUST00516,Priya Patel,PROD0087,Binder Item 87,Office Supplies,Binders,South,Telangana,Hyderabad,15227.86,7,0.2,14923.02,304.84,UPI
ORD0011443,2025-04-16,CUST00728,Pooja Verma,PROD0076,Staple Item 76,Grocery,Staples,South,Telangana,Hyderabad,5153.59,7,0.1,3334.59,1819.0,Credit Card
ORD0012656,25/04/2025,CUST00491,Pooja Mehta,PROD0054,Footwear Item 54,Clothing,Footwear,North,Haryana,Faridabad,17626.54,5,0.05,11685.25,5941.29,UPI
ORD0011832,2025-04-22,CUST00031,Sneha Mehta,PROD0064,Beverage Item 64,Grocery,Beverages,West,Maharashtra,Pune,5128.52,6,0.25,4387.14,741.38,Cash on Delivery
ORD0014036,2025-04-30,CUST00818,Neha Singh,PROD0012,Television Item 12,Electronics,Televisions,South,Telangana,Warangal,223602.43,7,0.15,180352.76,105140.65,Debit Card
ORD0011797,2025-04-05,CUST00185,Aarav Joshi,PROD0013,Headphone Item 13,Electronics,Headphones,North,Punjab,Amritsar,47475.52,5,0.15,34255.75,13219.77,Net Banking
ORD0011634,2025-04-28,CUST00629,Meera Singh,PROD0014,Headphone Item 14,Electronics,Headphones,East,Odisha,Bhubaneswar,46232.56,5,0.15,41499.6,4732.96,Debit Card
ORD0013634,2025-04-23,CUST00389,Neha Verma,PROD0072,Dairy Item 72,Grocery,Dairy,North,Delhi,Dwarka,2411.55,3,0.0,1726.02,685.53,UPI
ORD0013680,2025-04-30,CUST00407,Aryan Iyer,PROD0034,Sofa Item 34,Furniture,Sofas,West,Rajasthan,Jaipur,66799.26,2,0.0,39471.3,27327.96,Credit Card
ORD0012851,2025-04-14,CUST00316,Manish Nair,PROD0088,Binder Item 88,Office Supplies,Binders,North,Haryana,Faridabad,35969.57,7,0.0,22680.77,13288.8,UPI
ORD0013706,2025-04-20,CUST00691,Pallavi Iyer,PROD0074,Staple Item 74,Grocery,Staples,North,Haryana,Gurugram,249.73,1,0.1,206.59,43.14,Credit Card
ORD0013068,04-28-2025,CUST00420,Aarav Rao,PROD0063,Beverage Item 63,Grocery,Beverages,West,Maharashtra,Nagpur,1618.0,2,0.0,1012.26,605.74,Cash on Delivery
ORD0013509,2025-04-08,CUST00047,Divya Reddy,PROD0045,Women's Wear Item 45,Clothing,Women's Wear,East,Odisha,Cuttack,1566.89,1,0.0,1173.0,393.89,Debit Card
ORD0014056,2025-04-19,CUST00494,Karan Nair,PROD0099,Appliance Item 99,Office Supplies,Appliances,West,Rajasthan,Jaipur,1391.25,1,0.0,1049.02,342.23,UPI
ORD0011335,2025-04-28,CUST00725,Manish Verma,PROD0076,Staple Item 76,Grocery,Staples,East,West Bengal,Howrah,4294.66,7,0.25,3334.59,960.07,UPI
ORD0011268,29/04/2025,CUST00612,Rajesh Das,PROD0038,Storage Unit Item 38,Furniture,Storage Units,East,Odisha,Bhubaneswar,8847.32,1,0.25,8281.47,1675.19,Debit Card
ORD0014341,2025-04-26,CUST00762,Kabir Patel,PROD0074,Staple Item 74,Grocery,Staples,South,Telangana,Warangal,624.33,3,0.25,619.77,4.56,Net Banking
ORD0012512,2025-04-29,CUST00692,Arjun Rao,PROD0026,Table Item 26,Furniture,Tables,East,West Bengal,Howrah,60656.26,4,0.2,46409.72,14246.54,Debit Card
ORD0011675,2025-04-07,CUST00802,Nikhil Nair,PROD0002,Mobile Phone Item 2,Electronics,Mobile Phones,West,Maharashtra,Mumbai,7871.0,2,0.05,5554.22,2316.78,UPI
ORD0012645,2025-04-29,CUST00459,Vikram Joshi,PROD0086,Binder Item 86,Office Supplies,Binders,South,Tamil Nadu,Coimbatore,22368.3,5,0.15,18488.25,3880.05,Net Banking
ORD0014017,2025-04-20,CUST00041,Rajesh Reddy,PROD0007,Laptop Item 7,Electronics,Laptops,South,Karnataka,Mysuru,203422.69,5,0.25,215937.85,-12515.16,Debit Card
ORD0013603,2025-04-17,CUST00139,Priya Joshi,PROD0036,Sofa Item 36,Furniture,Sofas,West,Gujarat,Ahmedabad,42565.1,6,0.25,31640.82,10924.28,Credit Card
ORD0013790,2025-04-05,CUST00659,Tanvi Kumar,PROD0064,Beverage Item 64,Grocery,Beverages,West,Gujarat,Ahmedabad,2051.41,2,0.1,1462.38,589.03,Cash on Delivery
ORD0013361,2025-04-18,CUST00349,Tanvi Kumar,PROD0065,Snack Item 65,Grocery,Snacks,East,West Bengal,Howrah,1798.58,2,0.0,1170.48,628.1,UPI
ORD0012542,2025-04-19,CUST00321,Aryan Rao,PROD0094,Storage Item 94,Office Supplies,Storage,East,West Bengal,Kolkata,19599.05,5,0.15,17077.65,2521.4,UPI
ORD0012503,2025-04-27,CUST00480,Pallavi Reddy,PROD0095,Storage Item 95,OfficeSupplies,Storage,South,Tamil Nadu,Chennai,5871.18,2,0.0,3899.12,1972.06,Credit Card
ORD0013170,2025-04-10,CUST00731,Shreya Nair,PROD0020,Camera Item 20,Electronics,Cameras,West,Gujarat,Surat,53923.14,1,0.0,31011.14,22912.0,UPI
ORD0014499,2025-04-02,CUST00617,Pallavi Mehta,PROD0038,Storage Unit Item 38,Furniture,Storage Units,North,Delhi,Dwarka,11796.43,1,0.0,8281.47,9815.78,Credit Card
ORD0013375,07-Apr-2025,CUST00584,Aarav Reddy,PROD0012,Television Item 12,Electronics,Televisions,West,Rajasthan,Jaipur,236755.51,7,0.1,180352.76,56402.75,Debit Card
ORD0013024,07/04/2025,CUST00277,Nikhil Nair,PROD0082,Paper Item 82,Office Supplies,Paper,West,Maharashtra,Mumbai,4815.39,4,0.25,4535.24,280.15,Net Banking
ORD0012671,2025-04-30,CUST00340,Sanya Rao,PROD0052,,Clothing,Kids Wear,North,Delhi,New Delhi,1399.34,2,0.1,914.36,484.98,Debit Card
ORD0011465,2025-04-11,CUST00715,Saanvi Joshi,PROD0077,Personal Care Item 77,GROCERY,Personal Care,East,West Bengal,Howrah,2565.01,7,0.0,1499.68,1065.33,Credit Card
ORD0013386,2025-04-07,CUST00501,Nikhil Mehta,PROD0036,Sofa Item 36,Furniture,Sofas,East,Bihar,Gaya,-,7,0.05,36914.29,25987.46,Debit Card
ORD0012021,2025-04-03,CUST00541,Sneha Malhotra,PROD0069,Dairy Item 69,Grocery,Dairy,South,Karnataka,Bengaluru,354.98,1,0.2,289.32,65.66,UPI
ORD0011233,2025-04-13,CUST00092,Priya Mehta,PROD0070,Dairy Item 70,Grocery,Dairy,West,Gujarat,Surat,3308.56,7,0.15,2263.24,1045.32,Net Banking
ORD0013340,2025-04-11,CUST00644,Sneha Gupta,PROD0091,Art Supplie Item 91,Office Supplies,Art Supplies,West,Rajasthan,Jaipur,4160.19,3,0.1,3597.03,563.16,Credit Card
ORD0013091,2025-04-18,CUST00886,Arjun Reddy,PROD0011,Television Item 11,Electronics,Televisions,East,Bihar,Patna,36583.37,6,0.15,32772.24,3811.13,Credit Card
ORD0012119,2025-04-21,CUST00306,Divya Khan,PROD0022,Chair Item 22,Furniture,Chairs,West,Maharashtra,Pune,24979.07,4,0.1,18134.6,10452.82,Debit Card
ORD0011447,2025-04-13,CUST00584,Aarav Reddy,PROD0063,Beverage Item 63,Grocery,Beverages,South,Karnataka,Bengaluru,2427.0,3,0.0,1518.39,908.61,Cash on Delivery
ORD0013843,16/04/2025,CUST00315,Sanya Nair,PROD0029,Bookcase Item 29,Furniture,Bookcases,North,Haryana,Faridabad,130081.93,5,0.05,93031.25,37050.68,Net Banking
ORD0013757,07/04/2025,CUST00510,Vivaan Verma,PROD0046,Women's Wear Item 46,Clothing,Women's Wear,North,Delhi,Rohini,5859.04,3,0.25,5763.03,96.01,Debit Card
ORD0014230,2025-04-10,CUST00426,Pallavi Joshi,PROD0021,Chair Item 21,Furniture,Chairs,North,Delhi,Dwarka,62037.74,7,0.1,52499.09,9538.65,Credit Card
ORD0012399,2025-04-11,CUST00181,Divya Rao,PROD0082,Paper Item 82,Office Supplies,Paper,North,Delhi,Dwarka,1444.62,1,0.1,1133.81,310.81,UPI
ORD0012793,2025-04-08,CUST00526,Sanya Nair,PROD0080,Personal Care Item 80,Grocery,Personal Care,North,Delhi,Rohini,1144.76,2,0.15,976.88,167.88,Net Banking
ORD0014037,2025-04-10,CUST00571,Amit Nair,PROD0066,Snack Item 66,Grocery,Snacks,East,Bihar,Gaya,1183.35,2,0.15,1016.22,167.13,Credit Card
ORD0013656,2025-04-13,CUST00892,Aarav Malhotra,PROD0097,Appliance Item 97,OFFICE SUPPLIES,Appliances,North,Punjab,Amritsar,12648.93,7,0.0,7772.17,4876.76,Credit Card
ORD0011889,2025-04-05,CUST00314,Arjun Nair,PROD0046,Women's Wear Item 46,Clothing,Women's Wear,North,Punjab,Ludhiana,2083.22,1,0.2,1921.01,162.21,UPI
ORD0011687,2025-04-03,CUST00382,Rajesh Rao,PROD0008,Laptop Item 8,Electronics,Laptops,East,West Bengal,Howrah,412779.15,7,0.0,325373.09,87406.06,Debit Card
ORD0014125,2025-04-06,CUST00302,Manish Patel,PROD0056,Footwear Item 56,Clothing,Footwear,East,Bihar,Gaya,2741.82,1,0.0,1919.07,822.75,UPI
ORD0013420,2025-04-21,CUST00241,Saanvi Chatterjee,PROD0100,Appliance Item 100,Office Supplies,Appliances,South,Tamil Nadu,Coimbatore,19415.1,5,0.25,15323.05,4092.05,UPI
ORD0011747,2025-04-04,CUST00135,Karan Kumar,PROD0034,Sofa Item 34,Furniture,Sofas,West,Rajasthan,Jaipur,85169.06,3,0.15,59206.95,25962.11,Debit Card
ORD0014423,2025-04-07,CUST00568,Karan Sharma,PROD0046,Women's Wear Item 46,Clothing,Women's Wear,North,Delhi,New Delhi,14582.51,7,0.2,13447.07,1135.44,Debit Card
ORD0011632,2025-04-08,CUST00301,Karan Joshi,PROD0100,Appliance Item 100,Office Supplies,Appliances,South,Tamil Nadu,Coimbatore,19673.97,4,0.05,12258.44,7415.53,Credit Card
ORD0013126,2025-04-28,CUST00759,Priya Sharma,PROD0091,Art Supplie Item 91,Office Supplies,Art Supplies,South,Telangana,Warangal,1309.69,1,0.15,1199.01,110.68,Debit Card
ORD0012758,2025-04-27,CUST00829,Divya Chatterjee,PROD0031,Bookcase Item 31,Furniture,Bookcases,West,Maharashtra,Mumbai,32556.07,2,0.15,25226.78,7329.29,Credit Card
ORD0012214,2025-04-23,CUST00596,Neha Iyer,PROD0035,Sofa Item 35,FURNITURE,Sofas,West,Maharashtra,Nagpur,110661.88,7,0.2,83263.32,27398.56,Credit Card
ORD0013349,2025-04-26,CUST00204,Rahul Patel,PROD0005,Laptop Item 5,Electronics,Laptops,North,Haryana,Gurugram,69136.96,5,0.15,50729.75,55072.59,Cash on Delivery
ORD0011717,2025-04-10,CUST00445,Aarav Iyer,PROD0027,Table Item 27,Furniture,Tables,West,Gujarat,Surat,8254.84,1,0.1,5414.38,2840.46,Net Banking
ORD0012514,24-Apr-2025,CUST00619,Aarav Verma,PROD0069,Dairy Item 69,Grocery,Dairy,South,Karnataka,Mysuru,332.79,1,0.25,289.32,43.47,Credit Card
ORD0013374,18 April 2025,CUST00835,Sanya Mehta,PROD0061,Beverage Item 61,Grocery,Beverages,North,Delhi,Dwarka,2744.72,3,0.15,2381.13,363.59,Credit Card
ORD0012188,2025-04-02,CUST00079,Diya Singh,PROD0045,Women's Wear Item 45,Clothing,Women's Wear,East,Bihar,Patna,5954.18,4,0.05,4692.0,1262.18,Debit Card
ORD0014413,2025-04-08,CUST00739,Priya Reddy,PROD0080,Personal Care Item 80,Grocery,Personal Care,South,Telangana,Hyderabad,2693.56,4,0.0,1953.76,739.8,UPI
ORD0011275,2025-04-20,CUST00128,Riya Patel,PROD0060,Accessorie Item 60,Clothing,Accessories,South,Telangana,Hyderabad,2558.96,6,0.05,1784.28,774.68,Cash on Delivery
ORD0012496,04-03-2025,CUST00221,Pallavi Iyer,PROD0088,Binder Item 88,Office Supplies,Binders,West,Maharashtra,Pune,24407.92,5,0.05,16200.55,8207.37,UPI
ORD0013777,2025-04-24,CUST00533,Manish Reddy,PROD0080,Personal Care Item 80,Grocery,Personal Care,West,Gujarat,Surat,3535.3,7,0.25,3419.08,333.15,UPI
ORD0012639,03-Apr-2025,CUST00826,Kabir Sharma,PROD0085,Binder Item 85,Office Supplies,Binders,East,Bihar,Gaya,450.38,2,0.05,308.16,142.22,Cash on Delivery
ORD0011668,2025-04-28,CUST00750,Priya Chatterjee,PROD0094,Storage Item 94,Office Supplies,Storage,West,Maharashtra,Mumbai,3919.81,1,0.15,3415.53,504.28,UPI
ORD0011860,2025-04-07,CUST00723,Ishaan Sharma,PROD0001,Mobile Phone Item 1,Electronics,Mobile Phones,West,Rajasthan,Jaipur,73701.04,3,0.15,53312.73,20388.31,Cash on Delivery
ORD0011801,2025-04-16,CUST00304,Ananya Singh,PROD0042,Men's Wear Item 42,Clothing,Men's Wear,North,Delhi,Dwarka,6087.94,2,0.0,4061.82,2026.12,UPI
ORD0011295,2025-04-03,CUST00568,Karan Sharma,PROD0019,Camera Item 19,Electronics,Cameras,South,Karnataka,Bengaluru,45264.02,1,0.2,32825.68,12438.34,Net Banking
ORD0011202,28-Apr-2025,CUST00689,Rajesh Joshi,PROD0097,Appliance Item 97,Office Supplies,Appliances,North,Haryana,Faridabad,7227.96,5,0.2,5551.55,1676.41,Credit Card
ORD0013833,2025-04-16,CUST00271,Tanvi Sharma,PROD0076,Staple Item 76,Grocery,Staples,West,Rajasthan,Jaipur,5439.9,7,,3334.59,2105.31,Net Banking
ORD0013731,2025-04-18,CUST00141,Saanvi Khan,PROD0006,Laptop Item 6,Electronics,Laptops,South,Telangana,Warangal,78609.72,2,0.15,71135.1,7474.62,Credit Card
ORD0011451,2025-04-14,CUST00838,Tanvi Malhotra,PROD0039,Storage Unit Item 39,Furniture,Storage Units,South,Tamil Nadu,Chennai,16703.48,1,0.0,10859.15,5844.33,Credit Card
ORD0013473,2025-04-28,CUST00519,Sneha Sharma,PROD0016,Headphone Item 16,Electronics,Headphones,West,Maharashtra,Pune,131725.44,7,0.0,84674.87,47050.57,Net Banking
ORD0012844,2025-04-25,CUST00410,Riya Malhotra,PROD0054,Footwear Item 54,Apparel,Footwear,South,Tamil Nadu,Coimbatore,13915.69,5,0.25,11685.25,2230.44,Debit Card
ORD0011541,04-13-2025,CUST00721,Shreya Singh,PROD0097,Appliance Item 97,Office Supplies,Appliances,West,Gujarat,Surat,4878.87,3,0.1,3330.93,1547.94,UPI
ORD0013357,2025-04-25,CUST00173,Sneha Iyer,PROD0008,Laptop Item 8,Electronics,Laptops,East,Odisha,Cuttack,176905.35,4,0.25,185927.48,-9022.13,UPI
ORD0012123,2025-04-22,CUST00140,Vivaan Verma,PROD0098,Appliance Item 98,Office Supplies,Appliances,South,Telangana,Hyderabad,22410.17,7,0.1,16247.28,6162.89,UPI
ORD0013339,2025-04-06,CUST00508,Sanya Chatterjee,PROD0077,Personal Care Item 77,Grocery,Personal Care,South,Karnataka,Bengaluru,366.43,1,0.0,214.24,152.19,UPI
ORD0013247,29-Apr-2025,CUST00044,Aditi Iyer,PROD0042,Men's Wear Item 42,Clothing,Men's Wear,East,Bihar,Patna,9740.7,4,0.2,8123.64,1617.06,Debit Card
ORD0012579,04-30-2025,CUST00223,Sanya Das,PROD0041,Men's Wear Item 41,Clothing,Men's Wear,East,Odisha,Bhubaneswar,11873.49,3,0.0,8959.47,2914.02,UPI
ORD0012874,2025-04-06,CUST00889,Ananya Patel,PROD0028,Table Item 28,Furniture,Tables,East,West Bengal,Howrah,26358.92,1,0.2,25436.27,922.65,UPI
ORD0013870,08-Apr-2025,CUST00043,Karan Mehta,PROD0019,Camera Item 19,Electronics,Cameras,East,West Bengal,Kolkata,268755.09,5,0.05,164128.4,104626.69,Credit Card
ORD0012416,2025-04-05,CUST00472,Sneha Khan,PROD0027,Table Item 27,Furniture,Tables,North,Delhi,Dwarka,38981.17,5,0.15,27071.9,11909.27,UPI
ORD0013082,22-Apr-2025,CUST00345,Rahul Joshi,PROD0035,Sofa Item 35,Furniture,Sofas,East,Bihar,Gaya,103745.51,7,0.25,83263.32,20482.19,Credit Card
ORD0012304,2025-04-15,CUST00434,Nikhil Chatterjee,PROD0090,Art Supplie Item 90,Office Supplies,Art Supplies,East,Odisha,Cuttack,7659.98,2,0.0,4852.82,2807.16,Debit Card
ORD0012392,2025-04-28,CUST00585,Pallavi Rao,PROD0002,Mobile Phone Item 2,Electronics,Mobile Phones,South,Karnataka,Bengaluru,3106.97,1,0.25,2777.11,329.86,UPI
ORD0014461,2025-04-13,CUST00563,Divya Chatterjee,PROD0030,Bookcase Item 30,FURNITURE,Bookcases,East,Odisha,Bhubaneswar,70315.16,4,0.0,47985.64,22329.52,Credit Card
ORD0011470,2025-04-09,CUST00459,Vikram Joshi,PROD0049,Kids Wear Item 49,Clothing,Kids Wear,North,Punjab,Amritsar,10657.4,5,0.2,7334.65,3322.75,UPI
ORD0013371,2025-04-29,CUST00781,Saanvi Iyer,PROD0066,Snack Item 66,Grocery,Snacks,East,Odisha,Cuttack,1983.86,3,0.05,1524.33,459.53,UPI
ORD0011487,2025-04-01,CUST00488,Ishaan Gupta,PROD0055,,Clothing,Footwear,South,Tamil Nadu,Chennai,6720.46,3,0.25,5961.27,759.19,UPI
ORD0011694,23/04/2025,CUST00290,Amit Verma,PROD0072,Dairy Item 72,Grocery,Dairy,South,Karnataka,Mysuru,3215.4,4,0.0,2301.36,914.04,UPI
ORD0011393,2025-04-18,CUST00194,Aditi Chatterjee,PROD0033,Sofa Item 33,Furniture,Sofas,North,Haryana,Faridabad,33366.94,1,0.0,22372.79,10994.15,Net Banking
ORD0013886,2025-04-20,CUST00484,Karan Nair,PROD0034,Sofa Item 34,FURNITURE,Sofas,North,Punjab,Amritsar,141948.43,5,0.15,98678.25,43270.18,UPI
ORD0012267,2025-04-08,CUST00531,Shreya Mehta,PROD0002,Mobile Phone Item 2,Electronics,Mobile Phones,West,Rajasthan,Udaipur,4142.63,1,0.0,2777.11,1365.52,Net Banking
ORD0011405,04-02-2025,CUST00045,Shreya Chatterjee,PROD0059,Accessorie Item 59,Clothing,Accessories,North,Delhi,New Delhi,2668.5,1,0.05,2139.02,529.48,Debit Card
ORD0012992,2025-04-15,CUST00022,Tanvi Nair,PROD0050,Kids Wear Item 50,CLOTHING,Kids Wear,North,Delhi,New Delhi,11926.38,3,0.0,7397.04,4529.34,UPI
ORD0011682,2025-04-28,CUST00364,Tanvi Verma,PROD0004,Mobile Phone Item 4,Electronics,Mobile Phones,East,West Bengal,Howrah,173776.64,6,0.05,105669.54,68107.1,Cash on Delivery
ORD0012843,2025-04-05,CUST00189,Manish Mehta,PROD0018,Camera Item 18,Electronics,Cameras,North,Haryana,Faridabad,326778.55,7,0.0,196623.77,130154.78,Cash on Delivery
ORD0012127,2025-04-18,CUST00608,Aditi Verma,PROD0010,Television Item 10,Electronics,Televisions,East,West Bengal,Kolkata,28966.94,2,0.25,26581.0,5842.95,Debit Card
ORD0012609,2025-04-05,CUST00027,Arjun Khan,PROD0085,Binder Item 85,Office Supplies,Binders,East,Bihar,Gaya,640.01,3,0.1,462.24,177.77,Credit Card
ORD0014086,2025-04-29,CUST00736,Amit Mehta,PROD0063,Beverage Item 63,Grocery,Beverages,South,Telangana,Hyderabad,4854.0,6,0.0,3036.78,1817.22,Debit Card
ORD0011557,2025-04-28,CUST00114,Nikhil Kumar,PROD0069,Dairy Item 69,Grocery,Dairy,West,Rajasthan,Udaipur,421.53,1,0.05,289.32,132.21,Credit Card
ORD0014097,2025-04-11,CUST00120,Ananya Das,PROD0024,Chair Item 24,Furniture,Chairs,South,Telangana,Warangal,120433.87,6,0.2,114838.74,5595.13,Debit Card
ORD0013400,2025-04-17,CUST00035,Aditi Khan,PROD0089,Art Supplie Item 89,Office Supplies,Art Supplies,North,Punjab,Ludhiana,16564.2,5,0.0,11138.7,5425.5,UPI
ORD0012283,2025-04-11,CUST00284,Meera Gupta,PROD0093,Storage Item 93,Office Supplies,Storage,South,Karnataka,Bengaluru,4403.56,1,0.25,4322.81,80.75,Cash on Delivery
ORD0011599,17-Apr-2025,CUST00660,Rahul Reddy,PROD0088,Binder Item 88,Office Supplies,Binders,North,Punjab,Ludhiana,28775.66,7,0.2,22680.77,6094.89,UPI
ORD0011333,20/04/2025,CUST00192,Rajesh Gupta,PROD0070,Dairy Item 70,Grocery,Dairy,North,Delhi,Dwarka,1112.12,2,0.0,646.64,465.48,UPI
ORD0011931,2025-04-26,CUST00087,Shreya Mehta,PROD0030,Bookcase Item 30,Furniture,Bookcases,East,Bihar,Gaya,70315.16,4,0.0,47985.64,22329.52,UPI
ORD0011287,2025-04-09,CUST00647,Rahul Sharma,PROD0055,Footwear Item 55,Clothing,Footwear,South,Tamil Nadu,Chennai,5973.74,2,0.0,3974.18,1999.56,Credit Card
ORD0013619,2025-04-03,CUST00893,Tanvi Gupta,PROD0013,Headphone Item 13,Electronics,Headphones,West,Rajasthan,Jaipur,10612.17,1,0.05,6851.15,3761.02,Credit Card
ORD0013664,2025-04-16,CUST00260,Priya Kumar,PROD0035,Sofa Item 35,Furniture,Sofas,West,Maharashtra,Pune,19761.05,1,0.0,11894.76,7866.29,Cash on Delivery
ORD0014202,2025-04-04,CUST00483,Rajesh Kumar,PROD0042,Men's Wear Item 42,Clothing,Men's Wear,West,Maharashtra,Pune,18263.82,6,0.0,12185.46,6078.36,Net Banking
ORD0011556,2025-04-20,CUST00757,Manish Nair,PROD0028,Table Item 28, Furniture,Tables,South,Telangana,Warangal,197691.9,6,0.0,152617.62,45074.28,Credit Card
ORD0014092,2025-04-25,CUST00846,Shreya Rao,PROD0051,Kids Wear Item 51,Clothing,Kids Wear,East,Odisha,Bhubaneswar,2118.52,4,0.0,1407.88,710.64,Credit Card
ORD0011657,05-Apr-2025,CUST00038,Aryan Khan,PROD0064,Beverage Item 64,Grocery ,Beverages,South,Karnataka,Bengaluru,1139.67,1,0.0,731.19,408.48,Credit Card
ORD0014319,2025-04-22,CUST00843,Arjun Singh,PROD0083,Paper Item 83,Office Supplies,Paper,West,Gujarat,Ahmedabad,11348.13,6,0.05,9485.04,1863.09,Debit Card
ORD0013283,2025-04-16,CUST00868,Divya Joshi,PROD0063,Beverage Item 63,Grocery,Beverages,East,West Bengal,Kolkata,3236.0,4,,2024.52,1211.48,Credit Card
ORD0013214,2025-04-02,CUST00606,Karan Joshi,PROD0039,Storage Unit Item 39,Furniture,Storage Units,North,Punjab,Amritsar,28395.92,2,0.15,21718.3,6677.62,Net Banking
ORD0012852,2025-04-23,CUST00422,Sneha Sharma,PROD0064,Beverage Item 64,Grocery ,Beverages,South,Tamil Nadu,Coimbatore,5470.42,6,0.2,4387.14,1083.28,UPI
ORD0012775,2025-04-04,CUST00621,Sanya Joshi,PROD0015,Headphone Item 15,Electronics,Headphones,West,Gujarat,Surat,249741.31,7,0.0,183255.8,66485.51,Credit Card
ORD0013009,09-Apr-2025,CUST00227,Priya Sharma,PROD0088,Binder Item 88,Office Supplies,Binders,East,Bihar,Gaya,30831.06,6,0.0,19440.66,11390.4,Net Banking
ORD0012393,2025-04-25,CUST00509,Kavya Khan,PROD0093,Storage Item 93,Office Supplies,Storage,West,Rajasthan,Udaipur,9394.26,2,0.2,8645.62,748.64,UPI
ORD0011731,2025-04-08,CUST00062,Riya Khan,PROD0044,Men's Wear Item 44,Clothing,Men's Wear,North,Haryana,Faridabad,2813.63,2,0.1,1758.6,1055.03,Credit Card
ORD0012710,2025-04-22,CUST00185,Aarav Joshi,PROD0068,Snack Item 68,Grocery,Snacks,South,Karnataka,Bengaluru,425.76,1,0.2,378.8,46.96,UPI
ORD0012270,2025-04-02,CUST00033,Neha Nair,PROD0051,Kids Wear Item 51,Clothing,Kids Wear,North,Punjab,Ludhiana,2515.74,5,0.05,1759.85,755.89,Cash on Delivery
ORD0012042,2025-04-28,CUST00038,Aryan Khan,PROD0060,Accessorie Item 60,Clothing,Accessories,West,Rajasthan,Udaipur,1705.97,4,0.05,1189.52,516.45,UPI
ORD0014392,2025-04-02,CUST00564,Divya Das,PROD0075,Staple Item 75,Groceries,Staples,North,Punjab,Ludhiana,2495.33,3,0.2,1907.91,587.42,Net Banking
ORD0014042,2025-04-24,CUST00290,Amit Verma,PROD0021,Chair Item 21,Furniture,Chairs,North,Delhi,New Delhi,55144.66,7,0.2,52499.09,2645.57,Credit Card
ORD0012383,20 April 2025,CUST00735,Shreya Sharma,PROD0054,Footwear Item 54,Clothing,Footwear,North,Punjab,Ludhiana,15771.11,5,0.15,11685.25,4085.86,UPI
ORD0011669,2025-04-21,CUST00597,Kabir Mehta,PROD0063,Beverage Item 63,Grocery,Beverages,West,Maharashtra,Nagpur,5096.7,7,0.1,3542.91,1553.79,Credit Card
ORD0014146,2025-04-04,CUST00122,Aditi Das,PROD0087,Binder Item 87,Office Supplies,Binders,West,Rajasthan,Jaipur,12916.48,5,0.05,10659.3,2257.18,Credit Card
ORD0012029,2025-04-10,CUST00038,Aryan Khan,PROD0019,Camera Item 19,Electronics,Cameras,East,Bihar,Gaya,226320.08,4,0.0,131302.72,95017.36,UPI
ORD0012106,2025-04-16,CUST00758,Rohan Rao,PROD0057,Accessorie Item 57,Clothing,Accessories,West,Rajasthan,Udaipur,3893.67,2,0.05,3227.72,665.95,Credit Card
ORD0012252,20 April 2025,CUST00693,Kavya Gupta,PROD0078,Personal Care Item 78,Grocery,Personal Care,North,Punjab,Amritsar,1203.36,4,,1081.04,122.32,Net Banking
ORD0014382,2025-04-24,CUST00482,Divya Gupta,PROD0097,Appliance Item 97,Office Supplies,Appliances,East,Odisha,Cuttack,10119.14,7,0.2,7772.17,2346.97,Debit Card
ORD0013906,2025-04-10,CUST00232,Manish Reddy,PROD0069,Dairy Item 69,Grocery,Dairy,North,Punjab,Ludhiana,1331.16,3,0.0,867.96,463.2,UPI
ORD0013944,2025-04-07,CUST00298,Ananya Joshi,PROD0042,Men's Wear Item 42,Clothing,Men's Wear,South,Karnataka,Bengaluru,7305.53,3,0.2,6092.73,1212.8,Credit Card
ORD0012470,03/04/2025,CUST00392,Diya Verma,PROD0075,Staple Item 75,Grocery,Staples,North,Delhi,Rohini,3950.94,4,0.05,2543.88,1407.06,Cash on Delivery
ORD0012296,2025-04-16,CUST00570,Manish Singh,PROD0041,Men's Wear Item 41,clothing,Men's Wear,East,Odisha,Cuttack,7915.66,2,0.0,5972.98,1942.68,Credit Card
ORD0011217,2025-04-12,CUST00171,Riya Iyer,PROD0041,,Clothing,Men's Wear,West,Rajasthan,Udaipur,5936.74,2,0.25,5972.98,-36.24,Credit Card
ORD0013407,10-Apr-2025,CUST00394,Aarav Das,PROD0060,Accessorie Item 60,Clothing,Accessories,East,West Bengal,Kolkata,763.2,2,0.15,594.76,168.44,UPI
ORD0012194,2025-04-09,CUST00441,Aditi Chatterjee,PROD0081,Paper Item 81,Office Supplies,Paper,West,Gujarat,Ahmedabad,5436.13,1,0.05,4019.96,1416.17,UPI
ORD0013555,2025-04-02,CUST00814,Pooja Kumar,PROD0034,Sofa Item 34,Furniture,Sofas,North,Haryana,Faridabad,125248.61,5,0.25,98678.25,26570.36,Net Banking
ORD0012282,2025-04-28,CUST00119,Riya Reddy,PROD0042,Men's Wear Item 42,Cloths,Men's Wear,North,Haryana,Gurugram,82343.81,2,0.25,4061.82,504.14,Credit Card
ORD0013391,2025-04-13,CUST00308,Aryan Das,PROD0043,Men's Wear Item 43,Clothing,Men's Wear,East,Odisha,Cuttack,4328.25,5,0.0,3376.75,951.5,UPI
ORD0011803,2025-04-01,CUST00547,Divya Reddy,PROD0008,Laptop Item 8,Electronics,Laptops,East,Odisha,Bhubaneswar,294842.25,5,0.0,232409.35,62432.9,Credit Card
ORD0013663,2025-04-10,CUST00438,Aryan Singh,PROD0053,Footwear Item 53,Cloths,Footwear,East,West Bengal,Howrah,4223.12,2,0.2,3421.96,801.16,Debit Card
ORD0011612,2025-04-30,CUST00021,Ishaan Joshi,PROD0083,Paper Item 83,Office Supplies,Paper,West,Gujarat,Surat,6370.88,4,0.2,6323.36,47.52,Net Banking
ORD0013607,2025-04-29,CUST00074,Vivaan Gupta,PROD0003,Mobile Phone Item 3,Electronics,Mobile Phones,East,West Bengal,Kolkata,207435.38,4,0.1,164364.84,43070.54,Debit Card
ORD0014079,2025-04-01,CUST00156,Riya Das,PROD0099,Appliance Item 99,Office Supplies,Appliances,North,Delhi,New Delhi,1043.44,1,0.25,1049.02,-5.58,UPI
ORD0012991,2025-04-05,CUST00232,Manish Reddy,PROD0067,Snack Item 67,Grocery,Snacks,East,Bihar,Gaya,3811.62,6,0.0,2960.76,850.86,Net Banking
ORD0013688,30 April 2025,CUST00396,Aditi Khan,PROD0073,Staple Item 73,Grocery,Staples,North,Haryana,Gurugram,509.11,7,0.0,321.58,187.53,UPI
ORD0014069,2025-04-24,CUST00697,Pallavi Mehta,PROD0005,Laptop Item 5,Electronics,Laptops,South,Tamil Nadu,Chennai,26028.03,2,0.2,20291.9,5736.13,Credit Card
ORD0013316,2025-04-23,CUST00063,Divya Kumar,PROD0001,Mobile Phone Item 1,Electronic,Mobile Phones,North,Delhi,New Delhi,54914.5,2,0.05,35541.82,19372.68,Net Banking
ORD0011618,2025-04-30,CUST00653,Karan Das,PROD0061,Beverage Item 61,Grocery,Beverages,West,Gujarat,Surat,1076.36,1,0.0,793.71,282.65,UPI
ORD0011402,2025-04-27,CUST00383,Arjun Joshi,PROD0091,Art Supplie Item 91,Office Supplies,Art Supplies,East,Bihar,Patna,3081.62,2,0.0,2398.02,683.6,Debit Card
ORD0014348,2025-04-16,CUST00878,Karan Nair,PROD0040,Storage Unit Item 40,Furniture,Storage Units,South,Karnataka,Mysuru,17091.45,1,0.1,11333.72,5757.73,Cash on Delivery
ORD0013795,2025-04-17,CUST00643,Kavya Sharma,PROD0004,Mobile Phone Item 4,Electronics,Mobile Phones,North,Delhi,Dwarka,213409.91,7,0.0,123281.13,90128.78,Debit Card
ORD0012058,2025-04-19,CUST00089,Tanvi Patel,PROD0012,Television Item 12,Electronics,Televisions,North,Delhi,Rohini,112740.72,4,0.25,103058.72,9682.0,UPI
ORD0013622,21/04/2025,CUST00584,Aarav Reddy,PROD0032,Bookcase Item 32,Furniture,Bookcases,East,Bihar,Gaya,7959.03,2,0.25,6170.0,1789.03,Credit Card
ORD0012872,2025-04-09,CUST00304,Ananya Singh,PROD0034,Sofa Item 34,Furniture,Sofas,South,Telangana,Hyderabad,233797.41,7,0.0,138149.55,95647.86,Credit Card
ORD0011390,2025-04-29,CUST00760,Priya Khan,PROD0032,Bookcase Item 32,Furniture,Bookcases,West,Maharashtra,Pune,31836.12,6,0.0,18510.0,13326.12,UPI
ORD0013477,2025-04-30,CUST00163,Pallavi Gupta,PROD0038,Storage Unit Item 38,FURNITURE,Storage Units,West,Maharashtra,Nagpur,47185.72,4,0.0,33125.88,14059.84,Net Banking
ORD0014222,2025-04-30,CUST00402,Sanya Rao,PROD0047,Women's Wear Item 47,Clothing,Women's Wear,West,Gujarat,Surat,18447.76,6,0.05,11709.24,6738.52,Net Banking
ORD0011677,27-Apr-2025,CUST00094,Ishaan Reddy,PROD0086,Binder Item 86,OFFICE SUPPLIES,Binders,East,West Bengal,Howrah,25263.02,6,0.2,22185.9,7763.38,Debit Card
ORD0013431,2025-04-25,CUST00597,Kabir Mehta,PROD0052,Kids Wear Item 52,Clothing,Kids Wear,West,Maharashtra,Pune,777.41,1,0.0,457.18,320.23,Debit Card
ORD0012838,2025-04-02,CUST00853,Sneha Chatterjee,PROD0010,Television Item 10,Electronics,Televisions,West,Maharashtra,Nagpur,114902.18,7,,93033.5,21868.68,Net Banking
ORD0013311,2025-04-20,CUST00115,Vikram Patel,PROD0089,Art Supplie Item 89,Office Supplies,Art Supplies,South,Telangana,Warangal,13251.36,4,0.0,8910.96,4340.4,Credit Card
ORD0014002,2025-04-27,CUST00779,Amit Joshi,PROD0051,Kids Wear Item 51,Clothing,Kids Wear,South,Tamil Nadu,Chennai,953.33,2,0.1,703.94,249.39,UPI
ORD0014196,2025-04-04,CUST00335,Sneha Patel,PROD0084,Paper Item 84,Office-Supplies,Paper,East,Bihar,Gaya,12290.45,5,0.0,8865.8,3424.65,Net Banking
ORD0011225,2025-04-30,CUST00414,Aryan Rao,PROD0089,Art Supplie Item 89,Office Supplies,Art Supplies,South,Tamil Nadu,Coimbatore,15901.63,6,0.2,13366.44,2535.19,Net Banking
ORD0013094,2025-04-02,CUST00442,Rahul Patel,PROD0025,Table Item 25,furniture,Tables,South,Tamil Nadu,Chennai,82918.27,3,0.1,58487.82,24430.45,Credit Card
ORD0013740,26 April 2025,CUST00075,Nikhil Sharma,PROD0026,Table Item 26,Furniture,Tables,South,Tamil Nadu,Coimbatore,18007.33,1,0.05,11602.43,6404.9,Credit Card
ORD0014030,2025-04-30,CUST00101,Arjun Rao,PROD0073,Staple Item 73,Grocery,Staples,East,West Bengal,Kolkata,327.29,5,0.1,229.7,97.59,UPI
ORD0013429,2025-04-24,CUST00357,Tanvi Joshi,PROD0054,Footwear Item 54,Clothing,Footwear,East,Odisha,Bhubaneswar,11132.55,4,0.25,9348.2,1784.35,Cash on Delivery
ORD0012788,2025-04-08,CUST00728,Pooja Verma,PROD0043,Men's Wear Item 43,Clothing,Men's Wear,East,West Bengal,Howrah,4847.64,7,0.2,4727.45,120.19,Debit Card
ORD0012740,2025-04-19,CUST00086,Diya Verma,PROD0037,Storage Unit Item 37,Furniture,Storage Units,South,Telangana,Hyderabad,4381.38,1,0.1,3793.36,588.02,Net Banking
ORD0013304,2025-04-08,CUST00382,Rajesh Rao,PROD0078,Personal Care Item 78,Grocery,Personal Care,South,Telangana,Warangal,752.1,2,0.0,540.52,211.58,Credit Card
ORD0014329,2025-04-04,CUST00399,Pallavi Khan,PROD0048,Women's Wear Item 48,Clothing,Women's Wear,West,Rajasthan,Jaipur,2974.4,1,0.2,2452.01,522.39,Credit Card
ORD0012892,2025-04-25,CUST00244,Arjun Singh,PROD0020,Camera Item 20,Electronics,Cameras,West,Maharashtra,Mumbai,275008.01,6,0.15,186066.84,88941.17,UPI
ORD0013780,2025-04-04,CUST00647,Rahul Sharma,PROD0076,Staple Item 76,Grocery,Staples,East,West Bengal,Kolkata,818.03,1,0.0,476.37,341.66,Net Banking
ORD0013819,2025-04-29,CUST00067,Aditi Singh,PROD0036,Sofa Item 36,furniture,Sofas,North,Punjab,Amritsar,32160.29,4,0.15,21093.88,20345.66,UPI
ORD0012300,2025-04-18,CUST00178,Pallavi Malhotra,PROD0094,Storage Item 94,Office Supplies,Storage,South,Tamil Nadu,Chennai,4611.54,1,0.0,3415.53,1196.01,UPI
ORD0013015,2025-04-15,CUST00764,Ananya Patel,PROD0094,Storage Item 94,Office Supplies,Storage,North,Delhi,New Delhi,11759.43,3,0.15,10246.59,1512.84,UPI
ORD0014397,2025-04-10,CUST00654,Rohan Gupta,PROD0095,Storage Item 95,Office Supplies,Storage,North,Punjab,Amritsar,6605.08,3,0.25,5848.68,756.4,Debit Card
ORD0013976,2025-04-16,CUST00132,Saanvi Rao,PROD0033,Sofa Item 33,Furniture,Sofas,East,Odisha,Cuttack,25025.2,1,0.25,22372.79,2652.41,Debit Card
ORD0013913,2025-04-20,CUST00014,Neha Chatterjee,PROD0080,Personal Care Item 80,Grocery,Personal Care,North,Haryana,Gurugram,1346.78,2,0.0,976.88,369.9,Net Banking
ORD0013056,2025-04-02,CUST00156,Riya Das,PROD0009,Television Item 9,Electronics,Televisions,South,Karnataka,Bengaluru,9122.56,2,0.2,6664.58,2457.98,Debit Card
ORD0011916,2025-04-11,CUST00347,Sneha Malhotra,PROD0099,Appliance Item 99,Office Supplies,Appliances,North,Delhi,Dwarka,6956.25,5,0.0,5245.1,1711.15,Credit Card
ORD0012488,2025-04-18,CUST00609,Sanya Mehta,PROD0085,,Office Supplies,Binders,North,Delhi,Rohini,213.34,1,0.1,154.08,59.26,Net Banking
ORD0011394,08-Apr-2025,CUST00329,Manish Das,PROD0073,Staple Item 73,Grocery,Staples,North,Delhi,Rohini,392.74,6,0.1,275.64,117.1,Credit Card
ORD0011798,2025-04-29,CUST00124,Manish Reddy,PROD0024,Chair Item 24,Furniture,Chairs,West,Maharashtra,Mumbai,125451.95,5,0.0,95698.95,29753.0,UPI
ORD0012461,2025-04-17,CUST00732,Vivaan Sharma,PROD0062,Beverage Item 62,Grocery,Beverages,South,Telangana,Warangal,4464.67,5,0.25,4064.95,399.72,UPI
ORD0012096,2025-04-12,CUST00363,Shreya Verma,PROD0085,Binder Item 85,Office Supplies,Binders,North,Punjab,Ludhiana,853.34,4,0.1,616.32,237.02,UPI
ORD0013301,16 April 2025,CUST00261,Arjun Patel,PROD0044,Men's Wear Item 44,Clothing,Men's Wear,North,Punjab,Ludhiana,9378.78,6,0.0,5275.8,4102.98,Credit Card
ORD0013458,2025-04-10,CUST00012,Kabir Rao,PROD0028,Table Item 28,Furniture,Tables,East,Odisha,Cuttack,164743.25,5,0.0,127181.35,37561.9,Cash on Delivery
ORD0013931,2025-04-13,CUST00006,Sanya Malhotra,PROD0058,Accessorie Item 58,Clothing,Accessories,West,Rajasthan,Udaipur,8937.83,6,0.05,5591.4,3346.43,UPI
ORD0013197,2025-04-02,CUST00786,Aditi Nair,PROD0045,Women's Wear Item 45,CLOTHING,Women's Wear,East,Odisha,Bhubaneswar,10968.23,7,0.0,8211.0,2757.23,Credit Card
ORD0014385,2025-04-01,CUST00521,Tanvi Chatterjee,PROD0038,Storage Unit Item 38,Furniture,Storage Units,West,Rajasthan,Udaipur,53083.94,5,,41407.35,11676.59,Credit Card
ORD0012100,2025-04-09,CUST00137,Ishaan Malhotra,PROD0018,Camera Item 18,Electronics,Cameras,South,Karnataka,Mysuru,186730.6,5,0.2,140445.55,46285.05,UPI
ORD0012290,2025-04-15,CUST00671,Vikram Patel,PROD0024,Chair Item 24,Furniture,Chairs,West,Maharashtra,Mumbai,23835.87,1,0.05,19139.79,4696.08,Debit Card
ORD0014299,2025-04-30,CUST00459,Vikram Joshi,PROD0076,Staple Item 76,Grocery,Staples,North,Haryana,Gurugram,3272.12,5,0.2,2381.85,890.27,Cash on Delivery
ORD0013754,2025-04-11,CUST00159,Tanvi Mehta,PROD0057,Accessorie Item 57,Clothing,Accessories,West,Maharashtra,Pune,5533.11,3,0.1,4841.58,691.53,Credit Card
ORD0011728,2025-04-15,CUST00837,Saanvi Joshi,PROD0048,Women's Wear Item 48,Clothing,Women's Wear,North,Punjab,Ludhiana,11154.0,3,0.0,7356.03,3797.97,Credit Card
ORD0013941,2025-04-16,CUST00339,Pooja Verma,PROD0033,Sofa Item 33,Furnitures,Sofas,South,Tamil Nadu,Chennai,56723.8,2,0.15,44745.58,11978.22,UPI
ORD0011852,2025-04-02,CUST00884,Sanya Khan,PROD0026,Table Item 26,Furniture,Tables,South,Karnataka,Mysuru,30328.13,2,0.2,23204.86,7123.27,Cash on Delivery
ORD0013141,2025-04-25,CUST00137,Ishaan Malhotra,PROD0037,Storage Unit Item 37,Furniture,Storage Units,South,Telangana,Warangal,13874.37,3,0.05,11380.08,2494.29,Net Banking
ORD0011332,2025-04-13,CUST00154,Ananya Singh,PROD0011,Television Item 11,Electronics,Televisions,East,Odisha,Cuttack,19367.67,3,0.1,16386.12,2981.55,Debit Card
ORD0011206,2025-04-30,CUST00568,Karan Sharma,PROD0002,Mobile Phone Item 2,Electronics,Mobile Phones,North,Delhi,Rohini,21127.41,6,0.15,16662.66,4464.75,UPI
ORD0014032,2025-04-19,CUST00304,Ananya Singh,PROD0035,Sofa Item 35,Furniture,Sofas,East,Bihar,Gaya,88924.72,5,0.1,59473.8,29450.92,Credit Card
ORD0012338,16-Apr-2025,CUST00220,Aditi Reddy,PROD0066,Snack Item 66,Grocery,Snacks,North,Delhi,New Delhi,1322.57,2,0.05,1016.22,306.35,Credit Card
ORD0013426,2025-04-27,CUST00178,Pallavi Malhotra,PROD0099,Appliance Item 99,Office Supplies,Appliances,North,Haryana,Gurugram,2504.25,2,0.1,2098.04,406.21,UPI
ORD0014000,2025-04-17,CUST00029,Vikram Patel,PROD0072,Dairy Item 72,Grocery,Dairy,East,West Bengal,Kolkata,4782.91,7,0.15,4027.38,755.53,Credit Card
ORD0011425,21 April 2025,CUST00262,Kabir Chatterjee,PROD0069,Dairy Item 69,Grocery,Dairy,South,Karnataka,Mysuru,887.44,2,0.0,578.64,308.8,Debit Card
ORD0012294,2025-04-02,CUST00510,Vivaan Verma,PROD0075,Staple Item 75,Grocery,Staples,North,Haryana,Gurugram,7278.04,7,0.0,4451.79,2826.25,Debit Card
ORD0012084,2025-04-22,CUST00127,Kabir Nair,PROD0085,Binder Item 85,Office-Supplies,Binders,West,Rajasthan,Udaipur,450.38,2,0.05,308.16,142.22,Debit Card
ORD0011564,2025-04-13,CUST00539,Tanvi Patel,PROD0053,Footwear Item 53,Clothing,Footwear,East,Odisha,Bhubaneswar,12669.36,6,0.2,10265.88,2403.48,UPI
ORD0012591,2025-04-18,CUST00179,Ishaan Rao,PROD0015,Headphone Item 15,Electronics,Headphones,South,Karnataka,Mysuru,107031.99,3,0.0,78538.2,28493.79,UPI
ORD0012033,09/04/2025,CUST00392,Diya Verma,PROD0100,Appliance Item 100,Office Supplies,Appliances,West,Maharashtra,Nagpur,23298.12,5,0.1,15323.05,7975.07,Credit Card
ORD0012187,2025-04-30,CUST00642,Kavya Joshi,PROD0049,Kids Wear Item 49,Clothing,Kids Wear,West,Rajasthan,Udaipur,2664.35,1,0.0,1466.93,1197.42,Credit Card
ORD0011811,2025-04-11,CUST00877,Karan Reddy,PROD0064,Beverage Item 64,GROCERY,Beverages,West,Gujarat,Ahmedabad,5413.43,5,0.05,3655.95,1757.48,Debit Card
ORD0011594,2025-04-21,CUST00236,Manish Joshi,PROD0078,Personal Care Item 78,Grocery,Personal Care,South,Karnataka,Bengaluru,1504.2,4,0.0,1081.04,423.16,UPI
ORD0013650,20 April 2025,CUST00534,Sneha Das,PROD0031,Bookcase Item 31,Furniture,Bookcases,West,Maharashtra,Mumbai,28725.94,2,0.25,25226.78,3499.16,Credit Card
ORD0014154,2025-04-06,CUST00603,Riya Rao,PROD0013,Headphone Item 13,Electronics,Headphones,South,Tamil Nadu,Coimbatore,42448.7,4,0.05,27404.6,15044.1,Debit Card
ORD0014012,2025-04-25,CUST00404,Vikram Verma,PROD0075,Staple Item 75,grocery,Staples,South,Karnataka,Bengaluru,3742.99,4,0.1,2543.88,1199.11,Net Banking
ORD0011314,2025-04-01,CUST00438,Aryan Singh,PROD0032,Bookcase Item 32,Furniture,Bookcases,West,Maharashtra,Pune,22550.59,5,0.15,15425.0,7125.59,Credit Card
ORD0014376,2025-04-28,CUST00324,Rahul Singh,PROD0071,Dairy Item 71,Grocery,Dairy,East,Odisha,Cuttack,746.3,6,0.2,668.76,77.54,Credit Card
ORD0013582,2025-04-22,CUST00560,Tanvi Khan,PROD0046,Women's Wear Item 46,Clothing,Women's Wear,North,Punjab,Amritsar,13671.1,7,0.25,13447.07,224.03,UPI
ORD0012886,2025-04-09,CUST00539,Tanvi Patel,PROD0016,Headphone Item 16,Electronics,Headphones,West,Maharashtra,Nagpur,56453.76,3,0.0,36289.23,20164.53,Credit Card
ORD0011745,2025-04-03,CUST00655,Neha Chatterjee,PROD0063,Beverage Item 63,Grocery,Beverages,West,Rajasthan,Jaipur,2062.95,3,0.15,1518.39,544.56,UPI
ORD0012105,2025-04-10,CUST00707,Rohan Joshi,PROD0077,Personal Care Item 77,Grocery,Personal Care,North,Haryana,Faridabad,366.43,1,0.0,214.24,152.19,Net Banking
ORD0012274,2025-04-27,CUST00616,Nikhil Mehta,PROD0093,Storage Item 93,Office Supplies,Storage,East,West Bengal,Howrah,28182.77,6,0.2,25936.86,2245.91,Credit Card
ORD0011941,2025-04-30,CUST00723,Ishaan Sharma,PROD0007,Laptop Item 7,Electronics,Laptops,East,Odisha,Bhubaneswar,86793.68,2,0.2,86375.14,418.54,Debit Card
ORD0011344,2025-04-27,CUST00322,Divya Khan,PROD0059,Accessorie Item 59,Clothing,Accessories,North,Punjab,Amritsar,8426.85,4,0.25,8556.08,-129.23,Debit Card
ORD0012407,2025-04-23,CUST00759,Priya Sharma,PROD0046,Women's Wear Item 46,clothing,Women's Wear,North,Delhi,Rohini,2213.42,1,0.15,1921.01,292.41,Credit Card
ORD0013909,25-Apr-2025,CUST00853,Sneha Chatterjee,PROD0074,Staple Item 74,Grocery,Staples,West,Gujarat,Surat,1387.4,5,0.0,1032.95,354.45,Net Banking
ORD0012428,2025-04-16,CUST00181,Divya Rao,PROD0024,Chair Item 24,Furniture,Chairs,East,West Bengal,Howrah,175632.73,7,0.0,133978.53,41654.2,Debit Card
ORD0011375,2025-04-10,CUST00027,Arjun Khan,PROD0032,Bookcase Item 32,Furniture,Bookcases,South,Telangana,Hyderabad,16979.26,4,0.2,12340.0,4639.26,Debit Card
ORD0011638,23 April 2025,CUST00676,Vivaan Reddy,PROD0076,Staple Item 76,Grocery,Staples,North,Delhi,Dwarka,4662.77,6,,2858.22,1804.55,UPI
ORD0013880,03-Apr-2025,CUST00345,Rahul Joshi,PROD0052,Kids Wear Item 52,Clothing,Kids Wear,South,Telangana,Warangal,777.41,1,0.0,457.18,320.23,Credit Card
ORD0011554,2025-04-18,CUST00188,Amit Verma,PROD0019,Camera Item 19,Electronics,Cameras,North,Delhi,Rohini,226320.08,4,0.0,131302.72,95017.36,UPI
ORD0013977,2025-04-20,CUST00194,Aditi Chatterjee,PROD0057,Accessorie Item 57,Clothing,Accessories,West,Rajasthan,Udaipur,13627.84,7,0.05,11297.02,2330.82,Credit Card
ORD0012961,20/04/2025,CUST00717,Kabir Singh,PROD0074,Staple Item 74,Grocery,Staples,East,West Bengal,Kolkata,1664.88,6,0.0,1239.54,425.34,Debit Card
ORD0011723,19-Apr-2025,CUST00598,Sanya Das,PROD0059,Accessorie Item 59,Clothing,Accessories,West,Maharashtra,Pune,2808.95,1,0.0,2139.02,669.93,Debit Card
ORD0013175,2025-04-06,CUST00269,Rahul Verma,PROD0094,Storage Item 94,Office-Supplies,Storage,North,Punjab,Amritsar,22135.39,6,0.2,20493.18,1642.21,Credit Card
ORD0011213,2025-04-08,CUST00146,Nikhil Iyer,PROD0054,Footwear Item 54,Cloths,Footwear,North,Haryana,Gurugram,7050.62,2,0.05,4674.1,4980.07,UPI
ORD0013888,2025-04-23,CUST00648,Rajesh Singh,PROD0037,Storage Unit Item 37,Furniture,Storage Units,North,Delhi,Dwarka,4868.2,1,0.0,3793.36,1074.84,Credit Card
ORD0014313,22 April 2025,CUST00602,Pallavi Joshi,PROD0050,Kids Wear Item 50,Clothing,Kids Wear,South,Telangana,Hyderabad,17889.57,5,,12328.4,5561.17,UPI
ORD0011477,2025-04-12,CUST00544,Nikhil Malhotra,PROD0013,Headphone Item 13,Electronics,Headphones,North,Delhi,Dwarka,10612.17,1,0.05,6851.15,3761.02,Cash on Delivery
ORD0011778,29/04/2025,CUST00424,Ishaan Sharma,PROD0007,Laptop Item 7,Electronics,Laptops,North,Punjab,Amritsar,276654.86,6,0.15,259125.42,17529.44,Debit Card
ORD0013536,2025-04-24,CUST00311,Rahul Khan,PROD0078,Personal Care Item 78,Grocery,Personal Care,South,Telangana,Hyderabad,1203.36,4,0.2,1081.04,122.32,Debit Card
ORD0011628,2025-04-16,CUST00202,Ananya Malhotra,PROD0075,Staple Item 75,Grocery,Staples,East,Bihar,Gaya,4158.88,4,0.0,2543.88,1615.0,Debit Card
ORD0012483,2025-04-24,CUST00242,Rohan Joshi,PROD0018,Camera Item 18,Electronics,Cameras,East,West Bengal,Howrah,221742.59,5,0.05,140445.55,81297.04,Cash on Delivery
ORD0013523,2025-04-02,CUST00208,Aarav Das,PROD0017,Camera Item 17,Electronics,Cameras,West,Rajasthan,Udaipur,42812.83,2,0.15,37272.54,5540.29,Credit Card
ORD0013789,2025-04-27,CUST00281,Vikram Sharma,PROD0097,Appliance Item 97,Office Supplies,Appliances,East,West Bengal,Kolkata,5420.97,4,0.25,4441.24,979.73,Credit Card
ORD0014083,2025-04-30,CUST00342,Rajesh Malhotra,PROD0090,Art Supplie Item 90,Office Supplies,Art Supplies,South,Tamil Nadu,Coimbatore,17234.95,6,,14558.46,2676.49,Debit Card
ORD0012818,2025-04-13,CUST00329,Manish Das,PROD0080,Personal Care Item 80,Grocery,Personal Care,East,Bihar,Gaya,3434.29,6,0.15,2930.64,503.65,Debit Card
ORD0012010,2025-04-26,CUST00198,Tanvi Chatterjee,PROD0030,Bookcase Item 30,Furniture,Bookcases,West,Gujarat,Ahmedabad,29883.94,2,0.15,23992.82,5891.12,Debit Card
ORD0013173,2025-04-29,CUST00395,Vikram Sharma,PROD0058,Accessorie Item 58,Clothing,Accessories,South,Tamil Nadu,Coimbatore,4704.12,3,0.0,2795.7,1908.42,UPI
ORD0012767,2025-04-20,CUST00380,Diya Mehta,PROD0086,Binder Item 86,Office Supplies,Binders,North,Delhi,New Delhi,19736.74,5,0.25,18488.25,1248.49,UPI
ORD0011323,2025-04-17,CUST00644,Sneha Gupta,PROD0019,Camera Item 19,electronics,Cameras,North,Haryana,Gurugram,339480.12,6,0.0,196954.08,142526.04,Debit Card
ORD0014165,2025-04-29,CUST00885,Aditi Gupta,PROD0032,Bookcase Item 32,Furniture,Bookcases,South,Tamil Nadu,Coimbatore,15918.06,3,0.0,9255.0,6663.06,UPI
ORD0014200,2025-04-06,CUST00878,Karan Nair,PROD0005,Laptop Item 5,Electronics,Laptops,East,West Bengal,Howrah,87844.61,6,0.1,60875.7,26968.91,Credit Card
ORD0013305,2025-04-18,CUST00622,Rajesh Khan,PROD0016,Headphone Item 16,Electronics,Headphones,North,Punjab,Amritsar,50808.38,3,0.1,36289.23,14519.15,Debit Card
ORD0013291,2025-04-09,CUST00674,Divya Mehta,PROD0094,Storage Item 94,Office Supplies,Storage,North,Haryana,Gurugram,25824.62,7,0.2,23908.71,1915.91,Debit Card
ORD0012398,2025-04-04,CUST00099,Arjun Verma,PROD0083,Paper Item 83,Office-Supplies,Paper,West,Rajasthan,Jaipur,7167.24,4,0.1,6323.36,843.88,Cash on Delivery
ORD0014194,2025-04-06,CUST00560,Tanvi Khan,PROD0021,Chair Item 21,Furniture,Chairs,East,Odisha,Bhubaneswar,26587.6,3,0.1,22499.61,4087.99,Credit Card
ORD0012269,2025-04-02,CUST00031,Sneha Mehta,PROD0039,Storage Unit Item 39,Furniture,Storage Units,West,Maharashtra,Mumbai,25055.22,2,0.25,21718.3,3336.92,UPI
ORD0011418,2025-04-04,CUST00273,Nikhil Sharma,PROD0031,Bookcase Item 31,Furniture,Bookcases,West,Rajasthan,Udaipur,19150.63,1,0.0,12613.39,6537.24,Cash on Delivery
ORD0014236,2025-04-15,CUST00527,Sanya Malhotra,PROD0034,Sofa Item 34,Furniture,Sofas,West,Rajasthan,Jaipur,210417.67,7,0.1,138149.55,72268.12,Debit Card
ORD0014466,2025-04-08,CUST00861,Aditi Mehta,PROD0049,Kids Wear Item 49,Clothing,Kids Wear,East,Odisha,Cuttack,15986.1,6,0.0,8801.58,7184.52,UPI
ORD0013719,09 April 2025,CUST00866,Shreya Rao,PROD0082,Paper Item 82,Office Supplies,Paper,North,Haryana,Faridabad,7223.09,6,0.25,6802.86,420.23,Debit Card
ORD0011440,2025-04-19,CUST00674,Divya Mehta,PROD0081,Paper Item 81,Office Supplies,Paper,East,Odisha,Cuttack,22888.96,5,0.2,20099.8,2789.16,Cash on Delivery
ORD0014333,2025-04-11,CUST00086,Diya Verma,PROD0049,Kids Wear Item 49,Clothing,Kids Wear,East,Odisha,Bhubaneswar,10657.4,4,0.0,5867.72,4789.68,Net Banking
ORD0012349,2025-04-30,CUST00687,Rahul Reddy,PROD0002,Mobile Phone Item 2,Electronics,Mobile Phones,West,Gujarat,Ahmedabad,28998.41,7,0.0,19439.77,9558.64,UPI
ORD0013147,2025-04-28,CUST00189,Manish Mehta,PROD0025,Table Item 25,Furniture,Tables,North,Delhi,Rohini,46065.7,2,0.25,38991.88,7073.82,Credit Card
ORD0012589,2025-04-06,CUST00591,Karan Rao,PROD0021,Chair Item 21,Furniture,Chairs,South,Telangana,Hyderabad,15755.62,2,0.2,14999.74,755.88,UPI
ORD0013055,2025-04-28,CUST00143,Rahul Malhotra,PROD0082,Paper Item 82,Office Supplies,Paper,East,Bihar,Patna,6420.52,4,0.0,4535.24,1885.28,Debit Card
ORD0011674,07 April 2025,CUST00573,Ananya Khan,PROD0025,Table Item 25,Furniture,Tables,East,West Bengal,Kolkata,153552.35,5,0.0,97479.7,56072.65,Credit Card
ORD0012286,2025-04-21,CUST00704,Arjun Chatterjee,PROD0093,Storage Item 93,Office Supplies,Storage,North,Delhi,Dwarka,10568.54,2,0.1,8645.62,1922.92,Credit Card
ORD0011522,2025-04-13,CUST00829,Divya Chatterjee,PROD0100,Appliance Item 100,Office Supplies,Appliances,South,Tamil Nadu,Coimbatore,15532.08,3,0.0,9193.83,6338.25,UPI
ORD0013377,2025-04-07,CUST00495,Rohan Joshi,PROD0098,Appliance Item 98,Office Supplies,Appliances,East,Bihar,Gaya,16007.26,5,0.1,11605.2,4402.06,Credit Card
ORD0013984,2025-04-27,CUST00698,Meera Kumar,PROD0045,Women's Wear Item 45,Clothing,Women's Wear,South,Telangana,Warangal,3995.57,3,0.15,3519.0,476.57,Credit Card
ORD0013319,2025-04-25,CUST00714,Aryan Rao,PROD0098,Appliance Item 98,Office Supplies,Appliances,West,Gujarat,Surat,6047.19,2,0.15,4642.08,1405.11,UPI
ORD0011358,2025-04-08,CUST00433,Divya Mehta,PROD0012,Television Item 12,Electronics,Televisions,North,Punjab,Amritsar,236755.51,7,0.1,180352.76,56402.75,Credit Card
ORD0013587,2025-04-07,CUST00645,Diya Kumar,PROD0032,Bookcase Item 32,FURNITURE,Bookcases,East,Odisha,Cuttack,290838.86,2,0.25,6170.0,4778.06,Cash on Delivery
ORD0014486,2025-04-30,CUST00378,Vikram Khan,PROD0064,Beverage Item 64,Grocery,Beverages,East,Odisha,Cuttack,82729.62,5,0.2,3655.95,902.73,Net Banking
ORD0011989,2025-04-10,CUST00893,Tanvi Gupta,PROD0032,Bookcase Item 32,Furniture,Bookcases,North,Haryana,Gurugram,21224.08,5,0.2,15425.0,5799.08,Debit Card
ORD0011376,2025-04-06,CUST00594,Ishaan Kumar,PROD0075,Staple Item 75,Grocery,Staples,East,Odisha,Bhubaneswar,4418.81,5,0.15,3179.85,1238.96,Credit Card
ORD0013390,04-07-2025,CUST00014,Neha Chatterjee,PROD0063,Beverage Item 63,Grocery,Beverages,North,Delhi,New Delhi,809.0,1,0.0,506.13,302.87,Cash on Delivery
ORD0013497,2025-04-14,CUST00010,Divya Khan,PROD0081,Paper Item 81,Office Supplies,Paper,West,Maharashtra,Mumbai,10300.03,2,0.1,8039.92,2260.11,Credit Card
ORD0013766,2025-04-19,CUST00629,Meera Singh,PROD0022,Chair Item 22,Furniture,Chairs,South,Karnataka,Bengaluru,41284.85,7,0.15,31735.55,9549.3,Debit Card
ORD0012650,2025-04-19,CUST00258,Rajesh Verma,PROD0018,Camera Item 18,Electronics,Cameras,North,Delhi,New Delhi,119040.76,,0.15,84267.33,34773.43,Debit Card
ORD0013071,2025-04-13,CUST00316,Manish Nair,PROD0058,Accessorie Item 58,Clothing,Accessories,West,Rajasthan,Udaipur,8937.83,6,0.05,5591.4,3346.43,Credit Card
ORD0012812,2025-04-20,CUST00267,Ishaan Iyer,PROD0088,Binder Item 88,Office Supplies,Binders,West,Rajasthan,Udaipur,10277.02,2,0.0,6480.22,3796.8,Net Banking
ORD0012494,2025-04-16,CUST00707,Rohan Joshi,PROD0006,Laptop Item 6,Electronics,Laptops,West,Rajasthan,Jaipur,242765.3,7,0.25,248972.85,-6207.55,Credit Card
ORD0012447,04-09-2025,CUST00128,Riya Patel,PROD0040,Storage Unit Item 40,Furniture,Storage Units,West,Maharashtra,Pune,60769.6,4,0.2,45334.88,41077.32,UPI
ORD0012917,2025-04-15,CUST00779,Amit Joshi,PROD0032,Bookcase Item 32,Furniture,Bookcases,South,Tamil Nadu,Coimbatore,10612.04,2,0.0,6170.0,4442.04,Credit Card
ORD0011998,2025-04-25,CUST00601,Amit Khan,PROD0082,Paper Item 82,office supplies,Paper,South,Telangana,Hyderabad,8426.93,7,0.25,7936.67,490.26,UPI
ORD0013915,2025-04-10,CUST00331,Kabir Mehta,PROD0034,Sofa Item 34,Furniture,Sofas,North,Punjab,Amritsar,133598.52,4,0.0,78942.6,54655.92,Credit Card
ORD0012774,2025-04-27,CUST00586,Karan Das,PROD0097,Appliance Item 97,Office Supplies,Appliances,West,Maharashtra,Nagpur,4065.73,3,0.25,3330.93,734.8,Credit Card
ORD0012024,2025-04-26,CUST00259,Amit Verma,PROD0081,Paper Item 81,Office Supplies,Paper,West,Maharashtra,Nagpur,36050.11,7,0.1,28139.72,7910.39,Credit Card
ORD0013685,2025-04-17,CUST00352,Kabir Patel,PROD0099,Appliance Item 99,Office Supplies,Appliances,West,Rajasthan,Udaipur,5217.19,5,0.25,5245.1,-58.88,Credit Card
ORD0011521,2025-04-16,CUST00226,Rajesh Rao,PROD0096,Storage Item 96,Office Supplies,Storage,East,Odisha,Cuttack,6069.36,4,,4316.56,1752.8,Credit Card
ORD0012452,2025-04-10,CUST00489,Aditi Kumar,PROD0012,Television Item 12,Electronics,Televisions,South,Telangana,Warangal,223602.43,7,0.15,180352.76,43249.67,Net Banking
ORD0012563,2025-04-02,CUST00617,Pallavi Mehta,PROD0044,Men's Wear Item 44,Clothing,Men's Wear,West,Gujarat,Ahmedabad,10941.91,7,0.0,6155.1,4786.81,UPI
ORD0013948,2025-04-25,CUST00763,Karan Sharma,PROD0021,Chair Item 21,Furniture,Chairs,North,Punjab,Ludhiana,49236.3,5,0.0,37499.35,11736.95,Cash on Delivery
ORD0013952,22 April 2025,CUST00837,Saanvi Joshi,PROD0052,Kids Wear Item 52,Clothing,Kids Wear,West,Gujarat,Ahmedabad,4431.24,6,0.05,2743.08,1688.16,UPI
ORD0011642,2025-04-17,CUST00444,Vivaan Gupta,PROD0060,Accessorie Item 60,Clothing,Accessories,South,Tamil Nadu,Coimbatore,2244.7,5,0.0,1486.9,757.8,Credit Card
ORD0013058,2025-04-03,CUST00843,Arjun Singh,PROD0047,Women's Wear Item 47,Clothing,Women's Wear,East,West Bengal,Howrah,11651.22,4,0.1,7806.16,3845.06,Debit Card
ORD0012518,2025-04-13,CUST00278,Pallavi Singh,PROD0032,Bookcase Item 32,Furniture,Bookcases,North,Haryana,Gurugram,26530.1,5,0.0,15425.0,11105.1,Credit Card
ORD0012362,2025-04-01,CUST00016,Rahul Gupta,PROD0040,Storage Unit Item 40,Furniture,Storage Units,East,Odisha,Cuttack,18040.97,1,0.05,11333.72,6707.25,Net Banking
ORD0012400,2025-04-15,CUST00662,Vikram Rao,PROD0018,Camera Item 18,Electronics,Cameras,East,Odisha,Bhubaneswar,252086.31,6,0.1,168534.66,83551.65,Net Banking
ORD0013934,2025-04-27,CUST00276,Nikhil Reddy,PROD0099,Appliance Item 99,Office Supplies,Appliances,South,Telangana,Warangal,8347.5,6,0.0,6294.12,2053.38,UPI
ORD0013878,2025-04-19,CUST00248,Saanvi Reddy,PROD0016,Headphone Item 16,Electronics,Headphones,South,Telangana,Hyderabad,112907.52,6,0.0,72578.46,40329.06,UPI
ORD0014098,2025-04-17,CUST00196,Manish Patel,PROD0069,Dairy Item 69,Grocery,Dairy,East,Odisha,Cuttack,421.53,1,0.05,289.32,132.21,UPI
ORD0011683,2025-04-18,CUST00274,Neha Kumar,PROD0037,Storage Unit Item 37,Furniture,Storage Units,West,Maharashtra,Mumbai,29209.2,6,0.0,22760.16,6449.04,Debit Card
ORD0012536,2025-04-02,CUST00774,Aryan Chatterjee,PROD0003,Mobile Phone Item 3,Electronics,Mobile Phones,East,West Bengal,Kolkata,92193.5,2,0.2,82182.42,10011.08,Credit Card
ORD0014197,2025-04-08,CUST00888,Shreya Patel,PROD0032,Bookcase Item 32,Furniture,Bookcases,East,Odisha,Bhubaneswar,25203.6,5,0.05,15425.0,9778.6,Debit Card
ORD0013762,2025-04-30,CUST00119,Riya Reddy,PROD0026,Table Item 26, Furniture,Tables,North,Delhi,New Delhi,37910.16,2,0.0,23204.86,14705.3,Credit Card
ORD0013299,2025-04-02,CUST00682,Arjun Gupta,PROD0084,Paper Item 84,Office Supplies,Paper,North,Delhi,New Delhi,8357.51,4,0.15,7092.64,1264.87,Credit Card
ORD0014391,2025-04-15,CUST00333,Pooja Mehta,PROD0010,Television Item 10,Electronics,Televisions,North,Haryana,Gurugram,19311.29,1,0.0,13290.5,6020.79,Credit Card
ORD0011313,2025-04-15,CUST00704,Arjun Chatterjee,PROD0068,Snack Item 68,Grocery,Snacks,South,Tamil Nadu,Chennai,2022.36,4,0.05,1515.2,507.16,Debit Card
ORD0012676,2025-04-28,CUST00504,Divya Singh,PROD0076,Staple Item 76,Grocery,Staples,West,Gujarat,Surat,4171.95,6,0.15,2858.22,1313.73,Net Banking
ORD0012008,2025-04-08,CUST00415,Divya Sharma,PROD0006,Laptop Item 6,Electronics,Laptops,West,Gujarat,Surat,231205.05,5,0.0,177837.75,53367.3,Credit Card
ORD0012663,2025-04-08,CUST00283,Amit Gupta,PROD0039,Storage Unit Item 39,Furniture,Storage Units,South,Tamil Nadu,Chennai,83517.4,5,0.0,54295.75,29221.65,UPI
ORD0011523,2025-04-30,CUST00766,Aditi Sharma,PROD0029,Bookcase Item 29,Furniture,Bookcases,West,Maharashtra,Nagpur,93111.28,4,0.15,74425.0,18686.28,Net Banking
ORD0011892,2025-04-13,CUST00609,Sanya Mehta,PROD0034,Sofa Item 34,Furniture,Sofas,North,Punjab,Amritsar,190377.89,6,0.05,118413.9,71963.99,UPI
ORD0014060,02-Apr-2025,CUST00091,Rajesh Patel,PROD0062,Beverage Item 62,Grocery,Beverages,East,Bihar,Patna,4762.32,5,0.2,4064.95,697.37,Debit Card
ORD0012937,2025-04-26,CUST00405,Kavya Malhotra,PROD0083,Paper Item 83,Office Supplies,Paper,West,Gujarat,Surat,1791.81,1,0.1,1580.84,210.97,Debit Card
ORD0012726,2025-04-12,CUST00561,Aarav Verma,PROD0072,Dairy Item 72,Grocery,Dairy,North,Delhi,Dwarka,723.46,1,0.1,575.34,148.12,UPI
ORD0012381,2025-04-19,CUST00185,Aarav Joshi,PROD0027,Table Item 27,Furniture,Tables,North,Delhi,Dwarka,33019.34,4,0.1,21657.52,11361.82,UPI
ORD0012931,2025-04-04,CUST00279,,PROD0094,Storage Item 94,Office Supplies,Storage,East,West Bengal,Kolkata,4150.39,1,0.1,3415.53,734.86,Credit Card
ORD0012784,2025-04-20,CUST00055,Priya Mehta,PROD0079,Personal Care Item 79,Grocery,Personal Care,North,Delhi,Rohini,932.35,1,0.15,658.82,273.53,Debit Card
ORD0011482,2025-04-02,CUST00009,Sanya Patel,PROD0037,Storage Unit Item 37,Furniture,Storage Units,South,Karnataka,Bengaluru,9249.58,2,0.05,7586.72,1662.86,UPI
ORD0014317,2025-04-13,CUST00841,Rajesh Sharma,PROD0061,Beverage Item 61,Grocery,Beverages,North,Delhi,Dwarka,4305.44,5,0.2,3968.55,336.89,Credit Card
ORD0014446,2025-04-12,CUST00610,Nikhil Khan,PROD0050,Kids Wear Item 50,Clothing,Kids Wear,South,Karnataka,Mysuru,7950.92,2,0.0,4931.36,4544.47,UPI
ORD0012295,2025-04-04,CUST00405,Kavya Malhotra,PROD0004,Mobile Phone Item 4,Electronics,Mobile Phones,West,Gujarat,Ahmedabad,152435.65,5,0.0,88057.95,64377.7,Debit Card
ORD0012910,2025-04-18,CUST00736,Amit Mehta,PROD0064,Beverage Item 64,Grocery,Beverages,West,Gujarat,Surat,2165.37,2,0.05,1462.38,702.99,Net Banking
ORD0011429,2025-04-07,CUST00266,Pooja Patel,PROD0001,Mobile Phone Item 1,Electronics,Mobile Phones,East,Bihar,Patna,122835.07,5,,88854.55,33980.52,Credit Card
ORD0011539,2025-04-02,CUST00833,Sanya Reddy,PROD0033,Sofa Item 33,FURNITURE,Sofas,West,Rajasthan,Udaipur,66733.88,2,0.0,44745.58,21988.3,Net Banking
ORD0012519,2025-04-01,CUST00600,Nikhil Kumar,PROD0072,Dairy Item 72,Grocery,Dairy,East,Odisha,Bhubaneswar,2411.55,3,0.0,1726.02,685.53,UPI
ORD0013746,2025-04-29,CUST00508,Sanya Chatterjee,PROD0089,Art Supplie Item 89,Office Supplies,Art Supplies,North,Haryana,Gurugram,16564.2,5,0.0,11138.7,5425.5,UPI
ORD0013157,2025-04-17,CUST00637,Sneha Das,PROD0003,Mobile Phone Item 3,Electronics,Mobile Phones,West,Rajasthan,Udaipur,342844.59,7,0.15,287638.47,55206.12,Credit Card
ORD0013682,2025-04-30,CUST00179,Ishaan Rao,PROD0077,Personal Care Item 77,Grocery,Personal Care,West,Rajasthan,Jaipur,2088.65,6,0.05,1285.44,803.21,UPI
ORD0013986,2025-04-18,CUST00852,Aryan Gupta,PROD0020,Camera Item 20,Electronics,Cameras,West,Gujarat,Ahmedabad,242654.13,5,0.1,155055.7,87598.43,UPI
ORD0013261,2025-04-20,CUST00346,Pallavi Joshi,PROD0005,Laptop Item 5,Electronics,Laptops,West,Maharashtra,Pune,65070.08,4,0.0,40583.8,24486.28,Debit Card
ORD0013763,28 April 2025,CUST00610,Nikhil Khan,PROD0031,Bookcase Item 31,Furniture,Bookcases,South,Karnataka,Mysuru,14362.97,1,0.25,12613.39,1749.58,UPI
ORD0011511,2025-04-05,CUST00104,Manish Malhotra,PROD0045,Women's Wear Item 45,Cloths,Women's Wear,East,Odisha,Bhubaneswar,1331.86,1,0.15,1173.0,158.86,Net Banking
ORD0014112,2025-04-29,CUST00628,Riya Verma,PROD0068,Snack Item 68,Grocery,Snacks,East,Bihar,Patna,532.2,1,0.0,378.8,153.4,Debit Card
ORD0011814,2025-04-12,CUST00076,Divya Iyer,PROD0095,Storage Item 95,Office Supplies,Storage,South,Tamil Nadu,Chennai,5284.06,2,0.1,3899.12,1384.94,Credit Card
ORD0012469,2025-04-18,CUST00878,Karan Nair,PROD0012,Television Item 12,Electronics,Televisions,East,Bihar,Patna,142804.91,4,0.05,103058.72,39746.19,UPI
ORD0011311,2025-04-23,CUST00493,Pooja Das,PROD0061,Beverage Item 61,Grocery,Beverages,East,West Bengal,Kolkata,7534.52,7,0.0,5555.97,1978.55,UPI
ORD0013088,10 April 2025,CUST00217,Nikhil Patel,PROD0054,Footwear Item 54,Clothing,Footwear,West,Rajasthan,Udaipur,21151.84,6,0.05,14022.3,7129.54,UPI
ORD0011984,2025-04-07,CUST00710,Divya Khan,PROD0010,Television Item 10,Electronics,Televisions,West,Maharashtra,Pune,73382.9,4,0.05,53162.0,20220.9,Cash on Delivery
ORD0011284,2025-04-08,CUST00280,Shreya Chatterjee,PROD0019,Camera Item 19,Electronics,Cameras,East,Bihar,Gaya,113160.04,2,0.0,65651.36,47508.68,Debit Card
ORD0013910,2025-04-07,CUST00010,Divya Khan,PROD0042,Men's Wear Item 42,Clothing,Men's Wear,East,West Bengal,Kolkata,9740.7,4,0.2,8123.64,1617.06,Debit Card
ORD0014264,2025-04-29,CUST00590,Rohan Sharma,PROD0030,Bookcase Item 30,Furniture,Bookcases,East,Odisha,Cuttack,44825.91,3,0.15,35989.23,8836.68,Debit Card
ORD0012225,2025-04-25,CUST00040,Vikram Das,PROD0095,Storage Item 95,Office Supplies,Storage,West,Maharashtra,Nagpur,2935.59,1,0.0,1949.56,986.03,UPI
ORD0012204,2025-04-25,CUST00576,Kavya Singh,PROD0097,Appliance Item 97,Office Supplies,Appliances,West,Maharashtra,Mumbai,9757.75,6,0.1,6661.86,3095.89,Debit Card
ORD0012116,2025-04-12,CUST00604,Sanya Mehta,PROD0100,Appliance Item 100,Office Supplies,Appliances,West,Maharashtra,Mumbai,13978.87,3,0.1,9193.83,4785.04,Debit Card
ORD0014444,2025-04-02,CUST00322,Divya Khan,PROD0027,Table Item 27,Furniture,Tables,West,Maharashtra,Mumbai,15592.47,2,0.15,10828.76,4763.71,Credit Card
ORD0014111,2025-04-14,CUST00789,Vikram Joshi,PROD0088,Binder Item 88,Office Supplies,Binders,West,Rajasthan,Udaipur,23123.3,6,0.25,19440.66,3682.64,Cash on Delivery
ORD0011896,2025-04-22,CUST00360,Rohan Kumar,PROD0080,Personal Care Item 80,Grocery,Personal Care,East,Odisha,Cuttack,2693.56,4,0.0,1953.76,739.8,UPI
ORD0011362,2025-04-01,CUST00823,Diya Iyer,PROD0040,Storage Unit Item 40,Furniture,Storage Units,North,Delhi,Dwarka,28485.75,2,0.25,22667.44,5818.31,Credit Card
ORD0014416,2025-04-24,CUST00816,Pooja Rao,PROD0024,Chair Item 24,furniture,Chairs,West,Rajasthan,Jaipur,25090.39,1,0.0,19139.79,5950.6,Credit Card
ORD0012466,2025-04-08,CUST00893,Tanvi Gupta,PROD0029,Bookcase Item 29,Furniture,Bookcases,West,Gujarat,Ahmedabad,156098.32,6,0.05,111637.5,44460.82,Cash on Delivery
ORD0011953,2025-04-01,CUST00544,Nikhil Malhotra,PROD0019,Camera Item 19,Electronics,Cameras,West,Gujarat,Ahmedabad,unknown,3,0.25,98477.04,28828.0,Debit Card
ORD0011942,2025-04-08,CUST00794,Nikhil Verma,PROD0058,Accessorie Item 58,Clothing,Accessories,South,Telangana,Hyderabad,8467.42,6,0.1,5591.4,2876.02,Credit Card
ORD0013514,2025-04-13,CUST00494,Karan Nair,PROD0083,Paper Item 83,Office Supplies,Paper,West,Rajasthan,Udaipur,6769.06,4,0.15,6323.36,887.79,UPI
ORD0012094,2025-04-30,CUST00665,Aryan Nair,PROD0006,Laptop Item 6,Electronics,Laptops,East,West Bengal,Kolkata,87857.92,2,0.05,71135.1,16722.82,Net Banking
ORD0011573,2025-04-26,CUST00430,Aryan Joshi,PROD0009,Television Item 9,Electronics,Televisions,South,Tamil Nadu,Chennai,4276.2,1,0.25,3332.29,943.91,Net Banking
ORD0012406,2025-04-16,CUST00072,Saanvi Reddy,PROD0014,Headphone Item 14,Electronics,Headphones,West,Gujarat,Surat,60918.2,7,0.2,58099.44,2818.76,UPI
ORD0013415,2025-04-09,CUST00603,Riya Rao,PROD0041,Men's Wear Item 41,CLOTHING,Men's Wear,West,Maharashtra,Mumbai,11873.49,4,0.25,11945.96,-72.47,Cash on Delivery
ORD0012354,2025-04-01,CUST00829,Divya Chatterjee,PROD0023,Chair Item 23,Furniture,Chairs,West,Maharashtra,Pune,12948.15,1,0.2,9894.25,3053.9,Credit Card
ORD0012103,2025-04-07,,Pallavi Rao,PROD0023,Chair Item 23,Furniture,Chairs,East,Odisha,Bhubaneswar,46127.79,3,0.05,29682.75,16445.04,Net Banking
ORD0014487,2025-04-27,CUST00074,Vivaan Gupta,PROD0041,Men's Wear Item 41,Clothing,Men's Wear,East,Bihar,Gaya,23746.98,6,0.0,17918.94,5828.04,UPI
ORD0012289,2025-04-23,CUST00358,Sneha Joshi,PROD0093,Storage Item 93,Office Supplies,Storage,North,Haryana,Gurugram,29357.05,5,0.0,21614.05,7743.0,Debit Card
ORD0011489,2025-04-27,CUST00150,Saanvi Sharma,PROD0061,Beverage Item 61,Grocery,Beverages,South,Telangana,Warangal,4843.62,5,0.1,3968.55,875.07,UPI
ORD0012957,2025-04-29,CUST00794,Nikhil Verma,PROD0086,Binder Item 86,Office Supplies,Binders,South,Tamil Nadu,Coimbatore,19736.74,5,0.25,18488.25,1248.49,Cash on Delivery
ORD0014192,2025-04-25,CUST00022,Tanvi Nair,PROD0085,Binder Item 85,Office Supplies,Binders,North,Delhi,New Delhi,948.16,5,0.2,770.4,177.76,UPI
ORD0013046,2025-04-10,CUST00508,Sanya Chatterjee,PROD0042,Men's Wear Item 42,Clothing,Men's Wear,South,Tamil Nadu,Chennai,8675.31,3,0.05,6092.73,2582.58,UPI
ORD0012552,2025-04-18,CUST00687,Rahul Reddy,PROD0092,Art Supplie Item 92,Office Supplies,Art Supplies,North,Delhi,Dwarka,19983.1,4,0.1,16893.04,3090.06,Credit Card
ORD0011671,2025-04-21,CUST00360,Rohan Kumar,PROD0067,Snack Item 67,Grocery,Snacks,West,Rajasthan,Jaipur,635.27,-1,,493.46,141.81,UPI
ORD0013146,04-23-2025,CUST00535,Arjun Sharma,PROD0086,Binder Item 86,Office Supplies,Binders,North,Haryana,Gurugram,15789.39,3,0.0,11092.95,4696.44,Net Banking
ORD0011337,2025-04-04,CUST00288,Aarav Nair,PROD0009,Television Item 9,Electronics,Televisions,East,West Bengal,Kolkata,29933.4,7,0.25,23326.03,6607.37,Cash on Delivery
ORD0014019,24 April 2025,CUST00729,Pallavi Khan,PROD0006,Laptop Item 6,Electronics,Laptops,South,Tamil Nadu,Chennai,147971.23,4,0.2,142270.2,5701.03,UPI
ORD0011969,2025-04-02,CUST00245,Manish Kumar,PROD0093,Storage Item 93,OFFICE SUPPLIES,Storage,East,West Bengal,Howrah,41099.87,7,0.0,30259.67,10840.2,Credit Card
ORD0013354,2025-04-17,CUST00781,Saanvi Iyer,PROD0092,Art Supplie Item 92,Office Supplies,Art Supplies,North,Punjab,Ludhiana,18872.92,4,0.15,16893.04,1979.88,Net Banking
ORD0011652,14/04/2025,CUST00169,Rajesh Nair,PROD0052,Kids Wear Item 52,CLOTHING,Kids Wear,West,Maharashtra,Pune,3498.34,6,0.25,2743.08,755.26,Credit Card
ORD0011830,2025-04-23,CUST00376,Rajesh Patel,PROD0015,Headphone Item 15,Electronics,Headphones,East,Bihar,Gaya,107031.99,3,0.0,78538.2,28493.79,Credit Card
ORD0014426,2025-04-21,CUST00459,Vikram Joshi,PROD0096,Storage Item 96,Office Supplies,Storage,West,Gujarat,Surat,9028.17,7,0.15,7553.98,1474.19,Debit Card
ORD0011356,2025-04-07,CUST00411,Aarav Das,PROD0071,Dairy Item 71,Grocery,Dairy,South,Tamil Nadu,Chennai,9910.0,3,0.05,334.38,108.74,Debit Card
ORD0013691,2025-04-27,CUST00701,Divya Gupta,PROD0043,Men's Wear Item 43,Clothing,Men's Wear,South,Telangana,Hyderabad,3462.6,4,0.0,2701.4,761.2,Net Banking
ORD0012858,2025-04-30,CUST00041,Rajesh Reddy,PROD0025,Table Item 25,Furniture,Tables,North,Delhi,Dwarka,184262.82,6,0.0,116975.64,67287.18,UPI
ORD0013207,2025-04-27,CUST00500,Rajesh Singh,PROD0026,Table Item 26,Furniture,Tables,East,Odisha,Bhubaneswar,54021.98,3,0.05,34807.29,19214.69,Debit Card
ORD0011325,2025-04-17,CUST00116,Rahul Chatterjee,PROD0040,Storage Unit Item 40,Furniture,Storage Units,East,Odisha,Bhubaneswar,132933.5,7,0.0,79336.04,53597.46,Debit Card
ORD0011242,2025-04-13,CUST00417,Rahul Patel,PROD0077,Personal Care Item 77,Grocery,Personal Care,West,Maharashtra,Mumbai,1099.29,4,0.25,856.96,242.33,Net Banking
ORD0013920,2025-04-11,CUST00701,Divya Gupta,PROD0002,Mobile Phone Item 2,Electronics,Mobile Phones,South,Tamil Nadu,Chennai,16570.52,4,0.0,11108.44,5462.08,Debit Card
ORD0011234,2025-04-07,CUST00691,Pallavi Iyer,PROD0011,Television Item 11,Electronics,Televisions,West,Maharashtra,Pune,12911.78,2,0.1,10924.08,3455.24,Credit Card
ORD0013684,2025-04-14,CUST00152,Aarav Rao,PROD0019,Camera Item 19,Electronics,Cameras,East,Bihar,Patna,339480.12,6,0.0,196954.08,142526.04,UPI
ORD0014389,2025-04-03,CUST00335,Sneha Patel,PROD0003,Mobile Phone Item 3,Electronics,Mobile Phones,West,Rajasthan,Udaipur,273699.47,5,0.05,205456.05,68243.42,Credit Card
ORD0012864,2025-04-13,CUST00794,Nikhil Verma,PROD0032,Bookcase Item 32,Furniture,Bookcases,West,Gujarat,Ahmedabad,19101.67,4,0.1,12340.0,6761.67,Net Banking
ORD0013699,2025-04-11,CUST00277,Nikhil Nair,PROD0089,Art Supplie Item 89,Office Supplies,Art Supplies,East,West Bengal,Kolkata,19711.4,7,0.15,15594.18,4117.22,Credit Card
ORD0013333,2025-04-11,CUST00357,Tanvi Joshi,PROD0070,Dairy Item 70,Grocery,Dairy,East,Bihar,Patna,556.06,1,0.0,323.32,232.74,Debit Card
ORD0012757,2025-04-12,CUST00758,Rohan Rao,PROD0099,Appliance Item 99,Office Supplies,Appliances,East,West Bengal,Howrah,5565.0,5,0.2,5245.1,319.9,UPI
ORD0014120,2025-04-09,CUST00386,Riya Malhotra,PROD0030,Bookcase Item 30,Furniture,Bookcases,North,Delhi,Dwarka,105472.74,6,0.0,71978.46,33494.28,Credit Card
ORD0011777,2025-04-20,CUST00430,Aryan Joshi,PROD0040,Storage Unit Item 40,Furniture,Storage Units,North,Delhi,New Delhi,30384.8,2,0.2,22667.44,7717.36,Cash on Delivery
ORD0011983,2025-04-04,CUST00339,Pooja Verma,PROD0085,Binder Item 85,Office Supplies,Binders,East,Odisha,Cuttack,675.56,3,0.05,462.24,213.32,Debit Card
ORD0011774,2025-04-27,CUST00456,Shreya Patel,PROD0075,Staple Item 75,Grocery,Staples,West,Maharashtra,Pune,4678.74,5,0.1,3179.85,1498.89,Net Banking
ORD0013298,2025-04-30,CUST00329,Manish Das,PROD0098,Appliance Item 98,Office Supplies,Appliances,West,Maharashtra,Pune,12094.38,4,,9284.16,2810.22,Cash on Delivery
ORD0014237,2025-04-07,CUST00405,Kavya Malhotra,PROD0092,Art Supplie Item 92,Office Supplies,Art Supplies,West,Gujarat,Ahmedabad,4718.23,1,,4223.26,494.97,Credit Card
ORD0013441,2025-04-16,CUST00462,Rahul Patel,PROD0028,Table Item 28,Furniture,Tables,West,Maharashtra,Mumbai,164743.25,5,0.0,127181.35,37561.9,Credit Card
ORD0012068,30-Apr-2025,CUST00370,Manish Rao,PROD0027,Table Item 27,Furniture,Tables,North,Punjab,Amritsar,18344.08,2,0.0,10828.76,7515.32,Debit Card
ORD0012384,2025-04-03,CUST00420,Aarav Rao,PROD0093,Storage Item 93,Office Supplies,Storage,North,Punjab,Amritsar,24953.49,5,0.15,21614.05,3339.44,Net Banking
ORD0014160,2025-04-15,CUST00049,Rohan Das,PROD0087,Binder Item 87,Office Supplies,Binders,West,Gujarat,Surat,16315.56,6,0.0,12791.16,3524.4,Credit Card
ORD0012324,2025-04-12,CUST00644,Sneha Gupta,PROD0087,Binder Item 87,office supplies,Binders,North,Delhi,New Delhi,13596.3,5,0.0,10659.3,2937.0,UPI
ORD0011755,2025-04-04,CUST00258,Rajesh Verma,PROD0041,Men's Wear Item 41,CLOTHING,Men's Wear,South,Tamil Nadu,Coimbatore,23746.98,6,0.0,17918.94,5828.04,UPI
ORD0012977,2025-04-06,CUST00519,Sneha Sharma,PROD0011,Television Item 11,Electronics,Televisions,West,Gujarat,Ahmedabad,34431.41,6,0.2,32772.24,1659.17,Debit Card
ORD0013676,2025-04-24,CUST00157,Diya Iyer,PROD0087,Binder Item 87,Office Supplies,Binders,East,West Bengal,Howrah,5166.59,2,0.05,4263.72,902.87,Credit Card
ORD0012535,2025-04-28,CUST00290,Amit Verma,PROD0016,Headphone Item 16,Electronics,Headphones,West,Gujarat,Surat,67744.51,4,0.1,48385.64,19358.87,Credit Card
ORD0013841,2025-04-10,CUST00747,Aarav Nair,PROD0068,Snack Item 68,Grocery,Snacks,North,Haryana,Faridabad,2873.88,6,0.1,2272.8,601.08,Credit Card
ORD0014029,2025-04-19,CUST00260,Priya Kumar,PROD0065,Snack Item 65,Grocery,Snacks,East,West Bengal,Kolkata,4496.45,5,0.0,2926.2,1570.25,UPI
ORD0012264,2025-04-21,CUST00438,Aryan Singh,PROD0088,Binder Item 88,Office Supplies,Binders,North,Haryana,Faridabad,15415.53,3,0.0,9720.33,5695.2,Debit Card
ORD0013744,2025-04-20,CUST00120,Ananya Das,PROD0005,Laptop Item 5,Electronics,Laptops,North,Delhi,Rohini,113872.64,7,0.0,71021.65,42850.99,UPI
ORD0011326,2025-04-27,CUST00056,Saanvi Joshi,PROD0014,Headphone Item 14,Electronics,Headphones,South,Telangana,Warangal,65269.5,6,0.0,49799.52,15469.98,Credit Card
ORD0012397,2025-04-08,CUST00592,Aryan Khan,PROD0040,Storage Unit Item 40,Furniture,Storage Units,South,Tamil Nadu,Chennai,68365.8,4,0.1,45334.88,23030.92,Net Banking
ORD0012489,2025-04-18,CUST00212,Manish Kumar,PROD0086,Binder Item 86,Office Supplies,Binders,West,Gujarat,Ahmedabad,3947.35,1,,3697.65,249.7,Credit Card
ORD0014360,2025-04-11,CUST00243,Rahul Gupta,PROD0066,Snack Item 66,Grocery,Snacks,East,Bihar,Gaya,3550.06,6,0.15,3048.66,501.4,Debit Card
ORD0013671,10/04/2025,CUST00287,Saanvi Sharma,PROD0081,Paper Item 81,Office Supplies,Paper,West,Rajasthan,Jaipur,18311.17,4,0.2,16079.84,2231.33,Net Banking
ORD0011486,2025-04-11,CUST00018,Amit Verma,PROD0039,Storage Unit Item 39,Furniture,Storage Units,West,Maharashtra,Nagpur,116924.36,7,0.0,76014.05,40910.31,Net Banking
ORD0011795,04-08-2025,CUST00780,Pallavi Chatterjee,PROD0015,Headphone Item 15,Electronics,Headphones,North,Haryana,Faridabad,80273.99,3,0.25,78538.2,1735.79,Credit Card
ORD0013405,2025-04-30,CUST00438,Aryan Singh,PROD0061,Beverage Item 61,GROCERY,Beverages,North,Delhi,Rohini,2152.72,2,0.0,1587.42,565.3,UPI
ORD0014430,2025-04-15,CUST00725,Manish Verma,PROD0041,Men's Wear Item 41,Apparel,Men's Wear,North,Delhi,New Delhi,18799.69,5,0.05,14932.45,3867.24,Credit Card
ORD0014456,2025-04-24,CUST00685,Rajesh Das,PROD0047,Women's Wear Item 47,Clothing,Women's Wear,South,Telangana,Warangal,21522.39,7,0.05,13660.78,7861.61,Debit Card
ORD0012590,2025-04-12,CUST00840,Sneha Singh,PROD0095,Storage Item 95,Office Supplies,Storage,West,Rajasthan,Jaipur,17613.54,6,0.0,11697.36,5916.18,Debit Card
ORD0014314,2025-04-20,CUST00324,Rahul Singh,PROD0050,Kids Wear Item 50,Clothing,Kids Wear,North,Delhi,New Delhi,7553.37,2,0.05,4931.36,2622.01,Debit Card
ORD0014132,2025-04-10,CUST00835,Sanya Mehta,PROD0088,Binder Item 88,Office Supplies,Binders,West,Rajasthan,Jaipur,15415.53,3,0.0,9720.33,5695.2,Net Banking
ORD0012721,2025-04-09,CUST00154,Ananya Singh,PROD0042,Men's Wear Item 42,Clothing,Men's Wear,North,Delhi,Dwarka,11567.09,4,0.05,8123.64,3443.45,Debit Card
ORD0011547,04-21-2025,CUST00579,Diya Chatterjee,PROD0034,Sofa Item 34,Furniture,Sofas,South,Telangana,Hyderabad,26719.7,1,0.2,19735.65,6984.05,Credit Card
ORD0011254,2025-04-22,CUST00044,Aditi Iyer,PROD0096,Storage Item 96,Office Supplies,Storage,South,Karnataka,Mysuru,2579.48,2,0.15,2158.28,421.2,UPI
ORD0011678,2025-04-10,CUST00582,Divya Singh,PROD0052,Kids Wear Item 52,Clothing,Kids Wear,West,Gujarat,Surat,3498.34,6,0.25,2743.08,755.26,Debit Card
ORD0012321,2025-04-06,CUST00162,Karan Rao,PROD0095,Storage Item 95,Office Supplies,Storage,South,Tamil Nadu,Coimbatore,8806.77,4,0.25,7798.24,1008.53,Debit Card
ORD0012412,2025-04-28,CUST00691,Pallavi Iyer,PROD0096,Storage Item 96,Office Supplies,Storage,West,Gujarat,Surat,9104.04,6,0.0,6474.84,2629.2,UPI
ORD0014202,2025-04-04,CUST00483,Rajesh Kumar,PROD0042,Men's Wear Item 42,Clothing,Men's Wear,West,Maharashtra,Pune,18263.82,6,0.0,12185.46,6078.36,Net Banking
ORD0014258,2025-04-20,CUST00256,Pallavi Mehta,PROD0079,Personal Care Item 79,Grocery,Personal Care,West,Maharashtra,Mumbai,5265.02,6,0.2,3952.92,1312.1,UPI
ORD0013571,2025-04-27,CUST00749,Vikram Joshi,PROD0098,Appliance Item 98,Office Supplies,Appliances,West,Rajasthan,Jaipur,14228.68,4,0.0,9284.16,4944.52,Debit Card
ORD0013165,2025-04-26,CUST00295,Divya Chatterjee,PROD0090,Art Supplie Item 90,Office Supplies,Art Supplies,South,Tamil Nadu,Coimbatore,5744.98,2,0.25,4852.82,892.16,Credit Card
ORD0011237,2025-04-27,CUST00395,Vikram Sharma,PROD0062,Beverage Item 62,Grocery,Beverages,North,Delhi,Rohini,2143.04,2,0.1,1625.98,517.06,Debit Card
ORD0012409,2025-04-26,CUST00272,Kabir Patel,PROD0011,Television Item 11,Electronics,Televisions,North,Punjab,Ludhiana,37659.35,7,0.25,38234.28,-574.93,Credit Card
ORD0012891,2025-04-20,CUST00054,Shreya Das,PROD0037,Storage Unit Item 37,Furniture,Storage Units,North,Delhi,Rohini,12413.91,3,0.15,11380.08,1033.83,Net Banking
ORD0011828,2025-04-08,CUST00528,Aditi Malhotra,PROD0013,Headphone Item 13,Electronics,Headphones,South,Tamil Nadu,Chennai,8936.57,1,0.2,6851.15,2085.42,Cash on Delivery
ORD0012442,2025-04-19,CUST00099,Arjun Verma,PROD0032,Bookcase Item 32,Furniture,Bookcases,South,Telangana,Hyderabad,31836.12,6,0.0,18510.0,13326.12,UPI
ORD0012881,2025-04-23,CUST00883,Pooja Rao,PROD0072,Dairy Item 72,Grocery,Dairy,East,Odisha,Bhubaneswar,5345.6,7,0.05,4027.38,1318.22,Net Banking
ORD0012078,2025-04-24,CUST00321,Aryan Rao,PROD0008,Laptop Item 8,Electronics,Laptops,South,Telangana,Warangal,300739.09,6,0.15,278891.22,33692.21,Cash on Delivery
ORD0012965,2025-04-29,CUST00485,Sneha Sharma,PROD0007,Laptop Item 7,Electronics,Laptops,South,Telangana,Hyderabad,260381.04,6,0.2,259125.42,1255.62,UPI
ORD0012801,2025-04-21,CUST00031,Sneha Mehta,PROD0089,Art Supplie Item 89,Office Supplies,Art Supplies,West,Gujarat,Surat,15735.99,5,0.05,11138.7,4597.29,Credit Card
ORD0013996,2025-04-16,CUST00130,Kabir Kumar,PROD0075,Staple Item 75,Grocery,Staples,North,Punjab,Ludhiana,831.78,1,0.2,635.97,195.81,Net Banking
ORD0014403,2025-04-19,CUST00414,Aryan Rao,PROD0088,Binder Item 88,office supplies,Binders,West,Gujarat,Surat,13873.98,3,0.1,9720.33,4153.65,Credit Card
ORD0011770,2025-04-08,CUST00190,Kavya Iyer,PROD0053,Footwear Item 53,Apparel,Footwear,North,Delhi,New Delhi,13461.19,6,0.15,10265.88,3195.31,Credit Card
ORD0013575,2025-04-04,,Rahul Reddy,PROD0067,Snack Item 67,Grocery,Snacks,South,Telangana,Warangal,1810.52,3,0.05,1480.38,330.14,Debit Card
ORD0012198,22 April 2025,CUST00493,Pooja Das,PROD0037,Storage Unit Item 37,Furniture,Storage Units,East,West Bengal,Kolkata,19472.8,4,0.0,15173.44,4299.36,Debit Card
ORD0012300,18-Apr-2025,CUST00178,Pallavi Malhotra,PROD0094,Storage Item 94,Office Supplies,Storage,South,Tamil Nadu,Chennai,4611.54,1,0.0,3415.53,1196.01,UPI
ORD0013532,11/04/2025,CUST00635,Rajesh Sharma,PROD0037,Storage Unit Item 37,Furniture,Storage Units,South,Karnataka,Bengaluru,24341.0,5,,18966.8,5374.2,Debit Card
ORD0012262,2025-04-22,CUST00327,Meera Joshi,PROD0079,Personal Care Item 79,Groceries,Personal Care,North,Haryana,Gurugram,1096.88,1,0.0,658.82,438.06,UPI
ORD0013176,2025-04-03,CUST00135,Karan Kumar,PROD0084,Paper Item 84,Office-Supplies,Paper,North,Delhi,New Delhi,14011.11,6,0.05,10638.96,3372.15,Debit Card
ORD0014429,2025-04-13,CUST00077,Sneha Iyer,PROD0086,Binder Item 86,Office Supplies,Binders,South,Karnataka,Bengaluru,3947.35,1,0.25,3697.65,249.7,Debit Card
ORD0013956,2025-04-05,CUST00032,Arjun Malhotra,PROD0032,Bookcase Item 32,Furniture,Bookcases,North,Delhi,Rohini,5306.02,1,0.0,3085.0,2221.02,UPI
ORD0013670,2025-04-23,CUST00235,Kabir Rao,PROD0074,Staple Item 74,Grocery,Staples,North,Delhi,Dwarka,1179.29,5,0.15,1032.95,146.34,UPI
ORD0013118,2025-04-09,CUST00674,Divya Mehta,PROD0031,Bookcase Item 31,Furniture,Bookcases,West,Gujarat,Ahmedabad,109158.59,6,0.05,75680.34,33478.25,Debit Card
ORD0014353,21/04/2025,CUST00776,Saanvi Chatterjee,PROD0016,Headphone Item 16,Electronics,Headphones,East,Odisha,Cuttack,28226.88,2,0.25,24192.82,4034.06,Credit Card
ORD0012074,2025-04-21,CUST00263,Ananya Iyer,PROD0067,,Grocery,Snacks,North,Haryana,Gurugram,3017.53,5,0.05,2467.3,550.23,UPI
ORD0013107,2025-04-28,CUST00547,Divya Reddy,PROD0046,Women's Wear Item 46,Clothing,Women's Wear,East,Bihar,Gaya,2213.42,1,0.15,1921.01,292.41,Credit Card
ORD0011654,2025-04-12,CUST00492,Vikram Das,PROD0093,Storage Item 93,Office Supplies,Storage,West,Maharashtra,Nagpur,34934.89,7,0.15,30259.67,4675.22,Cash on Delivery
ORD0014321,2025-04-21,CUST00085,Arjun Sharma,PROD0060,Accessorie Item 60,Clothing,Accessories,South,Tamil Nadu,Chennai,852.99,2,0.05,594.76,258.23,Net Banking
ORD0013116,2025-04-17,CUST00320,,PROD0086,Binder Item 86,Office-Supplies,Binders,West,Maharashtra,Pune,31578.78,6,0.0,22185.9,9392.88,UPI
ORD0012695,14 April 2025,CUST00209,Pallavi Verma,PROD0097,Appliance Item 97,Office Supplies,Appliances,South,Telangana,Hyderabad,12648.93,7,0.0,7772.17,4876.76,Net Banking
ORD0014190,2025-04-17,CUST00831,Karan Kumar,PROD0008,Laptop Item 8,Electronics,Laptops,West,Gujarat,Surat,112040.06,2,0.05,92963.74,19076.32,Credit Card
ORD0013717,2025-04-08,CUST00208,Aarav Das,PROD0066,Snack Item 66,Groceries,Snacks,North,Haryana,Faridabad,2088.27,3,0.0,1524.33,563.94,UPI
ORD0012382,2025-04-10,CUST00152,Aarav Rao,PROD0019,Camera Item 19,Electronics,Cameras,East,West Bengal,Howrah,356454.13,7,0.1,229779.76,126674.37,Net Banking
ORD0012507,2025-04-08,CUST00126,Kabir Khan,PROD0052,Kids Wear Item 52,Clothing,Kids Wear,North,Punjab,Ludhiana,1554.82,2,0.0,914.36,640.46,Credit Card
ORD0013960,2025-04-30,CUST00069,Karan Sharma,PROD0015,Headphone Item 15,Electronics,Headphones,West,Rajasthan,Udaipur,237254.24,7,0.05,183255.8,53998.44,Debit Card
ORD0011306,2025-04-30,CUST00358,Sneha Joshi,PROD0073,Staple Item 73,Groceries,Staples,West,Rajasthan,Udaipur,72.73,1,0.0,45.94,26.79,Net Banking
ORD0013701,2025-04-30,CUST00567,Shreya Joshi,PROD0098,Appliance Item 98,Office Supplies,Appliances,South,Telangana,Hyderabad,17074.42,6,0.2,13926.24,3148.18,Cash on Delivery
ORD0011978,2025-04-20,CUST00202,Ananya Malhotra,PROD0002,Mobile Phone Item 2,Electronics,Mobile Phones,East,Odisha,Bhubaneswar,4142.63,1,0.0,2777.11,1365.52,Debit Card
ORD0012243,2025-04-29,CUST00579,Diya Chatterjee,PROD0042,Men's Wear Item 42,Clothing,Men's Wear,North,Punjab,Ludhiana,18263.82,6,0.0,12185.46,6078.36,Credit Card
ORD0013367,2025-04-11,CUST00278,Pallavi Singh,PROD0038,Storage Unit Item 38,Furniture,Storage Units,North,Haryana,Gurugram,82575.01,7,0.0,57970.29,24604.72,Debit Card
ORD0013546,2025-04-25,CUST00314,Arjun Nair,PROD0067,Snack Item 67,Grocery,Snacks,North,Haryana,Faridabad,3176.35,5,0.0,2467.3,709.05,UPI
ORD0013444,2025-04-10,CUST00645,Diya Kumar,PROD0025,Table Item 25,Furniture,Tables,North,Punjab,Ludhiana,69098.56,3,0.25,58487.82,10610.74,Credit Card
ORD0013127,2025-04-08,CUST00500,Rajesh Singh,PROD0025,Table Item 25,Furnitures,Tables,West,Maharashtra,Nagpur,69098.56,3,0.25,58487.82,10610.74,Debit Card
ORD0012386,2025-04-26,CUST00611,Riya Singh,PROD0083,Paper Item 83,Office Supplies,Paper,North,Haryana,Faridabad,7963.6,5,0.2,7904.2,59.4,UPI
ORD0012148,2025-04-01,CUST00259,Amit Verma,PROD0055,Footwear Item 55,Clothing,Footwear,North,Haryana,Faridabad,17921.22,6,0.0,11922.54,5998.68,Credit Card
ORD0013936,2025-04-06,CUST00880,Pooja Kumar,PROD0071,Dairy Item 71,Grocery,Dairy,South,Karnataka,Bengaluru,248.77,2,0.2,222.92,25.85,UPI
ORD0014390,2025-04-07,CUST00660,Rahul Reddy,PROD0092,Art Supplie Item 92,Office Supplies,Art Supplies,South,Karnataka,Mysuru,27754.3,5,0.0,21116.3,6638.0,Credit Card
ORD0013469,2025-04-26,CUST00124,Manish Reddy,PROD0054,Footwear Item 54,Apparel,Footwear,East,Bihar,Gaya,10575.92,-3,0.05,7011.15,3564.77,Net Banking
ORD0011736,04-01-2025,CUST00148,Vikram Singh,PROD0056,Footwear Item 56,Clothing,Footwear,East,West Bengal,Howrah,4661.09,2,0.15,3838.14,822.95,Credit Card
ORD0013040,2025-04-20,CUST00493,Pooja Das,PROD0078,Personal Care Item 78,Grocery,Personal Care,North,Delhi,Rohini,2632.35,7,0.0,1891.82,740.53,Debit Card
ORD0011411,2025-04-18,CUST00067,Aditi Singh,PROD0054,Footwear Item 54,Clothing,Footwear,North,Haryana,Faridabad,13359.06,4,0.1,9348.2,4010.86,UPI
ORD0014268,2025-04-04,CUST00436,Rahul Gupta,PROD0031,Bookcase Item 31,Furniture,Bookcases,South,Tamil Nadu,Chennai,109158.59,6,0.05,75680.34,33478.25,UPI
ORD0012857,2025-04-20,CUST00147,Rajesh Nair,PROD0040,Storage Unit Item 40,Furniture,Storage Units,North,Delhi,Rohini,90204.88,5,0.05,56668.6,33536.28,Debit Card
ORD0014084,2025-04-12,CUST00566,Neha Das,PROD0100,Appliance Item 100,Office Supplies,Appliances,North,Punjab,Ludhiana,9836.98,2,0.05,6129.22,3707.76,Credit Card
ORD0012044,2025-04-10,CUST00191,Aarav Rao,PROD0056,Footwear Item 56,Clothing,Footwear,East,West Bengal,Kolkata,8225.46,3,0.0,5757.21,2468.25,UPI
ORD0011395,2025-04-29,CUST00607,Rahul Chatterjee,PROD0018,Camera Item 18,Electronics,Cameras,West,Maharashtra,Nagpur,46682.65,1,0.0,28089.11,18593.54,Net Banking
ORD0011681,2025-04-20,CUST00813,Vikram Malhotra,PROD0036,Sofa Item 36,Furnitures,Sofas,North,Delhi,New Delhi,51078.11,6,0.1,31640.82,19437.29,Debit Card
ORD0011463,2025-04-05,CUST00608,Aditi Verma,PROD0011,Television Item 11,Electronics,Televisions,West,Gujarat,Surat,7173.21,1,0.0,5462.04,1711.17,Net Banking
ORD0011780,2025-04-18,CUST00891,Vivaan Nair,PROD0097,Appliance Item 97,Office Supplies,Appliances,East,West Bengal,Howrah,1355.24,1,0.25,1110.31,244.93,Debit Card
ORD0012373,2025-04-26,CUST00657,Shreya Chatterjee,PROD0057,Accessorie Item 57,Clothing,Accessories,North,Punjab,Ludhiana,6967.62,4,0.15,6455.44,512.18,Debit Card
ORD0011524,2025-04-14,CUST00702,Saanvi Nair,PROD0025,Table Item 25,Furniture,Tables,West,Rajasthan,Udaipur,78311.7,3,0.15,58487.82,19823.88,UPI
ORD0013945,2025-04-14,CUST00023,Aditi Malhotra,PROD0023,Chair Item 23,Furniture,Chairs,North,Delhi,New Delhi,12948.15,1,0.2,9894.25,3053.9,Credit Card
ORD0012899,2025-04-22,CUST00051,Nikhil Gupta,PROD0097,Appliance Item 97,Office Supplies,Appliances,East,West Bengal,Howrah,5420.97,3,0.0,3330.93,2090.04,Credit Card
ORD0014099,2025-04-14,CUST00113,Tanvi Iyer,PROD0080,Personal Care Item 80,Groceries,Personal Care,West,Gujarat,Surat,3535.3,7,0.25,3419.08,116.22,Debit Card
ORD0012464,2025-04-16,CUST00166,Vikram Nair,PROD0061,Beverage Item 61,Grocery,Beverages,West,Gujarat,Ahmedabad,1076.36,1,0.0,793.71,282.65,UPI
ORD0013455,04-16-2025,CUST00146,Nikhil Iyer,PROD0026,Table Item 26,furniture,Tables,North,Delhi,New Delhi,106148.45,7,0.2,81217.01,24931.44,Debit Card
ORD0013583,2025-04-04,CUST00004,Aditi Mehta,PROD0097,Appliance Item 97,OFFICE SUPPLIES,Appliances,West,Gujarat,Ahmedabad,1806.99,1,0.0,1110.31,696.68,Credit Card
ORD0012171,2025-04-06,CUST00588,Aarav Nair,PROD0046,Women's Wear Item 46,Clothing,Women's Wear,North,Punjab,Ludhiana,2213.42,1,0.15,1921.01,292.41,Credit Card
ORD0013167,2025-04-21,CUST00345,Rahul Joshi,PROD0035,Sofa Item 35,Furnitures,Sofas,North,Punjab,Ludhiana,94853.04,6,0.2,71368.56,23484.48,Net Banking
ORD0013649,24-Apr-2025,CUST00274,Neha Kumar,PROD0088,Binder Item 88,Office Supplies,Binders,South,Karnataka,Bengaluru,5138.51,1,0.0,3240.11,1898.4,Credit Card
ORD0013728,12 April 2025,CUST00022,Tanvi Nair,PROD0021,Chair Item 21,Furniture,Chairs,North,Punjab,Ludhiana,65484.28,7,0.05,52499.09,12985.19,UPI
ORD0013172,2025-04-16,CUST00806,Shreya Patel,PROD0046,Women's Wear Item 46,Clothing,Women's Wear,East,West Bengal,Howrah,8332.86,4,0.2,7684.04,648.82,Credit Card
ORD0012709,2025-04-19,CUST00885,Aditi Gupta,PROD0029,Bookcase Item 29,Furniture,Bookcases,West,Gujarat,Surat,82157.01,3,0.0,55818.75,26338.26,Credit Card
ORD0011679,2025-04-27,CUST00267,Ishaan Iyer,PROD0083,,Office Supplies,Paper,East,West Bengal,Howrah,4479.53,3,0.25,4742.52,-262.99,UPI
ORD0011270,2025-04-06,CUST00864,Rajesh Kumar,PROD0042,Men's Wear Item 42,Clothing,Men's Wear,East,Bihar,Gaya,12175.88,,0.0,8123.64,4052.24,Cash on Delivery
ORD0014076,2025-04-03,CUST00845,Rajesh Verma,PROD0071,Dairy Item 71,Grocery,Dairy,West,Gujarat,Surat,792.95,6,0.15,668.76,124.19,Debit Card
ORD0011480,2025-04-09,CUST00832,Kabir Singh,PROD0023,Chair Item 23,Furniture,Chairs,West,Maharashtra,Mumbai,60694.46,5,0.25,49471.25,11223.21,Net Banking
ORD0012199,2025-04-17,CUST00829,Divya Chatterjee,PROD0091,Art Supplie Item 91,Office Supplies,Art Supplies,East,Bihar,Patna,10785.67,7,0.0,8393.07,2392.6,Cash on Delivery
ORD0012285,2025-04-08,CUST00056,Saanvi Joshi,PROD0063,Beverage Item 63,Grocery,Beverages,West,Rajasthan,Jaipur,728.1,1,,506.13,221.97,Credit Card
ORD0013389,2025-04-23,CUST00241,Saanvi Chatterjee,PROD0100,Appliance Item 100,Office Supplies,Appliances,East,Odisha,Cuttack,17603.02,4,0.15,12258.44,5344.58,UPI
ORD0012814,04-25-2025,CUST00487,Priya Khan,PROD0045,Women's Wear Item 45,Clothing,Women's Wear,South,Telangana,Warangal,1253.51,1,0.2,1173.0,80.51,Net Banking
ORD0014186,2025-04-13,CUST00518,Vivaan Mehta,PROD0028,Table Item 28,Furniture,Tables,East,Bihar,Gaya,65897.3,2,0.0,50872.54,15024.76,Debit Card
ORD0013808,2025-04-12,CUST00130,Kabir Kumar,PROD0073,Staple Item 73,Grocery,Staples,East,Bihar,Patna,272.74,5,0.25,229.7,43.04,UPI
ORD0013042,2025-04-01,CUST00227,Priya Sharma,PROD0015,Headphone Item 15,Electronics,Headphones,North,Delhi,New Delhi,107031.99,4,0.25,104717.6,2314.39,UPI
ORD0011696,2025-04-20,CUST00682,Arjun Gupta,PROD0089,Art Supplie Item 89,Office Supplies,Art Supplies,West,Gujarat,Surat,9938.52,3,0.0,6683.22,3255.3,Credit Card
ORD0013730,2025-04-02,CUST00457,Kavya Malhotra,PROD0002,Mobile Phone Item 2,Electronics,Mobile Phones,South,Tamil Nadu,Coimbatore,12427.89,4,0.25,11108.44,1319.45,Credit Card
ORD0013799,2025-04-28,CUST00349,Tanvi Kumar,PROD0033,Sofa Item 33,furniture,Sofas,South,Tamil Nadu,Chennai,125126.02,5,0.25,111863.95,13262.07,Debit Card
ORD0012438,2025-04-27,CUST00161,Ananya Verma,PROD0084,Paper Item 84,Office Supplies,Paper,North,Delhi,Rohini,13765.3,7,0.2,12412.12,1353.18,Cash on Delivery
ORD0011622,2025-04-08,CUST00374,Sanya Nair,PROD0074,Staple Item 74,Grocery ,Staples,East,West Bengal,Kolkata,263.61,1,0.05,206.59,57.02,Credit Card
ORD0013362,2025-04-27,CUST00312,Ishaan Reddy,PROD0096,Storage Item 96,Office Supplies,Storage,East,Odisha,Bhubaneswar,9028.17,7,0.15,7553.98,1474.19,UPI
ORD0011648,2025-04-08,CUST00195,Amit Patel,PROD0062,Beverage Item 62,Groceries,Beverages,South,Karnataka,Mysuru,3214.57,-3,0.1,2438.97,775.6,Credit Card
ORD0013499,2025-04-05,CUST00701,Divya Gupta,PROD0100,Appliance Item 100,Office Supplies,Appliances,South,Karnataka,Mysuru,7766.04,2,0.25,6129.22,1636.82,Credit Card
ORD0012751,15 April 2025,CUST00408,Shreya Chatterjee,PROD0047,Women's Wear Item 47,Clothing,Women's Wear,South,Karnataka,Mysuru,2912.8,1,0.1,1951.54,961.26,Credit Card
ORD0014336,2025-04-23,CUST00751,Sanya Iyer,PROD0013,Headphone Item 13,Electronics,Headphones,North,Delhi,Rohini,33512.13,4,0.25,27404.6,6107.53,Debit Card
ORD0012644,2025-04-27,CUST00022,Tanvi Nair,PROD0063,Beverage Item 63,Grocery,Beverages,South,Tamil Nadu,Chennai,3640.5,5,0.1,2530.65,1109.85,UPI
ORD0012923,2025-04-05,CUST00455,Kavya Verma,PROD0014,Headphone Item 14,Electronics,Headphones,North,Punjab,Amritsar,60918.2,7,0.2,58099.44,2818.76,Credit Card
ORD0012292,2025-04-30,CUST00816,Pooja Rao,PROD0025,Table Item 25,Furniture,Tables,East,West Bengal,Howrah,73705.13,3,0.2,58487.82,15217.31,Debit Card
ORD0011277,2025-04-18,CUST00586,Karan Das,PROD0033,Sofa Item 33,Furniture,Sofas,West,Maharashtra,Mumbai,170171.39,6,0.15,134236.74,35934.65,Debit Card
ORD0013985,2025-04-30,CUST00100,Arjun Malhotra,PROD0016,Headphone Item 16,Electronics,Headphones,East,Odisha,Bhubaneswar,15995.23,1,0.15,12096.41,3898.82,Debit Card
ORD0012942,2025-04-19,CUST00677,Priya Rao,PROD0076,Staple Item 76,Grocery,Staples,West,Gujarat,Ahmedabad,4090.15,5,0.0,2381.85,1708.3,Cash on Delivery
ORD0013330,2025-04-06,CUST00552,Sneha Patel,PROD0052,Kids Wear Item 52,Clothing,Kids Wear,South,Karnataka,Bengaluru,4081.4,7,0.25,3200.26,881.14,Credit Card
ORD0014473,2025-04-19,CUST00760,Priya Khan,PROD0041,Men's Wear Item 41,Clothing,Men's Wear,West,Gujarat,Surat,27704.81,7,0.0,20905.43,6799.38,UPI
ORD0014054,2025-04-04,CUST00363,Shreya Verma,PROD0074,Staple Item 74,Grocery,Staples,East,Bihar,Patna,235.86,1,0.15,206.59,29.27,Debit Card
ORD0014244,2025-04-08,CUST00225,Sanya Iyer,PROD0014,Headphone Item 14,Electronics,Headphones,South,Tamil Nadu,Chennai,36986.05,4,0.15,33199.68,3786.37,Debit Card
ORD0013520,2025-04-19,CUST00324,Rahul Singh,PROD0011,Television Item 11,Electronics,Televisions,South,Tamil Nadu,Chennai,26899.54,5,0.25,27310.2,-410.66,Debit Card
ORD0011483,2025-04-14,CUST00238,Riya Joshi,PROD0046,Women's Wear Item 46,Clothing,Women's Wear,South,Telangana,Hyderabad,13280.5,6,0.15,11526.06,1754.44,Net Banking
ORD0012076,2025-04-15,CUST00267,Ishaan Iyer,PROD0075,Staple Item 75,Grocery,Staples,West,Rajasthan,Udaipur,2963.2,3,0.05,1907.91,1055.29,Credit Card
ORD0013143,2025-04-07,CUST00668,Vikram Malhotra,PROD0070,Dairy Item 70,Grocery,Dairy,North,Haryana,Faridabad,889.7,2,0.2,646.64,243.06,UPI
ORD0011536,2025-04-16,CUST00504,Divya Singh,PROD0067,Snack Item 67,Grocery,Snacks,East,Bihar,Gaya,1524.65,3,0.2,1480.38,44.27,Credit Card
ORD0011568,2025-04-27,CUST00277,Nikhil Nair,PROD0086,Binder Item 86,Office Supplies,Binders,North,Haryana,Gurugram,15789.39,3,0.0,11092.95,4696.44,UPI
ORD0012254,2025-04-08,CUST00294,Aryan Verma,PROD0081,Paper Item 81,Office Supplies,Paper,North,Delhi,New Delhi,11444.48,2,0.0,8039.92,3404.56,UPI
ORD0013077,2025-04-12,CUST00400,Ananya Khan,PROD0054,Footwear Item 54,clothing,Footwear,South,Tamil Nadu,Chennai,3525.31,1,0.05,2337.05,1188.26,UPI
ORD0011834,2025-04-16,CUST00076,Divya Iyer,PROD0043,Men's Wear Item 43,Clothing,Men's Wear,West,Maharashtra,Nagpur,4328.25,5,0.0,3376.75,951.5,UPI
ORD0013809,2025-04-14,CUST00014,Neha Chatterjee,PROD0022,Chair Item 22,Furniture,Chairs,South,Karnataka,Mysuru,15611.92,3,0.25,13600.95,2010.97,UPI
ORD0013798,2025-04-27,CUST00063,Divya Kumar,PROD0004,Mobile Phone Item 4,Electronics,Mobile Phones,West,Gujarat,Surat,182922.78,6,0.0,105669.54,77253.24,UPI
ORD0014139,2025-04-21,CUST00605,Saanvi Malhotra,PROD0090,Art Supplie Item 90,Office Supplies,Art Supplies,West,Rajasthan,Jaipur,3255.49,1,0.15,2426.41,829.08,Cash on Delivery
ORD0014211,04-25-2025,CUST00114,Nikhil Kumar,PROD0077,Personal Care Item 77,Grocery,Personal Care,East,West Bengal,Howrah,1044.33,3,0.05,642.72,401.61,Cash on Delivery
ORD0014441,2025-04-27,CUST00625,Ananya Malhotra,PROD0051,Kids Wear Item 51,Clothing,Kids Wear,North,Haryana,Gurugram,1588.89,3,0.0,1055.91,532.98,Cash on Delivery
ORD0013858,2025-04-26,CUST00425,Nikhil Kumar,PROD0100,Appliance Item 100,Office Supplies,Appliances,East,Odisha,Bhubaneswar,11649.06,3,0.25,9193.83,6278.12,Credit Card
ORD0011658,2025-04-15,CUST00606,Karan Joshi,PROD0079,Personal Care Item 79,Grocery,Personal Care,South,Tamil Nadu,Coimbatore,6581.28,6,0.0,3952.92,2628.36,Debit Card
ORD0012023,2025-04-16,CUST00547,Divya Reddy,PROD0019,Camera Item 19,ELECTRONICS,Cameras,South,Tamil Nadu,Chennai,152766.05,3,0.1,98477.04,54289.01,Debit Card
ORD0013346,2025-04-19,CUST00382,Rajesh Rao,PROD0036,Sofa Item 36,Furniture,Sofas,South,Telangana,Warangal,14188.36,2,0.25,10546.94,3641.42,UPI
ORD0012712,2025-04-20,CUST00394,Aarav Das,PROD0057,Accessorie Item 57,Clothing,Accessories,West,Maharashtra,Pune,8709.52,5,0.15,8069.3,640.22,UPI
ORD0012809,2025-04-14,CUST00051,Nikhil Gupta,PROD0037,Storage Unit Item 37,Furniture,Storage Units,West,Maharashtra,Mumbai,24341.0,5,0.0,18966.8,5374.2,Credit Card
ORD0013436,2025-04-10,CUST00561,Aarav Verma,PROD0068,,Grocery,Snacks,West,Maharashtra,Pune,1197.45,3,0.25,1136.4,61.05,UPI
ORD0012261,2025-04-19,CUST00335,Sneha Patel,PROD0059,Accessorie Item 59,Clothing,Accessories,North,Haryana,Faridabad,4494.32,2,0.2,4278.04,216.28,UPI
ORD0011300,2025-04-15,CUST00150,Saanvi Sharma,PROD0064,Beverage Item 64,Grocery,Beverages,North,Delhi,Rohini,5413.43,5,0.05,3655.95,1757.48,Cash on Delivery
ORD0012884,2025-04-06,CUST00845,Rajesh Verma,PROD0027,Table Item 27,Furniture,Tables,South,Karnataka,Mysuru,0,5,0.2,27071.9,9616.26,UPI
ORD0014242,2025-04-30,CUST00231,Tanvi Patel,PROD0010,Television Item 10,Electronics,Televisions,South,Tamil Nadu,Chennai,17380.16,1,0.1,13290.5,4089.66,UPI
ORD0013805,2025-04-24,CUST00002,Riya Khan,PROD0029,Bookcase Item 29,FURNITURE,Bookcases,South,Tamil Nadu,Coimbatore,136928.35,5,0.0,93031.25,43897.1,UPI
ORD0014490,2025-04-29,CUST00328,Vikram Singh,PROD0075,Staple Item 75,Grocery,Staples,North,Haryana,Faridabad,2339.37,3,0.25,1907.91,431.46,Credit Card
ORD0013388,2025-04-04,CUST00481,Ishaan Reddy,PROD0080,Personal Care Item 80,Grocery,Personal Care,West,Gujarat,Ahmedabad,3366.95,5,0.0,2442.2,924.75,UPI
ORD0013430,2025-04-26,CUST00087,Shreya Mehta,PROD0057,Accessorie Item 57,Clothing,Accessories,East,Odisha,Cuttack,10758.82,7,0.25,11297.02,-538.2,Credit Card
ORD0012041,2025-04-27,CUST00742,Saanvi Verma,PROD0087,Binder Item 87,office supplies,Binders,West,Maharashtra,Nagpur,2311.37,1,0.15,2131.86,179.51,UPI
ORD0011341,05-Apr-2025,CUST00473,Diya Verma,PROD0071,Dairy Item 71,Grocery,Dairy,East,West Bengal,Kolkata,310.96,2,0.0,222.92,88.04,Credit Card
ORD0011704,04-02-2025,CUST00248,Saanvi Reddy,PROD0040,Storage Unit Item 40,Furniture,Storage Units,West,Rajasthan,Jaipur,71214.38,5,0.25,56668.6,14545.78,Credit Card
ORD0011807,2025-04-29,CUST00521,Tanvi Chatterjee,PROD0047,Women's Wear Item 47,Clothing,Women's Wear,East,Odisha,Cuttack,12298.51,4,0.05,7806.16,4492.35,Debit Card
ORD0014419,2025-04-28,CUST00740,Meera Reddy,PROD0033,Sofa Item 33,Furniture,Sofas,North,Delhi,Rohini,126794.37,4,0.05,89491.16,37303.21,Debit Card
ORD0013937,2025-04-02,CUST00870,Aarav Gupta,PROD0044,Men's Wear Item 44,Clothing,Men's Wear,East,Bihar,Gaya,2813.63,2,0.1,1758.6,1055.03,Debit Card
ORD0013953,2025-04-22,CUST00639,Riya Joshi,PROD0074,Staple Item 74,Grocery,Staples,North,Delhi,Dwarka,832.44,3,0.0,619.77,212.67,UPI
ORD0013973,2025-04-27,CUST00218,Rahul Verma,PROD0072,Dairy Item 72,Grocery,Dairy,West,Maharashtra,Nagpur,3818.29,5,0.05,2876.7,941.59,Debit Card
ORD0012762,2025-04-30,CUST00302,Manish Patel,PROD0018,Camera Item 18,Electronics,Cameras,East,West Bengal,Howrah,39680.25,1,0.15,28089.11,11591.14,Net Banking
ORD0012633,04/04/2025,CUST00457,Kavya Malhotra,PROD0055,Footwear Item 55,Clothing,Footwear,North,Punjab,Ludhiana,2986.87,1,0.0,1987.09,999.78,Debit Card
ORD0011851,2025-04-13,CUST00042,Ishaan Chatterjee,PROD0015,Headphone Item 15,Electronics,Headphones,South,Telangana,Warangal,107031.99,3,0.0,78538.2,28493.79,UPI
ORD0014141,2025-04-13,CUST00436,Rahul Gupta,PROD0042,Men's Wear Item 42,Clothing,Men's Wear,West,Gujarat,Ahmedabad,18111.62,7,0.15,14216.37,3895.25,Credit Card
ORD0012635,2025-04-15,CUST00240,Riya Verma,PROD0018,Camera Item 18,Electronics,Cameras,West,Maharashtra,Pune,140047.95,3,0.0,84267.33,55780.62,UPI
ORD0012678,2025-04-15,CUST00695,Amit Rao,PROD0099,Appliance Item 99,Office Supplies,Appliances,North,Delhi,New Delhi,6608.44,5,0.05,5245.1,1363.34,Debit Card
ORD0012632,2025-04-08,CUST00583,Sanya Verma,PROD0052,Kids Wear Item 52,Clothing,Kids Wear,East,West Bengal,Howrah,4431.24,6,0.05,2743.08,1688.16,UPI
ORD0011932,2025-04-11,CUST00656,Sanya Nair,PROD0068,Snack Item 68,Grocery,Snacks,West,Maharashtra,Nagpur,2661.0,5,0.0,1894.0,767.0,Credit Card
ORD0011321,2025-04-14,CUST00065,Pooja Das,PROD0027,Table Item 27,Furniture,Tables,East,Bihar,Patna,45860.2,5,0.0,27071.9,18788.3,Debit Card
ORD0012903,2025-04-08,CUST00312,Ishaan Reddy,PROD0064,Beverage Item 64,grocery,Beverages,West,Rajasthan,Udaipur,2279.34,2,0.0,1462.38,816.96,Net Banking
ORD0011517,2025-04-07,CUST00105,Rohan Joshi,PROD0026,Table Item 26,Furniture,Tables,South,Karnataka,Mysuru,37910.16,2,0.0,23204.86,14705.3,Debit Card
ORD0013039,2025-04-24,CUST00290,Amit Verma,PROD0009,Television Item 9,Electronics,Televisions,West,Maharashtra,Nagpur,10833.04,2,0.05,6664.58,4168.46,Credit Card
ORD0013174,2025-04-19,CUST00676,Vivaan Reddy,PROD0030,Bookcase Item 30,Furniture,Bookcases,South,Telangana,Warangal,70315.16,5,0.2,59982.05,10333.11,Debit Card
ORD0014349,2025-04-08,CUST00581,Pooja Khan,PROD0064,Beverage Item 64,Grocery,Beverages,West,Maharashtra,Mumbai,3419.01,3,0.0,2193.57,1225.44,UPI
ORD0013300,2025-04-09,CUST00492,Vikram Das,PROD0065,Snack Item 65,grocery,Snacks,North,Punjab,Amritsar,5125.95,6,0.05,3511.44,1614.51,UPI
ORD0011822,2025-04-30,CUST00145,Vikram Khan,PROD0066,Snack Item 66,Grocery,Snacks,South,Tamil Nadu,Chennai,2784.36,4,0.0,2032.44,751.92,Debit Card
ORD0011312,2025-04-27,CUST00417,Rahul Patel,PROD0042,Men's Wear Item 42,Clothing,Men's Wear,East,Odisha,Bhubaneswar,8218.72,3,0.1,6092.73,2125.99,Debit Card
ORD0012230,2025-04-05,CUST00052,Nikhil Sharma,PROD0016,Headphone Item 16,Electronics,Headphones,North,Haryana,Gurugram,125139.17,7,0.05,84674.87,40464.3,Credit Card
ORD0012896,2025-04-18,CUST00640,Aarav Chatterjee,PROD0080,Personal Care Item 80,Grocery,Personal Care,West,Maharashtra,Pune,4478.04,7,0.05,3419.08,1058.96,Credit Card
ORD0014311,2025-04-10,CUST00853,Sneha Chatterjee,PROD0019,Camera Item 19,Electronics,Cameras,North,Punjab,Amritsar,396060.14,7,0.0,229779.76,166280.38,UPI
ORD0014263,2025-04-04,CUST00444,Vivaan Gupta,PROD0071,Dairy Item 71,Grocery,Dairy,East,Bihar,Patna,699.66,5,0.1,557.3,142.36,Debit Card
ORD0014176,2025-04-08,CUST00725,Manish Verma,PROD0068,Snack Item 68,Grocery,Snacks,North,Punjab,Amritsar,532.2,1,0.0,378.8,153.4,Debit Card
ORD0012657,2025-04-12,CUST00344,Neha Kumar,PROD0032,Bookcase Item 32,Furniture,Bookcases,South,Tamil Nadu,Chennai,31836.12,6,0.0,18510.0,13326.12,Net Banking
ORD0011692,2025-04-25,CUST00353,Diya Kumar,PROD0051,Kids Wear Item 51,Clothing,Kids Wear,South,Karnataka,Mysuru,529.63,1,0.0,351.97,177.66,Debit Card
ORD0013541,2025-04-23,CUST00115,Vikram Patel,PROD0058,Accessorie Item 58,Clothing,Accessories,East,West Bengal,Howrah,1568.04,1,0.0,931.9,636.14,Debit Card
ORD0014087,2025-04-01,CUST00090,Sneha Singh,PROD0044,Men's Wear Item 44,Clothing,Men's Wear,North,Punjab,Ludhiana,10941.91,7,0.0,6155.1,4786.81,UPI
ORD0012424,2025-04-06,CUST00759,Priya Sharma,PROD0043,Men's Wear Item 43,Clothing,Men's Wear,South,Tamil Nadu,Coimbatore,1644.74,2,0.05,1350.7,294.04,Net Banking
ORD0014400,01-Apr-2025,CUST00108,Manish Iyer,PROD0066,Snack Item 66,Grocery,Snacks,East,West Bengal,Howrah,4176.54,6,0.0,3048.66,1127.88,Debit Card
ORD0013396,2025-04-02,CUST00404,Vikram Verma,PROD0076,Staple Item 76,Grocery,Staples,South,Tamil Nadu,Coimbatore,3885.64,5,0.05,2381.85,1503.79,Cash on Delivery
ORD0013365,24/04/2025,CUST00798,Tanvi Patel,PROD0032,Bookcase Item 32,Furniture,Bookcases,South,Telangana,Warangal,25203.6,5,0.05,15425.0,9778.6,Net Banking
ORD0011980,09/04/2025,CUST00148,Vikram Singh,PROD0088,Binder Item 88,Office Supplies,Binders,South,Tamil Nadu,Chennai,13103.2,3,0.15,9720.33,3382.87,Credit Card
ORD0014055,2025-04-25,CUST00548,Ananya Verma,PROD0100,Appliance Item 100,Office Supplies,Appliances,West,Maharashtra,Mumbai,28993.22,7,0.2,21452.27,7540.95,Credit Card
ORD0014355,2025-04-06,CUST00302,Manish Patel,PROD0050,Kids Wear Item 50,Clothing,Kids Wear,East,Bihar,Gaya,6360.74,2,0.2,4931.36,1429.38,UPI
ORD0013613,2025-04-15,CUST00877,Karan Reddy,PROD0041,Men's Wear Item 41,Clothing,Men's Wear,North,Punjab,Amritsar,27704.81,7,0.0,20905.43,6799.38,Credit Card
ORD0011236,2025-04-19,CUST00166,Vikram Nair,PROD0089,Art Supplie Item 89,Office Supplies,Art Supplies,South,Karnataka,Bengaluru,13251.36,4,0.0,8910.96,4340.4,UPI
ORD0011883,2025-04-02,CUST00360,Rohan Kumar,PROD0061,Beverage Item 61,Grocery,Beverages,North,Haryana,Faridabad,1937.45,2,0.1,1587.42,350.03,Debit Card
ORD0014162,2025-04-12,CUST00567,Shreya Joshi,PROD0002,Mobile Phone Item 2,Electronics,Mobile Phones,East,Odisha,Bhubaneswar,26098.57,7,0.1,19439.77,6658.8,Debit Card
ORD0013631,2025-04-21,CUST00671,Vikram Patel,PROD0061,Beverage Item 61,Grocery,Beverages,East,Odisha,Cuttack,5381.8,5,0.0,3968.55,1413.25,Net Banking
ORD0013119,2025-04-18,CUST00618,Riya Nair,PROD0021,Chair Item 21,Furniture,Chairs,North,Haryana,Faridabad,9847.26,1,0.0,7499.87,2347.39,Credit Card
ORD0012572,2025-04-29,CUST00533,Manish Reddy,PROD0071,Dairy Item 71,Grocery,Dairy,South,Karnataka,Bengaluru,738.53,5,0.05,557.3,181.23,Debit Card
ORD0013695,2025-04-03,CUST00204,Rahul Patel,PROD0014,Headphone Item 14,Electronics,Headphones,East,Bihar,Patna,32634.75,3,0.0,24899.76,7734.99,Debit Card
ORD0013100,2025-04-16,CUST00888,Shreya Patel,PROD0022,Chair Item 22,Furniture,Chairs,South,Karnataka,Bengaluru,29489.18,5,0.15,22668.25,6820.93,UPI
ORD0011815,2025-04-11,CUST00679,Arjun Patel,PROD0067,Snack Item 67,Grocery,Snacks,North,Punjab,Amritsar,539.98,1,0.15,493.46,46.52,Credit Card
ORD0012476,2025-04-16,CUST00359,Sanya Khan,PROD0028,Table Item 28,FURNITURE,Tables,East,Odisha,Bhubaneswar,197691.9,6,0.0,152617.62,45074.28,Net Banking
ORD0013737,2025-04-24,CUST00111,Diya Khan,PROD0078,Personal Care Item 78,Grocery,Personal Care,West,Rajasthan,Udaipur,1278.57,4,0.15,1081.04,197.53,UPI
ORD0011597,2025-04-07,CUST00296,Nikhil Rao,PROD0030,Bookcase Item 30,Furniture,Bookcases,North,Punjab,Ludhiana,110746.38,7,0.1,83974.87,26771.51,UPI
ORD0013527,2025-04-28,CUST00034,Sneha Nair,PROD0010,Television Item 10,Electronics,Televisions,North,Delhi,New Delhi,128420.08,7,0.05,93033.5,35386.58,UPI
ORD0013111,2025-04-10,CUST00283,Amit Gupta,PROD0068,Snack Item 68,Grocery,Snacks,West,Gujarat,Surat,798.3,2,0.25,757.6,40.7,Cash on Delivery
ORD0011623,2025-04-04,CUST00314,Arjun Nair,PROD0087,Binder Item 87,Office Supplies,Binders,West,Gujarat,Ahmedabad,4894.67,2,0.1,4263.72,630.95,Debit Card
ORD0014028,2025-04-27,CUST00516,Priya Patel,PROD0006,Laptop Item 6,electronics,Laptops,West,Rajasthan,Jaipur,78609.72,2,0.15,71135.1,7474.62,Net Banking
ORD0013713,2025-04-28,CUST00638,Manish Mehta,PROD0088,Binder Item 88,Office Supplies,Binders,West,Maharashtra,Mumbai,23123.3,5,0.1,16200.55,6922.75,UPI
ORD0011924,20/04/2025,CUST00470,Rahul Singh,PROD0046,Women's Wear Item 46,Apparel,Women's Wear,South,Tamil Nadu,Chennai,2343.62,1,0.1,1921.01,422.61,Debit Card
ORD0011930,2025-04-07,CUST00372,Riya Iyer,PROD0041,Men's Wear Item 41,Clothing,Men's Wear,East,Odisha,Cuttack,17810.24,6,0.25,17918.94,-310.35,Credit Card
ORD0013778,2025-04-20,CUST00664,Aryan Verma,PROD0088,Binder Item 88,Office Supplies,Binders,East,Odisha,Bhubaneswar,24407.92,5,0.05,16200.55,8207.37,Debit Card
ORD0012707,2025-04-22,CUST00521,Tanvi Chatterjee,PROD0037,Storage Unit Item 37,Furniture,Storage Units,North,Delhi,Dwarka,34077.4,7,0.0,26553.52,7523.88,UPI
ORD0012556,2025-04-27,CUST00338,Karan Mehta,PROD0038,Storage Unit Item 38,Furniture,Storage Units,East,West Bengal,Kolkata,70188.76,7,0.15,57970.29,12218.47,UPI
ORD0014008,2025-04-21,CUST00126,Kabir Khan,PROD0073,Staple Item 73,Grocery,Staples,South,Tamil Nadu,Coimbatore,196.37,3,0.1,137.82,58.55,UPI
ORD0011221,2025-04-13,CUST00003,Neha Chatterjee,PROD0026,Table Item 26,Furniture,Tables,East,Odisha,Cuttack,75820.32,5,0.2,58012.15,17808.17,UPI
ORD0013907,04-23-2025,CUST00864,Rajesh Kumar,PROD0049,Kids Wear Item 49,Clothing,Kids Wear,East,Odisha,Cuttack,14920.36,7,0.2,10268.51,4651.85,Net Banking
ORD0012146,06 April 2025,CUST00063,Divya Kumar,PROD0033,Sofa Item 33,Furniture,Sofas,South,Karnataka,Mysuru,75075.62,3,0.25,67118.37,7957.25,Credit Card
ORD0013577,2025-04-05,CUST00672,Diya Kumar,PROD0097,Appliance Item 97,Office Supplies,Appliances,West,Maharashtra,Nagpur,1806.99,1,0.0,1110.31,696.68,Cash on Delivery
ORD0011492,04-10-2025,CUST00716,Priya Patel,PROD0100,Appliance Item 100,office supplies,Appliances,South,Karnataka,Bengaluru,16567.55,4,0.2,12258.44,4309.11,UPI
ORD0013321,08/04/2025,CUST00569,Tanvi Nair,PROD0076,Staple Item 76,Grocery,Staples,West,Rajasthan,Jaipur,2454.09,3,0.0,1429.11,1024.98,Credit Card
ORD0012336,2025-04-02,CUST00373,Shreya Nair,PROD0058,Accessorie Item 58,Clothing,Accessories,West,Maharashtra,Pune,2352.06,2,0.25,1863.8,488.26,UPI
ORD0012495,2025-04-14,CUST00542,Rajesh Singh,PROD0045,Women's Wear Item 45,Clothing,Women's Wear,South,Telangana,Hyderabad,3995.57,3,0.15,3519.0,476.57,UPI
ORD0012725,2025-04-16,CUST00772,Aditi Kumar,PROD0076,Staple Item 76,Grocery ,Staples,East,Odisha,Cuttack,3272.12,4,0.0,1905.48,1366.64,UPI
ORD0011661,2025-04-28,CUST00662,Vikram Rao,PROD0007,Laptop Item 7,Electronics,Laptops,West,Rajasthan,Udaipur,276654.86,6,0.15,259125.42,17529.44,Net Banking
ORD0012368,2025-04-23,CUST00523,Tanvi Patel,PROD0045,Women's Wear Item 45,Clothing,Women's Wear,South,Tamil Nadu,Chennai,1566.89,1,0.0,1173.0,393.89,Credit Card
ORD0013373,2025-04-24,CUST00169,Rajesh Nair,PROD0040,Storage Unit Item 40,Furniture,Storage Units,East,West Bengal,Kolkata,60769.6,4,0.2,45334.88,15434.72,Debit Card
ORD0013154,2025-04-10,CUST00731,Shreya Nair,PROD0090,Art Supplie Item 90,Office Supplies,Art Supplies,West,Maharashtra,Pune,2872.49,1,0.25,2426.41,446.08,Debit Card
ORD0011744,2025-04-16,CUST00070,Arjun Reddy,PROD0012,Television Item 12,Electronics,Televisions,West,Maharashtra,Mumbai,236755.51,7,0.1,180352.76,56402.75,Cash on Delivery
ORD0012317,2025-04-22,CUST00159,Tanvi Mehta,PROD0069,Dairy Item 69,Grocery,Dairy,East,West Bengal,Kolkata,1331.16,3,0.0,867.96,463.2,Cash on Delivery
ORD0013418,2025-04-06,CUST00663,Divya Gupta,PROD0091,Art Supplie Item 91,Office Supplies,Art Supplies,West,Maharashtra,Nagpur,3697.94,3,0.2,3597.03,100.91,Net Banking
ORD0012379,2025-04-06,CUST00105,Rohan Joshi,PROD0061,Beverage Item 61,Grocery,Beverages,West,Maharashtra,Pune,7534.52,7,0.0,5555.97,1978.55,Cash on Delivery
ORD0014350,2025-04-09,CUST00280,Shreya Chatterjee,PROD0012,Television Item 12,Electronic,Televisions,South,Tamil Nadu,Coimbatore,150320.96,4,0.0,103058.72,47262.24,UPI
ORD0012212,2025-04-10,CUST00047,Divya Reddy,PROD0053,Footwear Item 53,Clothing,Footwear,North,Delhi,New Delhi,10557.8,4,0.0,6843.92,3713.88,Cash on Delivery
ORD0011870,14-Apr-2025,CUST00867,Aryan Chatterjee,PROD0039,Storage Unit Item 39,Furniture,Storage Units,South,Karnataka,Bengaluru,15033.13,1,0.1,10859.15,4173.98,UPI
ORD0013966,2025-04-30,CUST00527,Sanya Malhotra,PROD0099,Appliance Item 99,Office Supplies,Appliances,West,Maharashtra,Mumbai,1391.25,1,0.0,1049.02,342.23,UPI
ORD0012983,2025-04-28,CUST00059,Vivaan Patel,PROD0098,Appliance Item 98,Office Supplies,Appliances,West,Gujarat,Surat,16007.26,5,0.1,11605.2,4402.06,UPI
ORD0012600,08/04/2025,CUST00565,Vikram Das,PROD0039,Storage Unit Item 39,Furniture,Storage Units,South,Telangana,Warangal,100220.88,6,0.0,65154.9,35065.98,Credit Card
ORD0011286,2025-04-05,CUST00476,Aditi Iyer,PROD0044,Men's Wear Item 44,Clothing,Men's Wear,East,Bihar,Patna,3126.26,2,0.0,1758.6,1367.66,Credit Card
ORD0012659,2025-04-17,CUST00198,Tanvi Chatterjee,PROD0036,Sofa Item 36,Furniture,Sofas,West,Rajasthan,Jaipur,16080.15,2,0.15,10546.94,5533.21,Debit Card
ORD0011422,2025-04-08,CUST00760,Priya Khan,PROD0099,Appliance Item 99,Office Supplies,Appliances,West,Gujarat,Surat,1043.44,1,0.25,1049.02,-5.58,Credit Card
ORD0012291,18-Apr-2025,CUST00543,Meera Chatterjee,PROD0021,Chair Item 21,Furniture,Chairs,West,Rajasthan,Jaipur,49236.3,5,0.0,37499.35,11736.95,Debit Card
ORD0011665,2025-04-24,CUST00389,Neha Verma,PROD0090,Art Supplie Item 90,Office Supplies,Art Supplies,South,Karnataka,Bengaluru,21830.94,6,0.05,14558.46,7272.48,Debit Card
ORD0013105,28-Apr-2025,CUST00091,Rajesh Patel,PROD0037,Storage Unit Item 37,Furniture,Storage Units,South,Telangana,Hyderabad,20689.85,5,0.15,18966.8,1723.05,Net Banking
ORD0012723,2025-04-04,CUST00446,Aditi Mehta,PROD0027,Table Item 27,Furniture,Tables,East,Bihar,Gaya,43567.19,5,0.05,27071.9,16495.29,UPI
ORD0011201,2025-04-16,CUST00120,Ananya Das,PROD0047,Women's Wear Item 47,Cloths,Women's Wear,South,Tamil Nadu,Coimbatore,10356.64,4,0.2,7806.16,5533.38,Credit Card
ORD0013136,2025-04-01,CUST00340,Sanya Rao,PROD0060,Accessorie Item 60,Clothing,Accessories,North,Punjab,Amritsar,1346.82,3,0.0,892.14,454.68,UPI
ORD0013627,2025-04-01,CUST00248,Saanvi Reddy,PROD0044,Men's Wear Item 44,Clothing,Men's Wear,East,Bihar,Patna,9847.72,7,0.1,6155.1,3692.62,Debit Card
ORD0013654,2025-04-11,CUST00016,Rahul Gupta,PROD0033,Sofa Item 33,Furniture,Sofas,South,Karnataka,Bengaluru,126794.37,4,0.05,89491.16,37303.21,Debit Card
ORD0012486,2025-04-12,CUST00069,Karan Sharma,PROD0017,Camera Item 17,Electronics,Cameras,South,Telangana,Warangal,45331.24,2,0.1,37272.54,8058.7,Debit Card
ORD0013121,2025-04-27,CUST00384,Karan Khan,PROD0087,Binder Item 87,Office Supplies,Binders,East,Bihar,Patna,2447.33,1,0.1,2131.86,315.47,UPI
ORD0011667,2025-04-10,CUST00067,Aditi Singh,PROD0039,Storage Unit Item 39,Furniture,Storage Units,North,Delhi,New Delhi,100220.88,6,0.0,65154.9,35065.98,Credit Card
ORD0011466,2025-04-03,CUST00763,Karan Sharma,PROD0052,Kids Wear Item 52,Clothing,Kids Wear,South,Telangana,Hyderabad,3109.64,4,0.0,1828.72,1280.92,Cash on Delivery
ORD0012624,2025-04-27,CUST00543,Meera Chatterjee,PROD0094,Storage Item 94,Office Supplies,Storage,North,Haryana,Faridabad,11067.7,3,0.2,10246.59,821.11,Cash on Delivery
ORD0011968,09 April 2025,CUST00501,Nikhil Mehta,PROD0099,Appliance Item 99,Office Supplies,Appliances,East,Bihar,Gaya,4173.75,4,0.25,4196.08,-22.33,UPI
ORD0013027,2025-04-04,CUST00344,Neha Kumar,PROD0005,Laptop Item 5,Electronics,Laptops,North,Delhi,New Delhi,16267.52,1,0.0,10145.95,6121.57,Debit Card
ORD0012299,2025-04-27,CUST00437,Diya Verma,PROD0013,Headphone Item 13,Electronics,Headphones,West,Rajasthan,Jaipur,67024.26,6,0.0,41106.9,25917.36,Net Banking
ORD0011559,2025-04-16,CUST00865,Rahul Verma,PROD0080,Personal Care Item 80,Grocery,Personal Care,North,Delhi,New Delhi,3366.95,5,0.0,2442.2,924.75,Debit Card
ORD0011843,2025-04-26,CUST00874,Pallavi Reddy,PROD0030,Bookcase Item 30,Furniture,Bookcases,South,Karnataka,Bengaluru,70315.16,5,0.2,59982.05,10333.11,Debit Card
ORD0012637,2025-04-08,CUST00416,Rohan Gupta,PROD0079,Personal Care Item 79,Grocery,Personal Care,West,Maharashtra,Mumbai,7678.16,7,0.0,4611.74,3066.42,UPI
ORD0013335,03 April 2025,CUST00365,Priya Das,PROD0045,Women's Wear Item 45,Clothing,Women's Wear,North,Haryana,Gurugram,1175.17,1,0.25,1173.0,2.17,Net Banking
ORD0013478,2025-04-30,CUST00237,Neha Khan,PROD0022,Chair Item 22,furniture,Chairs,North,Haryana,Faridabad,48570.41,7,0.0,31735.55,16834.86,Debit Card
ORD0011706,2025-04-21,CUST00034,Sneha Nair,PROD0085,Binder Item 85,Office Supplies,Binders,East,Odisha,Cuttack,450.38,2,0.05,308.16,142.22,Credit Card
ORD0013430,2025-04-26,CUST00087,Shreya Mehta,PROD0057,Accessorie Item 57,Clothing,Accessories,East,Odisha,Cuttack,10758.82,7,0.25,11297.02,-538.2,Credit Card
ORD0011296,2025-04-07,CUST00069,Karan Sharma,PROD0098,Appliance Item 98,OFFICE SUPPLIES,Appliances,South,Karnataka,Bengaluru,21343.02,6,0.0,13926.24,7416.78,Debit Card
ORD0011419,2025-04-08,CUST00087,Shreya Mehta,PROD0095,Storage Item 95,Office Supplies,Storage,West,Maharashtra,Pune,14090.83,6,0.2,11697.36,2393.47,UPI
ORD0011624,2025-04-02,CUST00636,Kavya Verma,PROD0017,Camera Item 17,Electronics,Cameras,North,Punjab,Amritsar,50368.04,2,0.0,37272.54,13095.5,UPI
ORD0012184,2025-04-07,CUST00606,Karan Joshi,PROD0045,Women's Wear Item 45,Clothing,Women's Wear,East,West Bengal,Kolkata,7442.73,5,0.05,5865.0,1577.73,UPI
ORD0011519,26 April 2025,CUST00313,Karan Gupta,PROD0001,Mobile Phone Item 1,Electronics,Mobile Phones,East,West Bengal,Howrah,151737.44,7,0.25,124396.37,27341.07,UPI
ORD0012808,15-Apr-2025,CUST00114,Nikhil Kumar,PROD0013,Headphone Item 13,electronics,Headphones,East,West Bengal,Kolkata,56970.62,6,0.15,41106.9,15863.72,Credit Card
ORD0012220,2025-04-27,CUST00723,Ishaan Sharma,PROD0061,Beverage Item 61,Grocery,Beverages,South,Telangana,Warangal,5381.8,5,0.0,3968.55,1413.25,UPI
ORD0011878,2025-04-28,CUST00861,Aditi Mehta,PROD0067,Snack Item 67,Grocery,Snacks,West,Gujarat,Surat,635.27,1,0.0,493.46,141.81,Credit Card
ORD0012823,2025-04-24,CUST00538,Priya Patel,PROD0046,Women's Wear Item 46,Clothing,Women's Wear,South,Telangana,Warangal,15624.12,6,0.0,11526.06,4098.06,Credit Card
ORD0012320,2025-04-15,CUST00150,Saanvi Sharma,PROD0030,Bookcase Item 30,Furniture,Bookcases,North,Delhi,Dwarka,17578.79,1,0.0,11996.41,5582.38,Credit Card
ORD0013227,2025-04-24,CUST00819,Ishaan Kumar,PROD0010,Television Item 10,Electronics,Televisions,North,Delhi,Dwarka,86900.8,6,0.25,79743.0,7157.8,UPI
ORD0013081,2025-04-06,CUST00191,Aarav Rao,PROD0007,Laptop Item 7,Electronics,Laptops,South,Telangana,Hyderabad,46109.14,1,0.15,43187.57,2921.57,UPI
ORD0013869,2025-04-02,CUST00552,Sneha Patel,PROD0063,Beverage Item 63,Grocery,Beverages,West,Maharashtra,Mumbai,1375.3,2,0.15,1012.26,363.04,Cash on Delivery
ORD0012066,2025-04-09,CUST00777,Sanya Kumar,PROD0098,Appliance Item 98,Office Supplies,Appliances,East,West Bengal,Howrah,2667.88,1,0.25,2321.04,346.84,UPI
ORD0011856,2025-04-06,CUST00585,Pallavi Rao,PROD0099,Appliance Item 99,Office Supplies,Appliances,East,Odisha,Cuttack,1252.12,1,0.1,1049.02,203.1,Credit Card
ORD0014229,2025-04-26,CUST00369,Tanvi Nair,PROD0005,Laptop Item 5,Electronics,Laptops,North,Delhi,Dwarka,82964.35,6,0.15,60875.7,22088.65,UPI
ORD0014059,04-10-2025,CUST00665,Aryan Nair,PROD0003,Mobile Phone Item 3,Electronics,Mobile Phones,North,Punjab,Ludhiana,115241.88,2,0.0,82182.42,33059.46,UPI
ORD0013140,2025-04-27,CUST00163,Pallavi Gupta,PROD0012,Television Item 12,Electronics,Televisions,East,West Bengal,Kolkata,169111.08,6,0.25,154588.08,14523.0,Debit Card
ORD0013201,2025-04-23,CUST00154,Ananya Singh,PROD0072,Dairy Item 72,Grocery,Dairy,East,Odisha,Cuttack,1205.78,2,0.25,1150.68,55.1,UPI
ORD0012016,2025-04-15,CUST00187,Neha Nair,PROD0033,Sofa Item 33,Furniture,Sofas,West,Rajasthan,Udaipur,166834.7,5,0.0,111863.95,54970.75,Debit Card
ORD0011604,04-23-2025,CUST00762,Kabir Patel,PROD0069,Dairy Item 69,Grocery,Dairy,West,Gujarat,Ahmedabad,354.98,1,0.2,289.32,65.66,Net Banking
ORD0013687,2025-04-22,CUST00259,Amit Verma,PROD0021,Chair Item 21,Furniture,Chairs,West,Maharashtra,Mumbai,19694.52,2,0.0,14999.74,4694.78,Net Banking
ORD0012648,2025-04-17,CUST00407,Aryan Iyer,PROD0035,Sofa Item 35,Furniture,Sofas,South,Karnataka,Mysuru,138327.35,7,0.0,83263.32,55064.03,Debit Card
ORD0014199,2025-04-09,CUST00792,Sanya Reddy,PROD0048,Women's Wear Item 48,Clothing,Women's Wear,South,Telangana,Hyderabad,13384.8,4,0.1,9808.04,3576.76,Credit Card
ORD0011230,2025-04-12,CUST00813,Vikram Malhotra,PROD0085,Binder Item 85,Office Supplies,Binders,South,Karnataka,Mysuru,1066.68,6,0.25,924.48,142.2,Credit Card
ORD0013440,2025-04-04,CUST00545,Riya Patel,PROD0063,Beverage Item 63,Grocery,Beverages,East,West Bengal,Kolkata,3640.5,6,0.25,3036.78,603.72,Credit Card
ORD0011987,14 April 2025,CUST00277,Nikhil Nair,PROD0069,Dairy Item 69,Grocery,Dairy,East,Odisha,Cuttack,1331.16,4,0.25,1157.28,173.88,Net Banking
ORD0014381,15 April 2025,CUST00425,Nikhil Kumar,PROD0036,Sofa Item 36,Furniture,Sofas,North,Punjab,Amritsar,47294.55,5,0.0,26367.35,20927.2,Debit Card
ORD0013862,2025-04-30,CUST00108,Manish Iyer,PROD0056,Footwear Item 56,Clothing,Footwear,North,Haryana,Faridabad,4935.28,2,0.1,3838.14,1097.14,Credit Card
ORD0013592,2025-04-27,CUST00262,Kabir Chatterjee,PROD0003,Mobile Phone Item 3,Electronics,Mobile Phones,West,Maharashtra,Nagpur,86431.41,2,0.25,82182.42,4248.99,Debit Card
ORD0013313,2025-04-03,CUST00808,Vivaan Patel,PROD0088,Binder Item 88,Office Supplies,Binders,North,Delhi,New Delhi,5138.51,1,0.0,3240.11,1898.4,Credit Card
ORD0012561,2025-04-09,CUST00352,Kabir Patel,PROD0079,Personal Care Item 79,Grocery,Personal Care,North,Haryana,Gurugram,877.5,1,0.2,658.82,218.68,UPI
ORD0013270,2025-04-12,CUST00656,Sanya Nair,PROD0027,Table Item 27,Furniture,Tables,West,Rajasthan,Udaipur,51363.42,7,0.2,37900.66,13462.76,Cash on Delivery
ORD0014023,2025-04-11,CUST00808,Vivaan Patel,PROD0092,Art Supplie Item 92,Office Supplies,Art Supplies,North,Punjab,Amritsar,21093.27,4,,16893.04,4200.23,UPI
ORD0014267,2025-04-20,CUST00679,Arjun Patel,PROD0029,Bookcase Item 29,Furniture,Bookcases,South,Telangana,Hyderabad,116389.1,5,0.15,93031.25,23357.85,Debit Card
ORD0013204,2025-04-11,CUST00040,Vikram Das,PROD0084,Paper Item 84,Office Supplies,Paper,North,Haryana,Faridabad,2458.09,1,0.0,1773.16,684.93,UPI
ORD0014240,2025-04-13,CUST00050,Riya Patel,PROD0045,Women's Wear Item 45,Clothing,Women's Wear,South,Telangana,Hyderabad,4700.67,3,0.0,3519.0,1181.67,Credit Card
ORD0012527,2025-04-13,CUST00724,Rajesh Malhotra,PROD0092,Art Supplie Item 92,Office Supplies,Art Supplies,South,Karnataka,Bengaluru,4163.14,1,0.25,4223.26,-60.12,Credit Card
ORD0014488,2025-04-16,CUST00286,Rajesh Reddy,PROD0059,Accessorie Item 59,Clothing,Accessories,East,West Bengal,Howrah,5056.11,2,0.1,4278.04,778.07,Net Banking
ORD0011315,2025-04-12,CUST00446,Aditi Mehta,PROD0044,Men's Wear Item 44,Clothing,Men's Wear,North,Punjab,Ludhiana,2657.32,2,0.15,1758.6,898.72,Cash on Delivery
ORD0013725,22/04/2025,CUST00072,Saanvi Reddy,PROD0025,Table Item 25,Furniture,Tables,West,Rajasthan,Jaipur,122841.88,5,0.2,97479.7,25362.18,Credit Card
ORD0013098,2025-04-02,CUST00488,,PROD0083,Paper Item 83,Office Supplies,Paper,North,Delhi,Rohini,7465.88,5,0.25,7904.2,-438.32,Credit Card
ORD0013761,2025-04-18,CUST00689,Rajesh Joshi,PROD0036,Sofa Item 36,Furniture,Sofas,South,Karnataka,Mysuru,28376.73,3,,15820.41,12556.32,UPI
ORD0011462,2025-04-27,CUST00045,Shreya Chatterjee,PROD0054,Footwear Item 54,Clothing,Footwear,East,Bihar,Patna,5937.36,2,0.2,4674.1,1263.26,Debit Card
ORD0012755,2025-04-22,CUST00625,Ananya Malhotra,PROD0005,Laptop Item 5,Electronics,Laptops,South,Karnataka,Bengaluru,65070.08,4,0.0,40583.8,24486.28,Credit Card
ORD0012181,2025-04-22,CUST00593,Neha Iyer,PROD0088,Binder Item 88,Office Supplies,Binders,South,Telangana,Hyderabad,5138.51,1,0.0,3240.11,1898.4,UPI
ORD0014453,2025-04-19,CUST00775,Priya Sharma,PROD0029,Bookcase Item 29,Furniture,Bookcases,East,Bihar,Patna,109542.68,4,0.0,74425.0,35117.68,UPI
ORD0013019,2025-04-12,CUST00820,Kabir Iyer,PROD0092,Art Supplie Item 92,Office Supplies,Art Supplies,West,Gujarat,Ahmedabad,11101.72,2,0.0,8446.52,2655.2,Credit Card
ORD0014034,2025-04-11,CUST00155,Ananya Verma,PROD0008,Laptop Item 8,Electronics,Laptops,West,Gujarat,Surat,168060.08,3,0.05,139445.61,28614.47,Credit Card
ORD0012993,2025-04-20,CUST00857,Amit Mehta,PROD0095,Storage Item 95,Office Supplies,Storage,South,Karnataka,Mysuru,10568.12,4,0.1,7798.24,2769.88,Credit Card
ORD0011962,2025-04-13,CUST00884,Sanya Khan,PROD0061,Beverage Item 61,Grocery,Beverages,West,Maharashtra,Pune,1937.45,2,0.1,1587.42,350.03,Debit Card
ORD0011719,04-14-2025,CUST00391,Amit Das,PROD0048,Women's Wear Item 48,Clothing,Women's Wear,North,Delhi,Dwarka,22308.0,6,0.0,14712.06,7595.94,Credit Card
ORD0012229,04-13-2025,CUST00067,Aditi Singh,PROD0024,Chair Item 24,Furniture,Chairs,West,Maharashtra,Pune,150542.34,6,0.0,114838.74,35703.6,Credit Card
ORD0011566,2025-04-16,CUST00489,Aditi Kumar,PROD0085,Binder Item 85,Office Supplies,Binders,North,Haryana,Gurugram,402.97,2,0.15,308.16,94.81,Cash on Delivery
ORD0014215,2025-04-11,CUST00352,Kabir Patel,PROD0026,Table Item 26,Furniture,Tables,East,Odisha,Bhubaneswar,37910.16,2,0.0,23204.86,14705.3,Net Banking
ORD0011765,2025-04-30,CUST00329,Manish Das,PROD0078,Personal Care Item 78,Grocery,Personal Care,South,Telangana,Hyderabad,676.89,2,0.1,540.52,136.37,Cash on Delivery
ORD0012367,2025-04-08,CUST00330,Aditi Iyer,PROD0005,Laptop Item 5,Electronics,Laptops,North,Delhi,New Delhi,41482.18,3,0.15,30437.85,11044.33,UPI
ORD0011873,2025-04-20,CUST00174,Pallavi Rao,PROD0071,Dairy Item 71,Grocery,Dairy,North,Delhi,Dwarka,559.73,4,0.1,445.84,113.89,Cash on Delivery
ORD0013849,2025-04-09,CUST00307,Shreya Reddy,PROD0015,Headphone Item 15,Electronics,Headphones,East,Bihar,Gaya,199793.05,7,0.2,183255.8,16537.25,Credit Card
ORD0014480,2025-04-01,CUST00202,Ananya Malhotra,PROD0012,Television Item 12,Electronics,Televisions,South,Telangana,Hyderabad,56370.36,2,0.25,51529.36,4841.0,Credit Card
ORD0013711,2025-04-23,CUST00511,Vivaan Verma,PROD0009,Television Item 9,Electronics,Televisions,East,Odisha,Cuttack,14539.08,3,0.15,9996.87,4542.21,Net Banking
ORD0014326,2025-04-02,CUST00471,Aryan Reddy,PROD0016,Headphone Item 16,Electronics,Headphones,East,West Bengal,Kolkata,75271.68,5,0.2,60482.05,14789.63,Debit Card
ORD0013942,03/04/2025,CUST00364,Tanvi Verma,PROD0050,Kids Wear Item 50,Clothing,Kids Wear,West,Rajasthan,Jaipur,19877.3,5,0.0,12328.4,7548.9,UPI
ORD0014027,2025-04-04,CUST00145,Vikram Khan,PROD0085,Binder Item 85,Office Supplies,Binders,South,Tamil Nadu,Chennai,805.94,4,0.15,616.32,189.62,Debit Card
ORD0012826,2025-04-22,CUST00779,Amit Joshi,PROD0063,Beverage Item 63,Grocery,Beverages,North,Delhi,Dwarka,5663.0,7,0.0,3542.91,2120.09,Credit Card
ORD0011894,2025-04-08,CUST00878,Karan Nair,PROD0062,Beverage Item 62,Grocery,Beverages,West,Maharashtra,Pune,4286.09,4,0.1,3251.96,1034.13,Credit Card
ORD0014035,2025-04-06,CUST00649,Rohan Das,PROD0036,Sofa Item 36,Furniture,Sofas,North,Haryana,Faridabad,56753.46,6,0.0,31640.82,25112.64,Net Banking
ORD0011934,2025-04-27,CUST00387,Aarav Mehta,PROD0009,Television Item 9,Electronics,Televisions,North,Punjab,Amritsar,10262.88,2,0.1,6664.58,3598.3,Debit Card
ORD0012370,2025-04-27,CUST00513,Nikhil Sharma,PROD0026,Table Item 26,Furniture,Tables,East,Bihar,Gaya,17059.57,1,0.1,11602.43,5457.14,Net Banking
ORD0013530,2025-04-17,CUST00020,Saanvi Das,PROD0044,Men's Wear Item 44,Clothing,Men's Wear,South,Telangana,Warangal,1328.66,1,0.15,879.3,1051.76,Credit Card
ORD0012126,2025-04-14,CUST00002,Riya Khan,PROD0024,Chair Item 24,furniture,Chairs,West,Gujarat,Surat,100361.56,5,0.2,95698.95,4662.61,Credit Card
ORD0011549,2025-04-07,CUST00429,Rohan Sharma,PROD0067,Snack Item 67,Grocery,Snacks,North,Haryana,Faridabad,1079.96,2,0.15,986.92,93.04,Debit Card
ORD0014184,2025-04-17,CUST00091,Rajesh Patel,PROD0093,Storage Item 93,OfficeSupplies,Storage,South,Karnataka,Bengaluru,35228.46,6,0.0,25936.86,9291.6,Credit Card
ORD0013470,2025-04-19,CUST00365,Priya Das,PROD0001,Mobile Phone Item 1,Electronics,Mobile Phones,South,Tamil Nadu,Coimbatore,164743.51,6,0.05,106625.46,58118.05,UPI
ORD0011569,2025-04-02,CUST00292,Diya Sharma,PROD0094,Storage Item 94,Office Supplies,Storage,East,West Bengal,Kolkata,9223.08,2,0.0,6831.06,2392.02,Credit Card
ORD0011484,2025-04-10,CUST00205,Rajesh Sharma,PROD0073,Staple Item 73,Grocery,Staples,West,Maharashtra,Pune,54.55,1,0.25,45.94,8.61,Debit Card
ORD0013873,28/04/2025,CUST00194,Aditi Chatterjee,PROD0074,Staple Item 74,grocery,Staples,North,Delhi,New Delhi,707.57,3,0.15,619.77,87.8,Credit Card
ORD0013521,2025-04-11,CUST00022,Tanvi Nair,PROD0020,Camera Item 20,Electronics,Cameras,South,Tamil Nadu,Chennai,242654.13,5,0.1,155055.7,87598.43,UPI
ORD0012182,2025-04-23,CUST00341,Tanvi Patel,PROD0011,Television Item 11,Electronics,Televisions,West,Maharashtra,Pune,34431.41,6,0.2,32772.24,1659.17,UPI
ORD0011343,2025-04-10,CUST00580,Kavya Nair,PROD0045,Women's Wear Item 45,Clothing,Women's Wear,North,Delhi,New Delhi,4700.67,3,0.0,3519.0,1181.67,Credit Card
ORD0013488,2025-04-19,CUST00494,Karan Nair,PROD0074,Staple Item 74,Grocery,Staples,North,Haryana,Gurugram,1109.92,4,0.0,826.36,283.56,Net Banking
ORD0011921,2025-04-06,CUST00153,Vikram Patel,PROD0002,Mobile Phone Item 2,Electronics,Mobile Phones,North,Punjab,Amritsar,13256.42,4,0.2,11108.44,2147.98,Credit Card
ORD0011427,11/04/2025,CUST00592,Aryan Khan,PROD0049,Kids Wear Item 49,Clothing,Kids Wear,West,Rajasthan,Udaipur,15186.79,6,0.05,8801.58,6385.21,UPI
ORD0012846,2025-04-18,CUST00823,Diya Iyer,PROD0075,Staple Item 75,Grocery,Staples,North,Punjab,Amritsar,4418.81,5,0.15,3179.85,1238.96,Credit Card
ORD0012860,2025-04-14,CUST00586,Karan Das,PROD0045,Women's Wear Item 45,Clothing,Women's Wear,South,Karnataka,Bengaluru,3133.78,2,0.0,2346.0,787.78,UPI
ORD0014150,2025-04-30,CUST00088,Aryan Khan,PROD0014,Headphone Item 14,Electronics,Headphones,East,West Bengal,Howrah,76147.75,7,0.0,58099.44,18048.31,Credit Card
ORD0014331,2025-04-13,CUST00862,Riya Mehta,PROD0062,Beverage Item 62,Grocery,Beverages,West,Maharashtra,Pune,892.94,1,0.25,812.99,79.95,UPI
ORD0011928,2025-04-09,CUST00491,Pooja Mehta,PROD0088,Binder Item 88,Office Supplies,Binders,North,Haryana,Gurugram,11561.65,3,0.25,9720.33,1841.32,UPI
ORD0012546,2025-04-30,CUST00776,Saanvi Chatterjee,PROD0078,Personal Care Item 78,Grocery,Personal Care,South,Telangana,Warangal,902.52,3,0.2,810.78,91.74,Cash on Delivery
ORD0013511,06-Apr-2025,CUST00139,Priya Joshi,PROD0005,Laptop Item 5,Electronics,Laptops,South,Karnataka,Bengaluru,16267.52,1,0.0,10145.95,6121.57,Debit Card
ORD0011714,2025-04-08,CUST00652,Aryan Rao,PROD0053,Footwear Item 53,Clothing,Footwear,East,Odisha,Cuttack,2375.5,1,0.1,1710.98,664.52,UPI
ORD0014085,2025-04-14,CUST00219,Pooja Rao,PROD0071,Dairy Item 71,Grocery,Dairy,North,Haryana,Faridabad,147.71,1,0.05,111.46,36.25,Debit Card
ORD0012987,04-01-2025,CUST00834,Manish Das,PROD0026,Table Item 26,Furniture,Tables,West,Maharashtra,Pune,45492.19,3,,34807.29,10684.9,UPI
ORD0014399,2025-04-23,CUST00874,Pallavi Reddy,PROD0052,Kids Wear Item 52,Cloths,Kids Wear,South,Tamil Nadu,Coimbatore,3887.05,5,0.0,2285.9,1601.15,Net Banking
ORD0013199,2025-04-14,CUST00886,Arjun Reddy,PROD0058,Accessorie Item 58,Clothing,Accessories,North,Delhi,Rohini,4704.12,3,0.0,2795.7,1908.42,UPI
ORD0013472,2025-04-27,CUST00821,Tanvi Sharma,PROD0038,Storage Unit Item 38,Furniture,Storage Units,East,Odisha,Cuttack,63700.72,6,0.1,49688.82,14011.9,Credit Card
ORD0014494,2025-04-28,CUST00244,Arjun Singh,PROD0019,Camera Item 19,Electronics ,Cameras,East,West Bengal,Howrah,161253.06,3,0.05,98477.04,62776.02,Credit Card
ORD0012966,03/04/2025,CUST00615,Ishaan Iyer,PROD0100,Appliance Item 100,Office Supplies,Appliances,South,Tamil Nadu,Coimbatore,20709.44,4,0.0,12258.44,8451.0,Debit Card
ORD0012797,2025-04-23,CUST00781,Saanvi Iyer,PROD0080,Personal Care Item 80,Grocery,Personal Care,North,Haryana,Faridabad,1515.13,3,0.25,1465.32,49.81,Debit Card
ORD0013722,2025-04-19,CUST00606,Karan Joshi,PROD0088,Binder Item 88,Office Supplies,Binders,South,Telangana,Warangal,15415.53,3,0.0,9720.33,5695.2,Debit Card
ORD0011596,2025-04-10,CUST00696,Ananya Singh,PROD0006,Laptop Item 6,Electronics,Laptops,South,Telangana,Hyderabad,323687.07,7,0.0,248972.85,74714.22,Debit Card
ORD0011955,2025-04-09,CUST00122,Aditi Das,PROD0069,Dairy Item 69,Grocery,Dairy,South,Karnataka,Mysuru,443.72,1,0.0,289.32,154.4,Credit Card
ORD0011514,04-15-2025,CUST00361,Ishaan Rao,PROD0042,Men's Wear Item 42,Clothing,Men's Wear,South,Karnataka,Mysuru,18111.62,7,0.15,14216.37,3895.25,UPI
ORD0012480,2025-04-24,CUST00481,Ishaan Reddy,PROD0076,Staple Item 76,Grocery,Staples,East,Odisha,Bhubaneswar,818.03,1,0.0,476.37,341.66,Credit Card
ORD0014291,2025-04-13,CUST00744,Ishaan Sharma,PROD0015,Headphone Item 15,electronics,Headphones,North,Delhi,Rohini,142709.32,4,0.0,104717.6,37991.72,Cash on Delivery
ORD0012493,2025-04-23,CUST00847,Riya Reddy,PROD0060,Accessorie Item 60,Cloths,Accessories,North,Haryana,Gurugram,1908.0,5,0.15,1486.9,421.1,Net Banking
ORD0014163,2025-04-08,CUST00576,Kavya Singh,PROD0054,Footwear Item 54,Clothing,Footwear,West,Rajasthan,Udaipur,2783.14,1,0.25,2337.05,446.09,Credit Card
ORD0013632,2025-04-11,CUST00876,Sneha Rao,PROD0058,Accessorie Item 58,Clothing,Accessories,West,Maharashtra,Pune,3136.08,2,0.0,1863.8,1272.28,UPI
ORD0014036,2025-04-30,CUST00818,Neha Singh,PROD0012,Television Item 12,Electronics,Televisions,South,Telangana,Warangal,223602.43,7,0.15,180352.76,43249.67,Debit Card
ORD0013565,2025-04-25,CUST00111,Diya Khan,PROD0053,Footwear Item 53,Apparel,Footwear,North,Haryana,Faridabad,10557.8,4,0.0,6843.92,3713.88,Credit Card
ORD0011246,2025-04-07,CUST00129,Aryan Verma,PROD0015,Headphone Item 15,ELECTRONICS,Headphones,West,Maharashtra,Pune,71354.66,2,0.0,52358.8,18995.86,UPI
ORD0012385,2025-04-06,CUST00185,Aarav Joshi,PROD0034,Sofa Item 34,Furniture,Sofas,North,Delhi,New Delhi,30059.67,1,0.1,19735.65,10324.02,Cash on Delivery
ORD0014117,2025-04-07,CUST00224,Ananya Malhotra,PROD0002,Mobile Phone Item 2,Electronics,Mobile Phones,North,Haryana,Gurugram,17606.18,5,0.15,13885.55,3720.63,Cash on Delivery
ORD0011837,2025-04-03,CUST00726,Saanvi Sharma,PROD0088,Binder Item 88,Office Supplies,Binders,North,Haryana,Faridabad,4367.73,1,0.15,3240.11,1127.62,Credit Card
ORD0013075,2025-04-09,CUST00251,Diya Das,PROD0044,,Clothing,Men's Wear,West,Maharashtra,Mumbai,3751.51,3,0.2,2637.9,1113.61,Debit Card
ORD0013764,2025-04-01,CUST00889,Ananya Patel,PROD0025,Table Item 25,Furniture,Tables,East,Bihar,Patna,153552.35,5,0.0,97479.7,56072.65,Credit Card
ORD0012537,2025-04-04,CUST00146,Nikhil Iyer,PROD0072,Dairy Item 72,Grocery,Dairy,North,Delhi,Rohini,1527.32,2,0.05,1150.68,376.64,Debit Card
ORD0012508,30/04/2025,CUST00143,Rahul Malhotra,PROD0023,Chair Item 23,Furniture,Chairs,North,Punjab,Amritsar,16185.19,1,0.0,9894.25,6290.94,Credit Card
ORD0014339,2025-04-21,CUST00801,Ananya Mehta,PROD0060,Accessorie Item 60,Clothing,Accessories,South,Karnataka,Bengaluru,2693.64,6,0.0,1784.28,909.36,Credit Card
ORD0013476,2025-04-16,CUST00623,Amit Malhotra,PROD0038,Storage Unit Item 38,Furniture,Storage Units,East,Odisha,Bhubaneswar,53083.94,5,0.1,41407.35,11676.59,Debit Card
ORD0011927,2025-04-19,CUST00077,Sneha Iyer,PROD0083,Paper Item 83,Office Supplies,Paper,North,Haryana,Faridabad,1990.9,1,0.0,1580.84,783.02,Credit Card
ORD0011204,2025-04-17,CUST00640,Aarav Chatterjee,PROD0045,Women's Wear Item 45,Clothing,Women's Wear,South,Karnataka,Bengaluru,7834.45,5,0.0,5865.0,1969.45,Credit Card
ORD0012118,2025-04-16,CUST00580,Kavya Nair,PROD0024,Chair Item 24,Furniture,Chairs,East,West Bengal,Howrah,100361.56,4,0.0,76559.16,23802.4,Debit Card
ORD0013637,04-05-2025,CUST00306,Divya Khan,PROD0083,Paper Item 83,office supplies,Paper,East,West Bengal,Kolkata,5674.06,3,0.05,4742.52,931.54,Cash on Delivery
ORD0012281,05/04/2025,CUST00675,Manish Kumar,PROD0048,Women's Wear Item 48,Clothing,Women's Wear,South,Karnataka,Mysuru,16731.0,6,0.25,14712.06,2018.94,UPI
ORD0011635,29/04/2025,CUST00720,Ananya Malhotra,PROD0026,Table Item 26,Furniture,Tables,West,Maharashtra,Mumbai,112782.73,7,0.15,81217.01,31565.72,UPI
ORD0012277,2025-04-15,CUST00274,Neha Kumar,PROD0012,Television Item 12,Electronics,Televisions,North,Haryana,Gurugram,37580.24,1,0.0,25764.68,11815.56,Credit Card
ORD0012238,2025-04-04,CUST00664,Aryan Verma,PROD0084,Paper Item 84,Office Supplies,Paper,East,West Bengal,Howrah,9832.36,4,0.0,7092.64,2739.72,Credit Card
ORD0012440,2025-04-24,CUST00890,Ananya Das,PROD0084,Paper Item 84,Office Supplies,Paper,West,Rajasthan,Udaipur,15485.97,7,,12412.12,3073.85,UPI
ORD0013845,2025-04-13,CUST00619,Aarav Verma,PROD0077,Personal Care Item 77,Grocery,Personal Care,West,Maharashtra,Mumbai,1319.15,4,0.1,856.96,462.19,Net Banking
ORD0013479,2025-04-30,CUST00080,Sanya Joshi,PROD0034,Sofa Item 34,Furniture,Sofas,North,Punjab,Amritsar,85169.06,3,0.15,59206.95,25962.11,Debit Card
ORD0012471,2025-04-12,CUST00246,Sneha Chatterjee,PROD0009,Television Item 9,Electronics,Televisions,North,Delhi,Dwarka,9692.72,2,0.15,6664.58,3028.14,Debit Card
ORD0013394,2025-04-08,CUST00177,Saanvi Reddy,PROD0051,Kids Wear Item 51,Clothing,Kids Wear,North,Haryana,Faridabad,423.7,1,0.2,351.97,71.73,Credit Card
ORD0013287,2025-04-23,CUST00210,Saanvi Singh,PROD0010,Television Item 10,Electronics,Televisions,South,Telangana,Hyderabad,32829.19,2,0.15,26581.0,6248.19,Credit Card
ORD0012322,2025-04-24,CUST00359,Sanya Khan,PROD0027,Table Item 27,Furniture,Tables,North,Punjab,Ludhiana,20637.09,3,0.25,16243.14,4393.95,Credit Card
ORD0012272,08-Apr-2025,CUST00106,Rohan Mehta,PROD0052,Kids Wear Item 52,Clothing,Kids Wear,North,Delhi,Dwarka,4198.01,6,0.1,2743.08,1454.93,Debit Card
ORD0013871,2025-04-04,CUST00802,Nikhil Nair,PROD0075,Staple Item 75,Grocery,Staples,North,Punjab,Ludhiana,1871.5,2,0.1,1271.94,599.56,Credit Card
ORD0012618,2025-04-09,CUST00034,Sneha Nair,PROD0096,Storage Item 96,Office Supplies,Storage,West,Gujarat,Ahmedabad,3034.68,2,0.0,2158.28,876.4,Credit Card
ORD0012341,2025-04-08,CUST00027,Arjun Khan,PROD0019,Camera Item 19,Electronics,Cameras,South,Telangana,Warangal,240465.08,5,0.15,164128.4,76336.68,Debit Card
ORD0013123,2025-04-24,CUST00328,Vikram Singh,PROD0017,Camera Item 17,Electronics,Cameras,West,Maharashtra,Nagpur,135993.71,6,0.1,111817.62,24176.09,Net Banking
ORD0014183,2025-04-24,CUST00133,Pallavi Kumar,PROD0024,Chair Item 24,furniture,Chairs,West,Rajasthan,Udaipur,85307.33,4,0.15,76559.16,8748.17,Credit Card
ORD0013801,2025-04-22,CUST00600,Nikhil Kumar,PROD0092,Art Supplie Item 92,Office Supplies,Art Supplies,North,Delhi,Dwarka,11101.72,2,0.0,8446.52,2655.2,Debit Card
ORD0014435,20/04/2025,CUST00305,Pallavi Chatterjee,PROD0098,Appliance Item 98,Office Supplies,Appliances,North,Haryana,Faridabad,17785.85,5,0.0,11605.2,6180.65,Debit Card
ORD0012067,2025-04-07,CUST00404,Vikram Verma,PROD0004,Mobile Phone Item 4,Electronics,Mobile Phones,South,Telangana,Hyderabad,114326.74,5,0.25,88057.95,26268.79,Cash on Delivery
ORD0012724,2025-04-28,CUST00886,Arjun Reddy,PROD0042,Men's Wear Item 42,Clothing,Men's Wear,North,Punjab,Ludhiana,20242.4,7,0.05,14216.37,6026.03,UPI
ORD0014386,2025-04-22,CUST00370,Manish Rao,PROD0016,Headphone Item 16,Electronics,Headphones,North,Delhi,Rohini,75271.68,4,0.0,48385.64,26886.04,Debit Card
ORD0011546,2025-04-12,CUST00407,Aryan Iyer,PROD0041,Men's Wear Item 41,Clothing,Men's Wear,East,Odisha,Bhubaneswar,3957.83,1,0.0,2986.49,971.34,UPI
ORD0011382,2025-04-09,CUST00637,Sneha Das,PROD0096,Storage Item 96,Office Supplies,Storage,East,West Bengal,Kolkata,5158.96,4,0.15,4316.56,842.4,Credit Card
ORD0014095,2025-04-11,CUST00033,Neha Nair,PROD0064,Beverage Item 64,Grocery,Beverages,North,Delhi,Rohini,6838.02,6,0.0,4387.14,2450.88,Net Banking
ORD0014414,2025-04-04,CUST00487,Priya Khan,PROD0007,Laptop Item 7,Electronics,Laptops,North,Punjab,Ludhiana,108492.1,2,0.0,86375.14,22116.96,UPI
ORD0013990,2025-04-28,CUST00738,Pallavi Iyer,PROD0079,Personal Care Item 79,Grocery,Personal Care,East,Bihar,Patna,3290.64,3,0.0,1976.46,1314.18,UPI
ORD0014130,2025-04-18,CUST00598,Sanya Das,PROD0075,Staple Item 75,Grocery,Staples,North,Delhi,New Delhi,2079.44,2,0.0,1271.94,807.5,UPI
ORD0014089,2025-04-05,CUST00646,Rohan Chatterjee,PROD0007,Laptop Item 7,Electronics,Laptops,West,Rajasthan,Jaipur,216984.2,4,0.0,172750.28,44233.92,Credit Card
ORD0013008,2025-04-15,CUST00718,Ananya Verma,PROD0089,Art Supplie Item 89,Office Supplies,Art Supplies,West,Maharashtra,Nagpur,8944.67,3,0.1,6683.22,2261.45,Debit Card
ORD0012313,2025-04-02,CUST00859,Riya Reddy,PROD0033,Sofa Item 33,Furniture,Sofas,West,Gujarat,Surat,113447.6,4,0.15,89491.16,23956.44,UPI
ORD0013840,2025-04-25,CUST00393,Priya Kumar,PROD0087,,Office Supplies,Binders,East,Bihar,Gaya,12916.48,5,0.05,10659.3,2257.18,Credit Card
ORD0013142,2025-04-12,CUST00417,Rahul Patel,PROD0093,Storage Item 93,Office Supplies,Storage,North,Haryana,Faridabad,23485.64,4,0.0,17291.24,15189.22,Credit Card
ORD0011653,2025-04-24,CUST00700,Aarav Iyer,PROD0033,Sofa Item 33,Furniture,Sofas,South,Karnataka,Mysuru,53387.1,2,0.2,44745.58,8641.52,UPI
ORD0013246,2025-04-17,CUST00899,Pallavi Patel,PROD0071,Dairy Item 71,Grocery,Dairy,East,West Bengal,Kolkata,777.4,5,0.0,557.3,220.1,UPI
ORD0013779,11/04/2025,CUST00553,Ananya Patel,PROD0064,Beverage Item 64,GROCERY,Beverages,South,Karnataka,Mysuru,968.72,1,0.15,731.19,237.53,Credit Card
ORD0013087,2025-04-23,CUST00123,Karan Verma,PROD0055,Footwear Item 55,Clothing,Footwear,South,Telangana,Warangal,12694.2,5,0.15,9935.45,2758.75,Net Banking
ORD0013267,2025-04-15,CUST00150,Saanvi Sharma,PROD0013,Headphone Item 13,Electronics,Headphones,West,Maharashtra,Mumbai,67024.26,6,0.0,41106.9,25917.36,Debit Card
ORD0012829,2025-04-25,CUST00878,Karan Nair,PROD0037,Storage Unit Item 37,Furniture,Storage Units,South,Karnataka,Mysuru,34077.4,7,0.0,26553.52,7523.88,UPI
ORD0012525,2025-04-10,CUST00620,Saanvi Sharma,PROD0097,Appliance Item 97,Office Supplies,Appliances,South,Karnataka,Bengaluru,9757.75,6,0.1,6661.86,3095.89,UPI
ORD0014046,2025-04-07,CUST00531,Shreya Mehta,PROD0072,Dairy Item 72,Grocery,Dairy,East,West Bengal,Howrah,4581.94,6,0.05,3452.04,1129.9,Credit Card
ORD0012915,2025-04-30,CUST00836,Manish Kumar,PROD0007,Laptop Item 7,Electronics,Laptops,West,Maharashtra,Nagpur,46109.14,1,0.15,43187.57,2921.57,Cash on Delivery
ORD0012988,2025-04-22,CUST00652,Aryan Rao,PROD0006,Laptop Item 6,Electronics,Laptops,North,Punjab,Ludhiana,323687.07,7,0.0,248972.85,74714.22,Net Banking
ORD0012504,2025-04-18,CUST00015,Vikram Khan,PROD0011,Television Item 11,Electronics,Televisions,East,West Bengal,Howrah,35866.05,5,0.0,27310.2,8555.85,Debit Card
ORD0011280,2025-04-20,CUST00862,Riya Mehta,PROD0017,Camera Item 17,Electronics,Cameras,West,Rajasthan,Jaipur,151104.12,6,0.0,111817.62,39286.5,Credit Card
ORD0011659,2025-04-20,CUST00127,Kabir Nair,PROD0001,Mobile Phone Item 1,Electronics,Mobile Phones,East,Odisha,Bhubaneswar,82371.75,3,0.05,53312.73,66865.43,Cash on Delivery
ORD0012789,2025-04-17,CUST00658,Sneha Iyer,PROD0097,Appliance Item 97,Office Supplies,Appliances,South,Tamil Nadu,Coimbatore,9034.95,5,0.0,5551.55,3483.4,UPI
ORD0012500,2025-04-02,CUST00450,Aditi Kumar,PROD0061,Beverage Item 61,Grocery,Beverages,West,Gujarat,Ahmedabad,4574.53,5,0.15,3968.55,605.98,UPI
ORD0013708,11/04/2025,CUST00394,Aarav Das,PROD0053,Footwear Item 53,Clothing,Footwear,North,Punjab,Ludhiana,16628.54,7,0.1,11976.86,4651.68,UPI
ORD0013518,21-Apr-2025,CUST00295,Divya Chatterjee,PROD0004,Mobile Phone Item 4,Electronics,Mobile Phones,South,Tamil Nadu,Coimbatore,54876.83,2,0.1,35223.18,19653.65,Credit Card
ORD0013970,2025-04-12,CUST00574,Sanya Joshi,PROD0038,Storage Unit Item 38,Furniture,Storage Units,East,Odisha,Cuttack,9437.14,1,0.2,8281.47,1869.27,UPI
ORD0013543,2025-04-15,CUST00834,Manish Das,PROD0064,Beverage Item 64,Grocery,Beverages,South,Tamil Nadu,Coimbatore,1139.67,1,0.0,731.19,408.48,UPI
ORD0013715,2025-04-26,CUST00827,Vivaan Kumar,PROD0024,Chair Item 24,Furniture,Chairs,North,Delhi,New Delhi,119179.35,5,0.05,95698.95,23480.4,UPI
ORD0013437,2025-04-27,CUST00119,Riya Reddy,PROD0054,Footwear Item 54,Clothing,Footwear,West,Rajasthan,Udaipur,5937.36,2,0.2,4674.1,1263.26,Credit Card
ORD0013674,2025-04-30,CUST00349,Tanvi Kumar,PROD0022,Chair Item 22,Furniture,Chairs,East,Odisha,Bhubaneswar,34693.15,5,0.0,22668.25,12024.9,UPI
ORD0012821,2025-04-13,CUST00749,Vikram Joshi,PROD0071,Dairy Item 71,Grocery,Dairy,West,Gujarat,Ahmedabad,528.63,4,0.15,445.84,82.79,UPI
ORD0012227,04-24-2025,CUST00139,Priya Joshi,PROD0099,,Office Supplies,Appliances,East,West Bengal,Howrah,4452.0,4,0.2,4196.08,255.92,UPI
ORD0013054,2025-04-27,CUST00301,Karan Joshi,PROD0071,Dairy Item 71,Grocery,Dairy,North,Haryana,Gurugram,660.79,5,0.15,557.3,103.49,Net Banking
ORD0013692,2025-04-19,CUST00347,Sneha Malhotra,PROD0099,Appliance Item 99,office supplies,Appliances,North,Delhi,Rohini,9251.81,7,0.05,7343.14,1908.67,Cash on Delivery
ORD0012655,2025-04-06,CUST00729,Pallavi Khan,PROD0046,Women's Wear Item 46,Clothing,Women's Wear,East,Odisha,Cuttack,4687.24,2,0.1,3842.02,845.22,Debit Card
ORD0011438,2025-04-22,CUST00900,Priya Singh,PROD0009,Television Item 9,Electronics,Televisions,East,Bihar,Patna,12828.6,3,0.25,9996.87,2831.73,Credit Card
ORD0013704,2025-04-23,CUST00375,Ananya Patel,PROD0092,Art Supplie Item 92,Office Supplies,Art Supplies,South,Karnataka,Mysuru,4163.14,1,0.25,4223.26,-60.12,Debit Card
ORD0014058,16 April 2025,CUST00630,Vikram Joshi,PROD0068,Snack Item 68,Groceries,Snacks,South,Telangana,Warangal,1915.92,4,0.1,1515.2,400.72,UPI
ORD0013208,2025-04-18,CUST00276,Nikhil Reddy,PROD0011,Television Item 11,Electronics,Televisions,North,Delhi,Dwarka,7173.21,1,0.0,5462.04,1711.17,Debit Card
ORD0012086,2025-04-24,CUST00652,Aryan Rao,PROD0098,Appliance Item 98,Office Supplies,Appliances,South,Tamil Nadu,Coimbatore,17785.85,5,0.0,11605.2,6180.65,Credit Card
ORD0013256,2025-04-30,CUST00652,Aryan Rao,PROD0029,Bookcase Item 29,Furniture,Bookcases,East,West Bengal,Howrah,82157.01,3,0.0,55818.75,26338.26,Net Banking
ORD0011407,2025-04-30,CUST00316,Manish Nair,PROD0004,Mobile Phone Item 4,Electronics ,Mobile Phones,West,Gujarat,Ahmedabad,146338.22,6,0.2,105669.54,40668.68,UPI
ORD0012862,2025-04-22,CUST00296,Nikhil Rao,PROD0008,Laptop Item 8,Electronics,Laptops,East,Odisha,Bhubaneswar,300739.09,6,0.15,278891.22,21847.87,Credit Card
ORD0012117,2025-04-19,CUST00056,Saanvi Joshi,PROD0040,Storage Unit Item 40,Furniture,Storage Units,West,Rajasthan,Udaipur,106346.8,7,0.2,79336.04,27010.76,UPI
ORD0014250,2025-04-05,CUST00341,Tanvi Patel,PROD0080,Personal Care Item 80,Grocery,Personal Care,West,Gujarat,Surat,1919.16,3,0.05,1465.32,453.84,Cash on Delivery
ORD0012335,2025-04-03,CUST00256,Pallavi Mehta,PROD0012,Television Item 12,Electronics,Televisions,North,Delhi,New Delhi,159716.02,5,0.15,128823.4,30892.62,UPI
ORD0012783,2025-04-03,CUST00149,Divya Khan,PROD0048,Women's Wear Item 48,clothing,Women's Wear,East,Bihar,Gaya,8365.5,3,0.25,7356.03,2133.6,Credit Card
ORD0011956,2025-04-28,CUST00605,Saanvi Malhotra,PROD0030,Bookcase Item 30,Furniture,Bookcases,West,Rajasthan,Udaipur,89651.83,6,0.15,71978.46,17673.37,Credit Card
ORD0012169,2025-04-12,CUST00071,Pallavi Gupta,PROD0090,Art Supplie Item 90,Office Supplies,Art Supplies,South,Tamil Nadu,Coimbatore,2872.49,1,0.25,2426.41,446.08,Cash on Delivery
ORD0011292,2025-04-28,CUST00354,Aarav Kumar,PROD0075,Staple Item 75,Grocery,Staples,East,West Bengal,Kolkata,1039.72,1,0.0,635.97,403.75,Debit Card
ORD0013721,2025-04-24,CUST00321,Aryan Rao,PROD0093,Storage Item 93,Office Supplies,Storage,West,Maharashtra,Mumbai,18788.51,4,0.2,17291.24,1497.27,Credit Card
ORD0013327,2025-04-16,CUST00604,Sanya Mehta,PROD0028,Table Item 28,Furniture,Tables,South,Karnataka,Mysuru,131794.6,4,0.0,101745.08,30049.52,Credit Card
ORD0013686,2025-04-04,CUST00730,Rohan Singh,PROD0013,Headphone Item 13,Electronics,Headphones,North,Punjab,Amritsar,53060.87,5,0.05,34255.75,41072.0,Net Banking
ORD0011583,2025-04-28,CUST00707,Rohan Joshi,PROD0080,Personal Care Item 80,Grocery,Personal Care,North,Punjab,Amritsar,1279.44,2,0.05,976.88,302.56,Debit Card
ORD0013698,2025-04-02,CUST00452,Meera Rao,PROD0043,Men's Wear Item 43,Clothing,Men's Wear,East,West Bengal,Howrah,2770.08,4,0.2,2701.4,68.68,UPI
ORD0011970,2025-04-03,CUST00317,Rahul Reddy,PROD0100,Appliance Item 100,Office Supplies,Appliances,North,Delhi,New Delhi,36241.52,7,0.0,21452.27,14789.25,Credit Card
ORD0013310,2025-04-18,CUST00033,Neha Nair,PROD0003,Mobile Phone Item 3,Electronics,Mobile Phones,East,Odisha,Cuttack,184387.01,4,0.2,164364.84,20022.17,Credit Card
ORD0014477,2025-04-13,CUST00570,Manish Singh,PROD0045,Women's Wear Item 45,Clothing,Women's Wear,East,Odisha,Bhubaneswar,4465.64,3,0.05,3519.0,946.64,UPI
ORD0013665,2025-04-25,CUST00848,Ishaan Das,PROD0032,Bookcase Item 32,Furniture,Bookcases,South,Karnataka,Mysuru,8489.63,2,0.2,6170.0,2319.63,Cash on Delivery
ORD0011875,2025-04-30,CUST00843,Arjun Singh,PROD0009,Television Item 9,Electronics,Televisions,East,Bihar,Gaya,30788.64,6,0.1,19993.74,10794.9,Credit Card
ORD0013065,2025-04-08,CUST00498,Sanya Das,PROD0042,Men's Wear Item 42,Apparel,Men's Wear,East,West Bengal,Kolkata,9131.91,3,0.0,6092.73,3039.18,UPI
ORD0011986,2025-04-03,CUST00871,Neha Mehta,PROD0040,Storage Unit Item 40,Furniture,Storage Units,East,Bihar,Patna,18990.5,1,0.0,11333.72,7656.78,UPI
ORD0013861,2025-04-26,CUST00313,Karan Gupta,PROD0017,Camera Item 17,Electronics,Cameras,North,Haryana,Gurugram,113328.09,6,0.25,111817.62,1510.47,Credit Card
ORD0013903,2025-04-24,CUST00536,Aryan Gupta,PROD0076,Staple Item 76,Grocery,Staples,South,Telangana,Hyderabad,4908.18,6,0.0,2858.22,2049.96,Net Banking
ORD0013918,28-Apr-2025,CUST00793,Riya Nair,PROD0056,Footwear Item 56,Clothing,Footwear,East,West Bengal,Kolkata,4661.09,2,0.15,3838.14,822.95,UPI
ORD0012528,2025-04-10,CUST00702,Saanvi Nair,PROD0075,Staple Item 75,Grocery,Staples,South,Karnataka,Mysuru,3898.95,5,0.25,3179.85,719.1,Net Banking
ORD0013979,2025-04-16,CUST00409,Vivaan Verma,PROD0099,Appliance Item 99,Office Supplies,Appliances,South,Telangana,Hyderabad,3547.69,3,0.15,3147.06,400.63,UPI
ORD0011561,2025-04-21,CUST00765,Aarav Rao,PROD0057,Accessorie Item 57,Clothing,Accessories,North,Delhi,Rohini,10246.5,5,0.0,8069.3,2177.2,UPI
ORD0012722,2025-04-18,CUST00493,Pooja Das,PROD0008,Laptop Item 8,Electronics,Laptops,East,Bihar,Patna,176905.35,3,0.0,139445.61,37459.74,Cash on Delivery
ORD0012997,2025-04-04,CUST00160,Rajesh Joshi,PROD0019,Camera Item 19,Electronics,Cameras,North,Delhi,New Delhi,336651.12,7,0.15,229779.76,106871.36,Debit Card
ORD0011990,2025-04-19,CUST00587,Kavya Patel,PROD0011,Television Item 11,Electronics,Televisions,West,Gujarat,Surat,19367.67,3,0.1,16386.12,2981.55,UPI
ORD0011754,2025-04-05,CUST00524,Rohan Kumar,PROD0057,Accessorie Item 57,Clothing,Accessories,West,Maharashtra,Mumbai,2049.3,1,0.0,1613.86,435.44,UPI
ORD0012576,2025-04-12,CUST00195,Amit Patel,PROD0035,Sofa Item 35,Furniture,Sofas,South,Karnataka,Mysuru,118566.3,6,,71368.56,47197.74,Net Banking
ORD0013642,2025-04-16,CUST00071,Pallavi Gupta,PROD0034,Sofa Item 34,Furniture,Sofas,South,Karnataka,Bengaluru,66799.26,2,0.0,39471.3,27327.96,UPI
ORD0011826,2025-04-29,CUST00003,Neha Chatterjee,PROD0026,Table Item 26,Furniture,Tables,North,Delhi,Dwarka,113730.48,6,0.0,69614.58,44115.9,Credit Card
ORD0013943,2025-04-27,CUST00715,Saanvi Joshi,PROD0091,Art Supplie Item 91,Office Supplies,Art Supplies,North,Haryana,Gurugram,5855.08,4,0.05,4796.04,1059.04,Credit Card
ORD0012834,2025-04-30,CUST00599,Tanvi Malhotra,PROD0059,Accessorie Item 59,Clothing,Accessories,North,Delhi,New Delhi,2808.95,1,0.0,2139.02,669.93,UPI
ORD0011684,2025-04-05,CUST00143,Rahul Malhotra,PROD0089,Art Supplie Item 89,Office Supplies,Art Supplies,North,Haryana,Gurugram,11926.22,4,0.1,8910.96,3015.26,Debit Card
ORD0012672,12 April 2025,CUST00525,Aryan Verma,PROD0044,Men's Wear Item 44,Clothing,Men's Wear,West,Gujarat,Surat,2501.01,2,0.2,1758.6,742.41,UPI
ORD0012441,10 April 2025,CUST00609,Sanya Mehta,PROD0061,Beverage Item 61,Grocery,Beverages,North,Haryana,Gurugram,7157.79,7,0.05,5555.97,1601.82,Net Banking
ORD0011426,2025-04-20,CUST00521,Tanvi Chatterjee,PROD0070,Dairy Item 70,Grocery,Dairy,East,Odisha,Bhubaneswar,2919.31,7,0.25,2263.24,656.07,Debit Card
ORD0013823,2025-04-29,CUST00865,Rahul Verma,PROD0022,Chair Item 22,Furniture,Chairs,North,Delhi,Dwarka,43713.37,7,0.1,31735.55,11977.82,Credit Card
ORD0013183,16 April 2025,CUST00669,Riya Iyer,PROD0076,Staple Item 76,Groceries,Staples,North,Delhi,New Delhi,4908.18,6,0.0,2858.22,2049.96,UPI
ORD0012926,2025-04-28,CUST00054,Shreya Das,PROD0095,Storage Item 95,Office Supplies,Storage,West,Maharashtra,Pune,2788.81,1,,1949.56,839.25,Credit Card
ORD0011620,2025-04-17,CUST00278,Pallavi Singh,PROD0005,Laptop Item 5,Electronics,Laptops,West,Maharashtra,Nagpur,61003.2,5,0.25,50729.75,10273.45,Credit Card
ORD0013233,2025-04-01,CUST00835,Sanya Mehta,PROD0045,Women's Wear Item 45,Clothing,Women's Wear,South,Karnataka,Mysuru,4700.67,3,0.0,3519.0,1181.67,Net Banking
ORD0012513,2025-04-14,CUST00152,Aarav Rao,PROD0087,Binder Item 87,Office Supplies,Binders,South,Tamil Nadu,Coimbatore,18083.08,7,0.05,14923.02,3160.06,UPI
ORD0013850,2025-04-27,CUST00743,Neha Chatterjee,PROD0032,Bookcase Item 32,Furniture,Bookcases,East,Odisha,Cuttack,4244.82,1,0.2,3085.0,1159.82,Credit Card
ORD0012164,2025-04-25,CUST00472,Sneha Khan,PROD0081,Paper Item 81,Office Supplies,Paper,West,Maharashtra,Nagpur,5722.24,1,0.0,4019.96,1702.28,Cash on Delivery
ORD0013132,2025-04-13,CUST00543,Meera Chatterjee,PROD0005,Laptop Item 5,Electronics,Laptops,West,Rajasthan,Jaipur,12200.64,1,0.25,10145.95,2054.69,UPI
ORD0012235,04-Apr-2025,CUST00584,Aarav Reddy,PROD0033,Sofa Item 33,Furniture,Sofas,South,Telangana,Hyderabad,85085.7,3,0.15,67118.37,17967.33,Debit Card
ORD0011673,2025-04-30,CUST00040,Vikram Das,PROD0003,Mobile Phone Item 3,Electronics,Mobile Phones,South,Telangana,Warangal,273699.47,5,0.05,205456.05,68243.42,Debit Card
ORD0013610,2025-04-09,CUST00649,Rohan Das,PROD0080,Personal Care Item 80,Grocery,Personal Care,West,Rajasthan,Jaipur,4713.73,7,0.0,3419.08,1294.65,Credit Card
ORD0013442,2025-04-27,CUST00554,Rohan Rao,PROD0100,Appliance Item 100,Office Supplies,Appliances,South,Karnataka,Mysuru,9836.98,2,0.05,6129.22,3707.76,UPI
ORD0014106,2025-04-22,CUST00688,Amit Malhotra,PROD0044,Men's Wear Item 44,Clothing,Men's Wear,South,Telangana,Hyderabad,3751.51,3,0.2,2637.9,1113.61,Cash on Delivery
ORD0012766,2025-04-18,CUST00382,Rajesh Rao,PROD0067,Snack Item 67,Grocery,Snacks,South,Tamil Nadu,Chennai,1207.01,2,0.05,986.92,220.09,Net Banking
ORD0013191,2025-04-07,CUST00204,Rahul Patel,PROD0067,Snack Item 67,Grocery ,Snacks,North,Delhi,New Delhi,1016.43,2,0.2,986.92,29.51,UPI
ORD0013044,2025-04-06,CUST00322,Divya Khan,PROD0083,Paper Item 83,Office-Supplies,Paper,West,Maharashtra,Nagpur,9556.32,6,0.2,9485.04,71.28,Debit Card
ORD0013266,2025-04-14,CUST00115,Vikram Patel,PROD0046,Women's Wear Item 46,Clothing,Women's Wear,West,Maharashtra,Nagpur,2604.02,1,0.0,1921.01,683.01,Credit Card
ORD0014047,2025-04-24,CUST00062,Riya Khan,PROD0046,Women's Wear Item 46,Clothing,Women's Wear,North,Haryana,Gurugram,15624.12,6,0.0,11526.06,4098.06,Credit Card
ORD0012631,2025-04-19,CUST00467,Rohan Das,PROD0005,Laptop Item 5,Electronics,Laptops,South,Karnataka,Bengaluru,48802.56,3,0.0,30437.85,18364.71,Credit Card
ORD0013049,11 April 2025,CUST00663,Divya Gupta,PROD0066,Snack Item 66,Grocery,Snacks,East,West Bengal,Howrah,2088.27,4,0.25,2032.44,55.83,Net Banking
ORD0014209,2025-04-06,CUST00403,Manish Joshi,PROD0075,,Grocery,Staples,West,Maharashtra,Mumbai,3119.16,3,0.0,1907.91,1211.25,UPI
ORD0014266,2025-04-22,CUST00304,Ananya Singh,PROD0025,Table Item 25,Furniture,Tables,East,West Bengal,Kolkata,55278.85,2,0.1,38991.88,16286.97,Debit Card
ORD0014216,2025-04-04,CUST00190,Kavya Iyer,PROD0058,Accessorie Item 58,Clothing,Accessories,South,Karnataka,Bengaluru,3136.08,2,0.0,1863.8,1272.28,Credit Card
ORD0012173,15 April 2025,CUST00613,Neha Malhotra,PROD0048,Women's Wear Item 48,CLOTHING,Women's Wear,South,Karnataka,Bengaluru,14872.0,5,0.2,12260.05,2611.95,Credit Card
ORD0014169,2025-04-12,CUST00766,Aditi Sharma,PROD0062,Beverage Item 62,Grocery,Beverages,North,Punjab,Ludhiana,5952.9,5,0.0,4064.95,1887.95,Credit Card
ORD0011468,2025-04-25,CUST00304,Ananya Singh,PROD0098,Appliance Item 98,Office Supplies,Appliances,West,Gujarat,Ahmedabad,3023.59,1,0.15,2321.04,1499.07,Debit Card
ORD0011401,2025-04-18,CUST00047,Divya Reddy,PROD0012,Television Item 12,Electronics,Televisions,West,Maharashtra,Nagpur,150320.96,5,0.2,128823.4,21497.56,Debit Card
ORD0013882,2025-04-13,CUST00359,Sanya Khan,PROD0013,Headphone Item 13,Electronics,Headphones,East,West Bengal,Howrah,50268.2,5,0.1,34255.75,16012.45,Debit Card
ORD0013347,2025-04-23,CUST00203,Priya Singh,PROD0099,Appliance Item 99,Office Supplies,Appliances,East,West Bengal,Kolkata,2782.5,2,0.0,2098.04,684.46,Credit Card
ORD0012646,2025-04-09,CUST00744,Ishaan Sharma,PROD0019,Camera Item 19,Electronics,Cameras,East,Bihar,Gaya,339480.12,6,0.0,196954.08,142526.04,Cash on Delivery
ORD0013085,2025-04-03,CUST00841,Rajesh Sharma,PROD0063,Beverage Item 63,Grocery,Beverages,South,Karnataka,Bengaluru,1618.0,2,0.0,1012.26,605.74,Debit Card
ORD0011571,2025-04-16,CUST00574,Sanya Joshi,PROD0034,Sofa Item 34,Furniture,Sofas,North,Haryana,Gurugram,166998.15,5,0.0,98678.25,68319.9,Credit Card
ORD0011582,2025-04-23,CUST00245,Manish Kumar,PROD0094,Storage Item 94,Office Supplies,Storage,West,Gujarat,Ahmedabad,25824.62,7,0.2,23908.71,1915.91,Net Banking
ORD0012680,2025-04-21,CUST00721,Shreya Singh,PROD0010,Television Item 10,Electronics,Televisions,West,Maharashtra,Nagpur,30898.06,2,0.2,26581.0,4317.06,UPI
ORD0012520,2025-04-15,CUST00193,Aarav Verma,PROD0079,Personal Care Item 79,GROCERY,Personal Care,West,Rajasthan,Jaipur,4661.74,5,0.15,3294.1,1367.64,Credit Card
ORD0013192,2025-04-09,CUST00015,Vikram Khan,PROD0045,Women's Wear Item 45,Clothing,Women's Wear,North,Haryana,Gurugram,7521.07,6,0.2,7038.0,483.07,UPI
ORD0012048,2025-04-15,CUST00655,Neha Chatterjee,PROD0008,Laptop Item 8,Electronics,Laptops,West,Gujarat,Ahmedabad,212286.42,4,0.1,185927.48,26358.94,Credit Card
ORD0012878,09/04/2025,CUST00515,Vikram Nair,PROD0038,Storage Unit Item 38,Furniture,Storage Units,North,Delhi,New Delhi,11796.43,1,0.0,8281.47,3514.96,UPI
ORD0014361,2025-04-19,CUST00385,Ishaan Reddy,PROD0017,Camera Item 17,Electronics,Cameras,North,Haryana,Gurugram,95699.28,4,0.05,74545.08,21154.2,UPI
ORD0014204,2025-04-10,CUST00359,Sanya Khan,PROD0018,Camera Item 18,Electronics,Cameras,East,Bihar,Patna,186730.6,5,0.2,140445.55,46285.05,Net Banking
ORD0014296,2025-04-19,CUST00186,Arjun Das,PROD0054,Footwear Item 54,Clothing,Footwear,East,West Bengal,Howrah,22079.56,7,0.15,16359.35,5720.21,Credit Card
ORD0013892,2025-04-22,CUST00707,Rohan Joshi,PROD0070,Dairy Item 70,Grocery,Dairy,West,Maharashtra,Mumbai,2502.27,5,0.1,1616.6,885.67,UPI
ORD0013991,2025-04-02,CUST00839,Ishaan Reddy,PROD0098,Appliance Item 98,Office Supplies,Appliances,North,Delhi,Dwarka,14228.68,4,0.0,9284.16,4944.52,Debit Card
ORD0012417,04-19-2025,CUST00543,Meera Chatterjee,PROD0062,Beverage Item 62,Grocery,Beverages,North,Punjab,Amritsar,5952.9,5,0.0,4064.95,1887.95,Debit Card
ORD0012104,26-Apr-2025,CUST00706,Vivaan Singh,PROD0018,Camera Item 18,Electronic,Cameras,East,Bihar,Gaya,233413.25,5,0.0,140445.55,92967.7,UPI
ORD0011948,09 April 2025,CUST00686,Amit Nair,PROD0002,Mobile Phone Item 2,Electronics,Mobile Phones,East,Odisha,Cuttack,16570.52,4,0.0,11108.44,5462.08,Debit Card
ORD0011592,2025-04-25,CUST00749,Vikram Joshi,PROD0045,Women's Wear Item 45,Clothing,Women's Wear,West,Maharashtra,Mumbai,1566.89,1,0.0,1173.0,393.89,UPI
ORD0012925,2025-04-09,CUST00828,Ishaan Gupta,PROD0071,Dairy Item 71,Grocery,Dairy,South,Karnataka,Bengaluru,155.48,1,0.0,111.46,44.02,Credit Card
ORD0011317,2025-04-12,CUST00473,Diya Verma,PROD0098,Appliance Item 98,Office Supplies,Appliances,West,Gujarat,Ahmedabad,6402.91,2,0.1,4642.08,1760.83,Cash on Delivery
ORD0012565,2025-04-23,CUST00068,Shreya Iyer,PROD0060,Accessorie Item 60,Clothing,Accessories,South,Telangana,Hyderabad,897.88,2,0.0,594.76,303.12,UPI
ORD0014119,2025-04-13,CUST00063,Divya Kumar,PROD0004,Mobile Phone Item 4,Electronics,Mobile Phones,West,Maharashtra,Mumbai,213409.91,7,0.0,123281.13,190006.62,UPI
ORD0012890,2025-04-07,CUST00896,Pooja Rao,PROD0086,Binder Item 86,Office Supplies,Binders,East,Odisha,Cuttack,21052.52,4,0.0,14790.6,6261.92,Debit Card
ORD0013277,2025-04-13,CUST00542,Rajesh Singh,PROD0034,Sofa Item 34,furniture,Sofas,West,Rajasthan,Udaipur,75149.17,3,0.25,59206.95,15942.22,Debit Card
ORD0012555,2025-04-14,CUST00232,,PROD0004,Mobile Phone Item 4,Electronics,Mobile Phones,North,Haryana,Faridabad,22865.35,1,0.25,17611.59,5253.76,Credit Card
ORD0013821,2025-04-18,CUST00309,Rohan Iyer,PROD0096,Storage Item 96,Office Supplies,Storage,South,Karnataka,Bengaluru,4552.02,4,0.25,4316.56,235.46,Credit Card
ORD0013447,2025-04-09,CUST00553,Ananya Patel,PROD0052,Kids Wear Item 52,Clothing,Kids Wear,South,Tamil Nadu,Chennai,583.06,1,0.25,457.18,125.88,Net Banking
ORD0011867,2025-04-07,CUST00676,Vivaan Reddy,PROD0065,Snack Item 65,Grocery,Snacks,East,Odisha,Cuttack,1618.72,2,0.1,1170.48,448.24,UPI
ORD0013736,2025-04-16,CUST00872,Rahul Sharma,PROD0006,Laptop Item 6,Electronics,Laptops,South,Tamil Nadu,Chennai,36992.81,1,0.2,35567.55,1425.26,Credit Card
ORD0013053,2025-04-22,CUST00530,Neha Iyer,PROD0019,Camera Item 19,Electronics,Cameras,East,West Bengal,Howrah,339480.12,6,0.0,196954.08,142526.04,Credit Card
ORD0012124,2025-04-16,CUST00769,Ishaan Verma,PROD0084,Paper Item 84,Office Supplies,Paper,North,Haryana,Faridabad,13273.69,6,0.1,10638.96,2634.73,Debit Card
ORD0013784,2025-04-24,CUST00300,Karan Das,PROD0065,Snack Item 65,Grocery,Snacks,North,Punjab,Amritsar,5350.78,7,0.15,4096.68,1254.1,Credit Card
ORD0013815,25/04/2025,CUST00377,Aditi Rao,PROD0065,Snack Item 65,Grocery,Snacks,North,Delhi,Rohini,899.29,1,0.0,585.24,314.05,Cash on Delivery
ORD0011506,2025-04-28,CUST00043,Karan Mehta,PROD0100,Appliance Item 100,Office Supplies,Appliances,East,West Bengal,Howrah,26404.54,6,0.15,18387.66,8016.88,Credit Card
ORD0013617,2025-04-04,CUST00307,Shreya Reddy,PROD0023,Chair Item 23,Furniture,Chairs,East,Odisha,Bhubaneswar,90637.06,7,0.2,69259.75,21377.31,Cash on Delivery
ORD0013812,2025-04-12,CUST00581,Pooja Khan,PROD0065,Snack Item 65,Grocery,Snacks,East,Bihar,Patna,3821.98,5,0.15,2926.2,895.78,Debit Card
ORD0014384,2025-04-26,CUST00724,Rajesh Malhotra,PROD0046,Women's Wear Item 46,Clothing,Women's Wear,North,Haryana,Faridabad,4426.83,2,0.15,3842.02,584.81,UPI
ORD0013994,18-Apr-2025,CUST00224,Ananya Malhotra,PROD0027,Table Item 27,Furniture,Tables,West,Gujarat,Ahmedabad,43567.19,5,0.05,27071.9,16495.29,Net Banking
ORD0012720,2025-04-06,CUST00736,Amit Mehta,PROD0049,Kids Wear Item 49,Clothing,Kids Wear,East,Bihar,Patna,1998.26,1,0.25,1466.93,531.33,UPI
ORD0012673,2025-04-06,CUST00425,Nikhil Kumar,PROD0091,Art Supplie Item 91,Office Supplies,Art Supplies,East,West Bengal,Kolkata,7318.85,5,0.05,5995.05,1323.8,Debit Card
ORD0013576,2025-04-09,CUST00877,Karan Reddy,PROD0092,Art Supplie Item 92,Office Supplies,Art Supplies,West,Gujarat,Ahmedabad,33305.16,6,0.0,25339.56,7965.6,Debit Card
ORD0012054,2025-04-26,,Saanvi Gupta,PROD0089,Art Supplie Item 89,Office Supplies,Art Supplies,North,Delhi,Dwarka,9938.52,4,0.25,8910.96,1027.56,UPI
ORD0012805,18/04/2025,CUST00427,Rajesh Gupta,PROD0036,Sofa Item 36,Furniture,Sofas,East,Bihar,Patna,18917.82,2,0.0,10546.94,8370.88,Debit Card
ORD0012833,2025-04-29,CUST00535,Arjun Sharma,PROD0012,Television Item 12,Electronics ,Televisions,East,West Bengal,Howrah,37580.24,1,0.0,25764.68,11815.56,Credit Card
ORD0011476,2025-04-04,CUST00016,Rahul Gupta,PROD0035,Sofa Item 35,Furniture,Sofas,North,Haryana,Faridabad,106709.67,6,0.1,71368.56,35341.11,UPI
ORD0013519,14-Apr-2025,CUST00665,Aryan Nair,PROD0062,Beverage Item 62,Groceries,Beverages,East,Odisha,Cuttack,1190.58,1,0.0,812.99,377.59,UPI
ORD0013307,2025-04-27,CUST00473,Diya Verma,PROD0016,Headphone Item 16,Electronics,Headphones,East,Bihar,Patna,15054.34,1,0.2,12096.41,2957.93,Net Banking
ORD0014271,2025-04-06,CUST00407,Aryan Iyer,PROD0013,Headphone Item 13,Electronics,Headphones,North,Punjab,Amritsar,78194.97,7,0.0,47958.05,30236.92,Credit Card
ORD0013702,2025-04-17,CUST00076,Divya Iyer,PROD0038,Storage Unit Item 38, Furniture,Storage Units,North,Delhi,New Delhi,20053.93,2,0.15,16562.94,3490.99,UPI
ORD0011614,2025-04-15,CUST00374,Sanya Nair,PROD0042,Men's Wear Item 42,Clothing,Men's Wear,West,Maharashtra,Mumbai,5479.15,2,0.1,4061.82,1417.33,UPI
ORD0013403,2025-04-14,CUST00344,Neha Kumar,PROD0091,Art Supplie Item 91,Office Supplies,Art Supplies,West,Maharashtra,Mumbai,2619.38,2,0.15,2398.02,221.36,Net Banking
ORD0012027,2025-04-15,CUST00534,Sneha Das,PROD0054,Footwear Item 54,Clothing,Footwear,South,Tamil Nadu,Chennai,18925.34,6,0.15,14022.3,4903.04,UPI
ORD0012020,2025-04-23,CUST00545,Riya Patel,PROD0079,Personal Care Item 79,Grocery,Personal Care,West,Gujarat,Surat,4935.96,6,0.25,3952.92,983.04,UPI
ORD0011269,2025-04-01,CUST00766,Aditi Sharma,PROD0004,Mobile Phone Item 4,Electronics,Mobile Phones,North,Delhi,Rohini,30487.13,1,0.0,17611.59,12875.54,Debit Card
ORD0012180,2025-04-18,CUST00108,Manish Iyer,PROD0026,Table Item 26,Furniture,Tables,West,Maharashtra,Pune,113730.48,6,0.0,69614.58,44115.9,Cash on Delivery
ORD0014248,2025-04-16,CUST00023,Aditi Malhotra,PROD0050,Kids Wear Item 50,Clothing,Kids Wear,South,Karnataka,Mysuru,15901.84,5,0.2,12328.4,3573.44,Cash on Delivery
ORD0013885,2025-04-13,CUST00866,Shreya Rao,PROD0030,Bookcase Item 30,Furniture,Bookcases,North,Haryana,Gurugram,44825.91,3,0.15,35989.23,8836.68,Credit Card
ORD0013234,2025-04-12,CUST00759,Priya Sharma,PROD0018,Camera Item 18,Electronics,Cameras,South,Tamil Nadu,Chennai,233413.25,5,0.0,140445.55,92967.7,Net Banking
ORD0014009,2025-04-23,CUST00486,Saanvi Reddy,PROD0099,Appliance Item 99,Office-Supplies,Appliances,South,Telangana,Warangal,7512.75,6,0.1,6294.12,1218.63,Cash on Delivery
ORD0013095,2025-04-21,CUST00083,Neha Chatterjee,PROD0025,Table Item 25,Furniture,Tables,West,Maharashtra,Nagpur,61420.94,2,0.0,38991.88,22429.06,Debit Card
ORD0013950,24/04/2025,CUST00536,Aryan Gupta,PROD0075,Staple Item 75,Grocery,Staples,North,Punjab,Ludhiana,1039.72,1,0.0,635.97,403.75,Debit Card
ORD0011806,2025-04-21,CUST00135,Karan Kumar,PROD0052,Kids Wear Item 52,clothing,Kids Wear,West,Maharashtra,Nagpur,3109.64,4,0.0,1828.72,1280.92,Debit Card
ORD0013623,2025-04-03,CUST00141,Saanvi Khan,PROD0069,Dairy Item 69,Grocery,Dairy,North,Delhi,New Delhi,377.16,1,0.15,289.32,87.84,Debit Card
ORD0012132,2025-04-03,,Sneha Gupta,PROD0087,Binder Item 87,Office-Supplies,Binders,North,Delhi,New Delhi,10877.04,4,0.0,8527.44,2349.6,Debit Card
ORD0011548,2025-04-17,CUST00012,Kabir Rao,PROD0042,Men's Wear Item 42,Clothing,Men's Wear,West,Gujarat,Surat,9131.91,3,0.0,6092.73,3039.18,Credit Card
ORD0013980,2025-04-23,CUST00775,Priya Sharma,PROD0046,Women's Wear Item 46,clothing,Women's Wear,West,Gujarat,Ahmedabad,15624.12,6,0.0,11526.06,4098.06,Credit Card
ORD0011763,2025-04-08,CUST00701,Divya Gupta,PROD0042,Men's Wear Item 42,Clothing,Men's Wear,West,Maharashtra,Pune,15219.85,5,0.0,10154.55,5065.3,Credit Card
ORD0013052,2025-04-17,CUST00276,Nikhil Reddy,PROD0040,Storage Unit Item 40,Furniture,Storage Units,West,Maharashtra,Mumbai,15192.4,1,0.2,11333.72,3858.68,UPI
ORD0013822,27-Apr-2025,CUST00332,Vivaan Gupta,PROD0071,Dairy Item 71,Groceries,Dairy,West,Gujarat,Surat,925.11,7,0.15,780.22,299.74,Credit Card
ORD0011792,24-Apr-2025,CUST00747,Aarav Nair,PROD0038,Storage Unit Item 38,Furniture,Storage Units,East,West Bengal,Kolkata,11796.43,1,0.0,8281.47,3514.96,Cash on Delivery
ORD0011633,2025-04-07,CUST00197,Kavya Kumar,PROD0020,Camera Item 20,Electronics,Cameras,North,Delhi,Rohini,377461.98,7,0.0,217077.98,160384.0,UPI
ORD0014260,2025-04-28,CUST00424,Ishaan Sharma,PROD0046,Women's Wear Item 46,clothing,Women's Wear,North,Delhi,Dwarka,2083.22,1,0.2,1921.01,162.21,Debit Card
ORD0014245,2025-04-11,CUST00349,Tanvi Kumar,PROD0059,Accessorie Item 59,Clothing,Accessories,East,Bihar,Patna,19662.65,7,0.0,14973.14,4689.51,Credit Card
ORD0013272,23/04/2025,CUST00743,Neha Chatterjee,PROD0095,Storage Item 95,office supplies,Storage,East,West Bengal,Howrah,11008.46,5,0.25,9747.8,1260.66,Debit Card
ORD0013216,2025-04-21,CUST00203,Priya Singh,PROD0001,Mobile Phone Item 1,Electronic,Mobile Phones,North,Punjab,Amritsar,122835.07,5,0.15,88854.55,33980.52,Credit Card
ORD0012698,2025-04-11,CUST00503,Diya Rao,PROD0062,Beverage Item 62,Grocery,Beverages,North,Delhi,Rohini,6667.25,7,0.2,5690.93,976.32,Credit Card
ORD0011240,14-Apr-2025,CUST00169,Rajesh Nair,PROD0039,Storage Unit Item 39,Furniture,Storage Units,South,Karnataka,Bengaluru,13362.78,1,0.2,10859.15,2503.63,Debit Card
ORD0012717,15-Apr-2025,CUST00022,Tanvi Nair,PROD0059,Accessorie Item 59,Clothing,Accessories,East,West Bengal,Howrah,6741.48,3,0.2,6417.06,324.42,Credit Card
ORD0012980,2025-04-07,CUST00533,Manish Reddy,PROD0080,Personal Care Item 80,Grocery,Personal Care,East,Odisha,Bhubaneswar,4478.04,7,0.05,3419.08,1058.96,Debit Card
ORD0012463,04-28-2025,CUST00127,Kabir Nair,PROD0025,Table Item 25,Furniture,Tables,East,West Bengal,Kolkata,116699.79,4,0.05,77983.76,38716.03,UPI
ORD0013086,2025-04-07,CUST00844,Neha Reddy,PROD0100,Appliance Item 100,Office Supplies,Appliances,South,Telangana,Hyderabad,20709.44,5,0.2,15323.05,5386.39,Credit Card
ORD0014415,2025-04-16,CUST00662,Vikram Rao,PROD0062,Beverage Item 62,Grocery,Beverages,East,Odisha,Bhubaneswar,4762.32,4,0.0,3251.96,1510.36,UPI
ORD0012981,2025-04-02,CUST00289,Sneha Singh,PROD0015,Headphone Item 15,Electronic,Headphones,East,Bihar,Gaya,90977.19,3,0.15,78538.2,12438.99,UPI
ORD0013241,2025-04-15,CUST00711,Rajesh Malhotra,PROD0080,Personal Care Item 80,Grocery,Personal Care,South,Tamil Nadu,Chennai,2693.56,4,0.0,1953.76,739.8,Debit Card
ORD0014181,2025-04-11,CUST00848,Ishaan Das,PROD0068,Snack Item 68,Grocery,Snacks,South,Telangana,Warangal,2128.8,4,0.0,1515.2,613.6,UPI
ORD0012474,2025-04-23,CUST00523,Tanvi Patel,PROD0080,Personal Care Item 80,Grocery,Personal Care,East,West Bengal,Howrah,3636.31,6,0.1,2930.64,705.67,Debit Card
ORD0011531,2025-04-27,CUST00452,Meera Rao,PROD0079,Personal Care Item 79,Grocery,Personal Care,West,Rajasthan,Udaipur,1042.04,1,0.05,658.82,383.22,UPI
ORD0014065,2025-04-14,CUST00224,Ananya Malhotra,PROD0050,Kids Wear Item 50,Clothing,Kids Wear,South,Telangana,Warangal,15106.75,4,0.05,9862.72,5244.03,Debit Card
ORD0011757,2025-04-02,CUST00817,Aditi Rao,PROD0008,Laptop Item 8,Electronics,Laptops,South,Telangana,Hyderabad,53071.6,1,0.1,46481.87,6589.73,UPI
ORD0013732,2025-04-07,CUST00772,Aditi Kumar,PROD0056,Footwear Item 56,Clothing,Footwear,South,Karnataka,Bengaluru,11652.74,5,0.15,9595.35,2057.39,Credit Card
ORD0012619,2025-04-17,CUST00091,Rajesh Patel,PROD0093,Storage Item 93,Office Supplies,Storage,South,Tamil Nadu,Coimbatore,5871.41,1,0.0,4322.81,1548.6,UPI
ORD0013818,2025-04-05,CUST00860,Neha Singh,PROD0042,Men's Wear Item 42,Clothing,Men's Wear,East,Odisha,Cuttack,14458.86,5,0.05,10154.55,4304.31,UPI
ORD0013881,2025-04-25,CUST00242,Rohan Joshi,PROD0080,Personal Care Item 80,Grocery,Personal Care,South,Telangana,Warangal,3535.3,7,0.25,3419.08,116.22,Net Banking
ORD0011611,2025-04-14,CUST00221,Pallavi Iyer,PROD0045,Women's Wear Item 45,Clothing,Women's Wear,North,Haryana,Faridabad,1488.55,1,0.05,1173.0,315.55,Credit Card
ORD0012208,2025-04-09,CUST00819,Ishaan Kumar,PROD0013,Headphone Item 13,Electronics,Headphones,West,Gujarat,Surat,70375.47,7,0.1,47958.05,22417.42,Net Banking
ORD0012802,2025-04-07,CUST00884,Sanya Khan,PROD0035,Sofa Item 35,Furniture,Sofas,West,Maharashtra,Mumbai,47426.52,3,0.2,35684.28,11742.24,UPI
ORD0013370,2025-04-24,CUST00587,Kavya Patel,PROD0001,Mobile Phone Item 1,Electronics,Mobile Phones,West,Rajasthan,Udaipur,104048.53,4,0.1,71083.64,32964.89,UPI
ORD0013755,2025-04-23,CUST00658,Sneha Iyer,PROD0097,Appliance Item 97,Office Supplies,Appliances,South,Tamil Nadu,Coimbatore,12648.93,7,0.0,7772.17,4876.76,UPI
ORD0012743,2025-04-16,CUST00863,Vikram Joshi,PROD0025,Table Item 25,Furniture,Tables,East,Bihar,Gaya,61420.94,2,0.0,38991.88,22429.06,UPI
ORD0014116,16/04/2025,CUST00882,Aarav Kumar,PROD0011,Television Item 11,Electronics,Televisions,North,Punjab,Ludhiana,28692.84,5,0.2,27310.2,1382.64,Debit Card
ORD0011769,2025-04-26,CUST00334,Sanya Chatterjee,PROD0042,Men's Wear Item 42,Clothing,Men's Wear,South,Telangana,Warangal,9131.91,3,0.0,6092.73,3039.18,UPI
ORD0013076,2025-04-16,CUST00594,Ishaan Kumar,PROD0044,Men's Wear Item 44,Clothing,Men's Wear,South,Telangana,Warangal,1563.13,1,0.0,879.3,683.83,UPI
ORD0014468,2025-04-13,CUST00330,Aditi Iyer,PROD0013,Headphone Item 13,Electronics,Headphones,West,Maharashtra,Mumbai,67024.26,6,0.0,41106.9,25917.36,UPI
ORD0014048,2025-04-19,CUST00174,Pallavi Rao,PROD0047,Women's Wear Item 47,Clothing,Women's Wear,East,Odisha,Bhubaneswar,6149.25,2,0.05,3903.08,2246.17,Credit Card
ORD0014052,2025-04-10,CUST00434,Nikhil Chatterjee,PROD0095,Storage Item 95,Office Supplies,Storage,West,Maharashtra,Pune,5577.62,2,0.05,3899.12,1678.5,Net Banking
ORD0012879,2025-04-03,CUST00115,Vikram Patel,PROD0087,Binder Item 87,Office Supplies,Binders,West,Gujarat,Ahmedabad,8701.63,4,0.2,8527.44,174.19,Credit Card
ORD0012554,2025-04-25,CUST00460,Rohan Das,PROD0100,Appliance Item 100,Office Supplies,Appliances,South,Telangana,Warangal,14755.48,3,0.05,9193.83,5561.65,Debit Card
ORD0012889,2025-04-24,CUST00854,Pallavi Rao,PROD0074,Staple Item 74,GROCERY,Staples,North,Punjab,Amritsar,1664.88,6,0.0,1239.54,425.34,UPI
ORD0012553,2025-04-28,CUST00133,Pallavi Kumar,PROD0045,Women's Wear Item 45,Clothing,Women's Wear,East,Odisha,Bhubaneswar,5640.8,4,0.1,4692.0,948.8,UPI
ORD0011974,2025-04-18,CUST00559,Pallavi Kumar,PROD0076,Staple Item 76,Grocery,Staples,East,Bihar,Patna,1636.06,2,0.0,952.74,683.32,Debit Card
ORD0013129,2025-04-26,CUST00389,Neha Verma,PROD0024,Chair Item 24,Furniture,Chairs,South,Telangana,Warangal,175632.73,7,0.0,133978.53,41654.2,Cash on Delivery
ORD0014225,2025-04-18,CUST00208,Aarav Das,PROD0078,Personal Care Item 78,Grocery,Personal Care,North,Haryana,Faridabad,1504.2,4,0.0,1081.04,423.16,Cash on Delivery
ORD0014344,2025-04-22,CUST00042,Ishaan Chatterjee,PROD0001,Mobile Phone Item 1,Electronics,Mobile Phones,East,Bihar,Gaya,26012.13,1,0.1,17770.91,8241.22,Credit Card
ORD0011385,2025-04-07,CUST00060,Rohan Verma,PROD0088,Binder Item 88,Office Supplies,Binders,West,Maharashtra,Nagpur,35969.57,7,0.0,22680.77,13288.8,Credit Card
ORD0012388,2025-04-06,CUST00727,Vivaan Gupta,PROD0055,Footwear Item 55,Clothing,Footwear,West,Maharashtra,Mumbai,11200.76,5,0.25,9935.45,1265.31,UPI
ORD0012343,2025-04-02,CUST00813,Vikram Malhotra,PROD0079,Personal Care Item 79,Grocery,Personal Care,North,Punjab,Amritsar,2961.58,3,0.1,1976.46,985.12,Debit Card
ORD0012091,2025-04-18,CUST00782,Rohan Rao,PROD0008,Laptop Item 8,Electronics,Laptops,West,Gujarat,Surat,94349.52,2,0.2,92963.74,1385.78,UPI
ORD0011253,2025-04-11,CUST00757,Manish Nair,PROD0085,Binder Item 85,Office Supplies,Binders,North,Punjab,Amritsar,675.56,3,0.05,462.24,213.32,Credit Card
ORD0013087,2025-04-23,,Karan Verma,PROD0055,Footwear Item 55,Clothing,Footwear,South,Telangana,Warangal,12694.2,5,0.15,9935.45,2758.75,Net Banking
ORD0012930,2025-04-30,CUST00395,Vikram Sharma,PROD0068,Snack Item 68,Grocery,Snacks,West,Maharashtra,Mumbai,798.3,2,0.25,757.6,40.7,UPI
ORD0011893,2025-04-27,CUST00467,Rohan Das,PROD0031,Bookcase Item 31,Furniture,Bookcases,South,Karnataka,Bengaluru,57451.89,4,0.25,50453.56,6998.33,Credit Card
ORD0014254,2025-04-20,CUST00274,Neha Kumar,PROD0027,Table Item 27,Furniture,Tables,North,Delhi,Dwarka,7796.23,1,0.15,5414.38,2381.85,UPI
ORD0014252,2025-04-07,CUST00334,Sanya Chatterjee,PROD0028,Table Item 28,Furniture,Tables,West,Maharashtra,Mumbai,65897.3,2,0.0,50872.54,15024.76,Credit Card
ORD0014149,2025-04-21,CUST00164,Rohan Sharma,PROD0088,Binder Item 88,Office Supplies,Binders,West,Rajasthan,Jaipur,20554.04,4,0.0,12960.44,7593.6,Cash on Delivery
ORD0011789,2025-04-02,CUST00771,Priya Gupta,PROD0072,Dairy Item 72,Grocery,Dairy,South,Karnataka,Bengaluru,3858.48,6,0.2,3452.04,406.44,Net Banking
ORD0011260,2025-04-04,CUST00155,Ananya Verma,PROD0065,Snack Item 65,Grocery,Snacks,South,Tamil Nadu,Coimbatore,4496.45,5,0.0,2926.2,1570.25,Credit Card
ORD0011958,2025-04-24,CUST00131,Shreya Patel,PROD0074,Staple Item 74,Grocery,Staples,East,Odisha,Bhubaneswar,277.48,two,0.0,206.59,70.89,Debit Card
ORD0012898,2025-04-04,CUST00024,Rahul Rao,PROD0072,Dairy Item 72,Grocery,Dairy,East,Odisha,Bhubaneswar,4019.25,5,0.0,2876.7,1142.55,Net Banking
ORD0013092,2025-04-06,CUST00579,Diya Chatterjee,PROD0058,Accessorie Item 58,Clothing,Accessories,South,Telangana,Warangal,1489.64,1,0.05,931.9,557.74,UPI
ORD0011347,2025-04-30,CUST00261,Arjun Patel,PROD0028,Table Item 28,Furniture,Tables,South,Karnataka,Mysuru,31301.22,1,,25436.27,5864.95,Credit Card
ORD0011439,02/04/2025,CUST00373,Shreya Nair,PROD0007,Laptop Item 7,Electronics,Laptops,South,Karnataka,Mysuru,81369.08,2,0.25,86375.14,-5006.06,Credit Card
ORD0011676,2025-04-28,CUST00104,Manish Malhotra,PROD0032,Bookcase Item 32,Furnitures,Bookcases,North,Haryana,Faridabad,21224.08,5,0.2,15425.0,5799.08,Credit Card
ORD0013070,2025-04-06,CUST00456,Shreya Patel,PROD0024,Chair Item 24,Furniture,Chairs,South,Telangana,Hyderabad,50180.78,2,0.0,38279.58,11901.2,UPI
ORD0012697,2025-04-21,CUST00442,Rahul Patel,PROD0016,Headphone Item 16,Electronics,Headphones,East,Odisha,Bhubaneswar,94089.6,5,0.0,60482.05,33607.55,Credit Card
ORD0011565,2025-04-18,CUST00386,Riya Malhotra,PROD0051,Kids Wear Item 51,Clothing,Kids Wear,West,Maharashtra,Pune,2648.15,5,0.0,1759.85,888.3,UPI
ORD0011861,2025-04-16,CUST00619,Aarav Verma,PROD0023,Chair Item 23,Furniture,Chairs,East,West Bengal,Kolkata,87400.03,6,0.1,59365.5,28034.53,Net Banking
ORD0013560,2025-04-12,CUST00286,Rajesh Reddy,PROD0010,Television Item 10,Electronics,Televisions,North,Punjab,Amritsar,57933.87,3,0.0,39871.5,18062.37,Debit Card
ORD0013855,2025-04-17,CUST00596,Neha Iyer,PROD0059,Accessorie Item 59,CLOTHING,Accessories,South,Karnataka,Mysuru,7584.16,3,0.1,6417.06,1167.1,Credit Card
ORD0011530,2025-04-15,CUST00231,Tanvi Patel,PROD0084,Paper Item 84,Office Supplies,Paper,West,Maharashtra,Nagpur,14011.11,6,,10638.96,3372.15,Cash on Delivery
ORD0011663,2025-04-30,CUST00527,Sanya Malhotra,PROD0017,Camera Item 17,Electronics,Cameras,West,Gujarat,Surat,18888.02,1,0.25,18636.27,251.75,Cash on Delivery
ORD0014021,2025-04-09,CUST00714,Aryan Rao,PROD0057,Accessorie Item 57,Clothing,Accessories,West,Gujarat,Surat,4918.32,3,0.2,4841.58,76.74,Cash on Delivery
ORD0013475,2025-04-21,CUST00466,Vikram Mehta,PROD0039,Storage Unit Item 39,Furniture,Storage Units,West,Rajasthan,Jaipur,80176.7,6,0.2,65154.9,15021.8,Cash on Delivery
ORD0011400,2025-04-19,CUST00162,Karan Rao,PROD0008,Laptop Item 8,Electronics,Laptops,North,Punjab,Ludhiana,294842.25,-5,0.0,232409.35,62432.9,UPI
ORD0011890,2025-04-13,CUST00652,Aryan Rao,PROD0090,Art Supplie Item 90,Office Supplies,Art Supplies,North,Punjab,Amritsar,26809.93,7,0.0,16984.87,9825.06,UPI
ORD0013924,2025-04-01,CUST00827,Vivaan Kumar,PROD0016,Headphone Item 16,Electronics,Headphones,West,Rajasthan,Udaipur,35754.05,2,0.05,24192.82,11561.23,Debit Card
ORD0011226,2025-04-02,,Riya Verma,PROD0009,Television Item 9,electronics,Televisions,East,Bihar,Gaya,15394.32,3,0.1,9996.87,5397.45,UPI
ORD0012539,2025-04-10,CUST00144,Ishaan Kumar,PROD0062,Beverage Item 62,Grocery,Beverages,East,West Bengal,Howrah,952.46,1,0.2,812.99,139.47,Cash on Delivery
ORD0013842,2025-04-05,CUST00891,Vivaan Nair,PROD0092,Art Supplie Item 92,OFFICE SUPPLIES,Art Supplies,South,Tamil Nadu,Chennai,31084.82,7,0.2,29562.82,1522.0,Debit Card
ORD0011686,2025-04-12,CUST00721,Shreya Singh,PROD0014,Headphone Item 14,Electronics,Headphones,East,West Bengal,Howrah,20668.68,2,0.05,16599.84,4068.84,Cash on Delivery
ORD0011518,2025-04-29,CUST00626,Rohan Reddy,PROD0081,Paper Item 81,Office Supplies,Paper,South,Karnataka,Mysuru,27180.64,5,0.05,20099.8,7080.84,Cash on Delivery
ORD0012885,2025-04-20,CUST00593,Neha Iyer,PROD0079,Personal Care Item 79,Grocery,Personal Care,North,Punjab,Ludhiana,7678.16,7,0.0,4611.74,3066.42,UPI
ORD0014078,2025-04-17,CUST00296,Nikhil Rao,PROD0003,Mobile Phone Item 3,Electronics,Mobile Phones,West,Gujarat,Ahmedabad,273699.47,5,0.05,205456.05,68243.42,UPI
ORD0012626,21/04/2025,CUST00178,Pallavi Malhotra,PROD0045,Women's Wear Item 45,Clothing,Women's Wear,East,Odisha,Bhubaneswar,7834.45,5,0.0,5865.0,1969.45,UPI
ORD0011279,23 April 2025,CUST00169,Rajesh Nair,PROD0023,Chair Item 23,Furniture,Chairs,South,Telangana,Hyderabad,68787.06,5,0.15,49471.25,19315.81,Credit Card
ORD0012162,2025-04-10,CUST00486,Saanvi Reddy,PROD0006,Laptop Item 6,Electronics,Laptops,West,Rajasthan,Jaipur,184964.04,4,0.0,142270.2,42693.84,UPI
ORD0013949,2025-04-28,CUST00519,Sneha Sharma,PROD0065,Snack Item 65,Grocery,Snacks,East,West Bengal,Howrah,4856.17,6,0.1,3511.44,1344.73,UPI
ORD0013962,2025-04-13,CUST00579,Diya Chatterjee,PROD0070,Dairy Item 70,Grocery,Dairy,North,Delhi,Dwarka,444.85,1,0.2,323.32,121.53,UPI
ORD0014040,25 April 2025,CUST00810,Diya Malhotra,PROD0071,Dairy Item 71,Grocery,Dairy,East,West Bengal,Kolkata,466.44,3,0.0,334.38,132.06,UPI
ORD0011884,2025-04-03,CUST00018,Amit Verma,PROD0074,Staple Item 74,Grocery,Staples,North,Punjab,Amritsar,277.48,1,0.0,206.59,70.89,UPI
ORD0011563,2025-04-19,CUST00290,Amit Verma,PROD0100,Appliance Item 100,Office Supplies,Appliances,South,Karnataka,Mysuru,25886.8,5,0.0,15323.05,10563.75,Credit Card
ORD0013868,2025-04-02,CUST00378,Vikram Khan,PROD0074,Staple Item 74,Grocery,Staples,East,West Bengal,Howrah,1942.36,7,0.0,1446.13,496.23,Credit Card
ORD0014304,2025-04-07,CUST00739,Priya Reddy,PROD0028,Table Item 28,Furnitures,Tables,North,Delhi,New Delhi,32948.65,1,0.0,25436.27,7512.38,UPI
ORD0013457,2025-04-19,CUST00246,Sneha Chatterjee,PROD0026,Table Item 26,Furniture,Tables,East,Bihar,Gaya,96670.91,6,0.15,69614.58,27056.33,Net Banking
ORD0012772,2025-04-17,CUST00760,Priya Khan,PROD0072,Dairy Item 72,Grocery,Dairy,East,Odisha,Bhubaneswar,3215.4,5,,2876.7,338.7,UPI
ORD0012817,2025-04-09,CUST00011,Sanya Nair,PROD0003,Mobile Phone Item 3,Electronics,Mobile Phones,West,Maharashtra,Mumbai,383179.25,7,0.05,287638.47,95540.78,Cash on Delivery
ORD0014039,2025-04-10,CUST00094,Ishaan Reddy,PROD0014,Headphone Item 14,Electronics,Headphones,West,Rajasthan,Udaipur,76147.75,7,0.0,58099.44,18048.31,Credit Card
ORD0012022,2025-04-30,CUST00832,Kabir Singh,PROD0022,Chair Item 22,Furniture,Chairs,East,Odisha,Bhubaneswar,41284.85,7,0.15,31735.55,9549.3,Credit Card
ORD0014291,2025-04-13,CUST00744,Ishaan Sharma,PROD0015,Headphone Item 15,Electronics,Headphones,North,Delhi,Rohini,142709.32,4,0.0,104717.6,37991.72,Cash on Delivery
ORD0011301,2025-04-27,CUST00647,Rahul Sharma,PROD0050,Kids Wear Item 50,Clothing,Kids Wear,West,Maharashtra,Pune,3975.46,1,0.0,2465.68,1509.78,Net Banking
ORD0013414,2025-04-27,,Sanya Nair,PROD0059,Accessorie Item 59,Clothing,Accessories,North,Punjab,Ludhiana,5617.9,2,0.0,4278.04,1339.86,UPI
ORD0011608,2025-04-19,CUST00304,Ananya Singh,PROD0088,Binder Item 88,Office Supplies,Binders,North,Delhi,New Delhi,29289.51,6,0.05,19440.66,9848.85,Credit Card
ORD0014309,2025-04-08,CUST00664,Aryan Verma,PROD0084,Paper Item 84,Office Supplies,Paper,North,Haryana,Faridabad,14625.64,7,0.15,12412.12,2213.52,Credit Card
ORD0011259,04-14-2025,CUST00540,Neha Chatterjee,PROD0039,Storage Unit Item 39,Furniture,Storage Units,South,Telangana,Warangal,66813.92,4,0.0,43436.6,23377.32,Net Banking
ORD0011881,2025-04-11,CUST00814,Pooja Kumar,PROD0021,Chair Item 21,Furniture,Chairs,West,Gujarat,Surat,68930.82,7,0.0,52499.09,16431.73,UPI
ORD0011361,2025-04-11,CUST00667,Neha Joshi,PROD0022,Chair Item 22,Furniture,Chairs,North,Delhi,Dwarka,17693.51,3,0.15,13600.95,4092.56,Net Banking
ORD0013771,2025-04-09,CUST00696,Ananya Singh,PROD0038,Storage Unit Item 38,FURNITURE,Storage Units,West,Rajasthan,Udaipur,23592.86,2,0.0,16562.94,7029.92,Credit Card
ORD0013609,2025-04-03,CUST00303,Nikhil Singh,PROD0081,Paper Item 81,Office Supplies,Paper,West,Gujarat,Surat,5436.13,1,0.05,4019.96,1416.17,Debit Card
ORD0011972,2025-04-17,CUST00797,Kavya Sharma,PROD0035,Sofa Item 35,Furniture,Sofas,West,Gujarat,Ahmedabad,98805.25,5,0.0,59473.8,39331.45,Debit Card
ORD0014110,2025-04-09,CUST00809,Shreya Singh,PROD0065,Snack Item 65,Grocery,Snacks,East,Odisha,Cuttack,2158.3,3,0.2,1755.72,402.58,Credit Card
ORD0013101,2025-04-19,CUST00221,Pallavi Iyer,PROD0083,Paper Item 83,Office Supplies,Paper,South,Karnataka,Bengaluru,8959.05,5,0.1,7904.2,1054.85,Net Banking
ORD0011996,2025-04-19,CUST00439,Vikram Mehta,PROD0096,Storage Item 96,Office Supplies,Storage,West,Rajasthan,Udaipur,10621.38,7,0.0,7553.98,3067.4,UPI
ORD0012158,2025-04-28,CUST00558,Kabir Khan,PROD0077,Personal Care Item 77,Grocery,Personal Care,South,Tamil Nadu,Chennai,1319.15,4,0.1,856.96,462.19,Credit Card
ORD0013137,2025-04-20,CUST00063,Divya Kumar,PROD0069,Dairy Item 69,Grocery,Dairy,West,Gujarat,Surat,354.98,1,0.2,289.32,65.66,UPI
ORD0013260,2025-04-01,CUST00593,Neha Iyer,PROD0091,Art Supplie Item 91,office supplies,Art Supplies,North,Delhi,Rohini,10785.67,five,0.0,8393.07,2392.6,UPI
ORD0012159,2025-04-17,CUST00184,Priya Nair,PROD0017,Camera Item 17,Electronics,Cameras,West,Maharashtra,Pune,100736.08,4,0.0,74545.08,26191.0,Credit Card
ORD0013679,2025-04-20,CUST00205,Rajesh Sharma,PROD0002,Mobile Phone Item 2,Electronics,Mobile Phones,East,Odisha,Cuttack,27548.49,7,0.05,19439.77,8108.72,UPI
ORD0012242,03 April 2025,CUST00780,Pallavi Chatterjee,PROD0048,Women's Wear Item 48,Clothing,Women's Wear,West,Gujarat,Surat,23423.4,7,0.1,17164.07,6259.33,Credit Card
ORD0012824,2025-04-21,CUST00836,Manish Kumar,PROD0021,Chair Item 21,Furniture,Chairs,East,Odisha,Bhubaneswar,39389.04,4,0.0,29999.48,9389.56,Cash on Delivery
ORD0011854,2025-04-20,CUST00526,Sanya Nair,PROD0019,Camera Item 19,Electronics,Cameras,East,Bihar,Patna,282900.1,5,0.0,164128.4,118771.7,Debit Card
ORD0013608,2025-04-26,CUST00615,Ishaan Iyer,PROD0007,Laptop Item 7,Electronics,Laptops,South,Tamil Nadu,Coimbatore,43396.84,1,0.2,43187.57,209.27,UPI
ORD0012869,2025-04-14,CUST00687,Rahul Reddy,PROD0078,Personal Care Item 78,Grocery,Personal Care,East,West Bengal,Kolkata,714.5,2,0.05,540.52,173.98,Credit Card
ORD0011205,2025-04-27,CUST00133,Pallavi Kumar,PROD0087,Binder Item 87,Office Supplies,Binders,South,Tamil Nadu,Coimbatore,2447.33,1,0.1,2131.86,315.47,Debit Card
ORD0011722,2025-04-29,CUST00150,Saanvi Sharma,PROD0060,Accessorie Item 60,Clothing,Accessories,West,Maharashtra,Mumbai,2985.45,7,0.05,2081.66,903.79,UPI
ORD0013050,2025-04-10,CUST00317,Rahul Reddy,PROD0009,Television Item 9,Electronics,Televisions,West,Maharashtra,Pune,21381.0,5,0.25,16661.45,4719.55,Credit Card
ORD0013923,2025-04-02,CUST00057,Vikram Khan,PROD0078,Personal Care Item 78,GROCERY,Personal Care,South,Tamil Nadu,Chennai,564.08,2,0.25,540.52,23.56,Credit Card
ORD0011625,2025-04-25,CUST00011,Sanya Nair,PROD0019,Camera Item 19,Electronics,Cameras,North,Punjab,Ludhiana,48093.02,1,0.15,32825.68,15267.34,Net Banking
ORD0013612,2025-04-03,CUST00878,Karan Nair,PROD0087,Binder Item 87,Office Supplies,Binders,North,Haryana,Gurugram,10197.22,5,0.25,10659.3,-1339.77,UPI
ORD0011305,2025-04-17,CUST00472,Sneha Khan,PROD0073,Staple Item 73,Grocery,Staples,East,Odisha,Bhubaneswar,436.38,6,0.0,275.64,160.74,UPI
ORD0014500,2025-04-04,CUST00338,Karan Mehta,PROD0004,,Electronic,Mobile Phones,North,Punjab,Amritsar,91461.39,3,0.0,52834.77,38626.62,Net Banking
ORD0012265,2025-04-21,CUST00090,Sneha Singh,PROD0004,Mobile Phone Item 4,Electronics,Mobile Phones,North,Punjab,Ludhiana,121948.52,4,0.0,70446.36,51502.16,Credit Card
ORD0013489,2025-04-25,CUST00158,Rohan Das,PROD0010,Television Item 10,Electronics,Televisions,East,West Bengal,Howrah,77245.16,5,0.2,66452.5,10792.66,Credit Card
ORD0012095,2025-04-25,CUST00389,Neha Verma,PROD0078,Personal Care Item 78,Grocery,Personal Care,East,Odisha,Cuttack,1203.36,4,0.2,1081.04,122.32,Credit Card
ORD0012575,2025-04-20,CUST00317,Rahul Reddy,PROD0075,Staple Item 75,Grocery,Staples,West,Gujarat,Surat,1975.47,2,0.05,1271.94,703.53,Debit Card
ORD0011960,11 April 2025,CUST00297,Rohan Malhotra,PROD0075,Staple Item 75,Grocery,Staples,North,Delhi,New Delhi,831.78,1,0.2,635.97,195.81,Net Banking
ORD0011399,2025-04-02,CUST00726,Saanvi Sharma,PROD0076,Staple Item 76,Grocery,Staples,West,Rajasthan,Jaipur,2454.09,3,0.0,1429.11,1024.98,Debit Card
ORD0014064,24/04/2025,CUST00649,Rohan Das,PROD0027,Table Item 27,Furniture,Tables,North,Delhi,Rohini,64204.28,7,0.0,37900.66,26303.62,UPI
ORD0011247,2025-04-14,CUST00524,Rohan Kumar,PROD0037,Storage Unit Item 37,Furniture,Storage Units,South,Telangana,Hyderabad,20689.85,5,0.15,18966.8,1723.05,Net Banking
ORD0011786,2025-04-19,CUST00864,Rajesh Kumar,PROD0053,Footwear Item 53,Cloths,Footwear,East,Bihar,Gaya,9502.02,4,0.1,6843.92,2658.1,Cash on Delivery
ORD0011630,2025-04-13,CUST00452,Meera Rao,PROD0034,Sofa Item 34,Furniture,Sofas,West,Maharashtra,Mumbai,80159.11,3,0.2,59206.95,20952.16,UPI
ORD0014427,2025-04-23,CUST00628,Riya Verma,PROD0051,Kids Wear Item 51,Clothing,Kids Wear,North,Haryana,Gurugram,3707.41,7,0.0,2463.79,1243.62,UPI
ORD0012358,2025-04-16,CUST00693,,PROD0077,Personal Care Item 77,Grocery,Personal Care,West,Maharashtra,Nagpur,2308.51,7,0.1,1499.68,808.83,Debit Card
ORD0013113,2025-04-02,CUST00458,Pooja Khan,PROD0042,Men's Wear Item 42,Clothing,Men's Wear,South,Telangana,Hyderabad,-18263.82,6,0.0,12185.46,6078.36,Credit Card
ORD0013531,2025-04-24,CUST00728,Pooja Verma,PROD0026,Table Item 26,Furniture,Tables,West,Rajasthan,Jaipur,17059.57,1,0.1,11602.43,5457.14,Credit Card
ORD0011372,2025-04-03,CUST00663,Divya Gupta,PROD0078,Personal Care Item 78,Grocery,Personal Care,West,Gujarat,Ahmedabad,958.93,3,0.15,810.78,148.15,UPI
ORD0013588,2025-04-23,CUST00376,Rajesh Patel,PROD0069,Dairy Item 69,Grocery,Dairy,West,Gujarat,Surat,1663.95,5,0.25,1446.6,217.35,Net Banking
ORD0013463,04-15-2025,CUST00034,Sneha Nair,PROD0010,Television Item 10,Electronics,Televisions,South,Telangana,Warangal,49243.79,3,0.15,39871.5,9372.29,Credit Card
ORD0013188,2025-04-30,CUST00145,Vikram Khan,PROD0029,Bookcase Item 29,Furniture,Bookcases,South,Tamil Nadu,Coimbatore,23277.82,1,0.15,18606.25,4671.57,Debit Card
ORD0011939,2025-04-07,CUST00520,Rahul Chatterjee,PROD0070,Dairy Item 70,Grocery,Dairy,East,Bihar,Gaya,2113.03,4,0.05,1293.28,819.75,Credit Card
ORD0012326,2025-04-18,CUST00496,Arjun Singh,PROD0011,Television Item 11,Electronics,Televisions,West,Rajasthan,Jaipur,42680.6,7,0.15,38234.28,4446.32,Credit Card
ORD0011760,2025-04-26,CUST00296,Nikhil Rao,PROD0059,Accessorie Item 59,Clothing,Accessories,South,Tamil Nadu,Coimbatore,2387.61,1,0.15,2139.02,613.58,Credit Card
ORD0011637,2025-04-05,CUST00223,Sanya Das,PROD0028,Table Item 28,Furniture,Tables,South,Telangana,Warangal,187807.31,6,0.05,152617.62,35189.69,Net Banking
ORD0012031,2025-04-08,CUST00882,Aarav Kumar,PROD0094,Storage Item 94,OfficeSupplies,Storage,South,Karnataka,Mysuru,18446.16,5,0.2,17077.65,1368.51,Credit Card
ORD0011472,2025-04-12,CUST00851,Rohan Patel,PROD0089,Art Supplie Item 89,Office Supplies,Art Supplies,East,Odisha,Bhubaneswar,15901.63,6,0.2,13366.44,2535.19,Net Banking
ORD0012716,2025-04-04,CUST00122,Aditi Das,PROD0001,Mobile Phone Item 1,Electronics,Mobile Phones,South,Karnataka,Mysuru,173414.22,6,0.0,106625.46,66788.76,Cash on Delivery
ORD0012149,2025-04-11,CUST00374,Sanya Nair,PROD0099,Appliance Item 99,Office Supplies,Appliances,East,Bihar,Gaya,8764.88,7,0.1,7343.14,1421.74,Debit Card
ORD0012836,2025-04-06,CUST00792,Sanya Reddy,PROD0013,Headphone Item 13,Electronics,Headphones,West,Maharashtra,Mumbai,unknown,1,0.0,6851.15,4319.56,Credit Card
ORD0012749,2025-04-26,CUST00846,Shreya Rao,PROD0080,Personal Care Item 80,Grocery,Personal Care,West,Rajasthan,Udaipur,2154.85,4,0.2,1953.76,201.09,Credit Card
ORD0013895,2025-04-03,CUST00075,Nikhil Sharma,PROD0090,Art Supplie Item 90,Office Supplies,Art Supplies,East,Bihar,Patna,21447.94,7,0.2,16984.87,4463.07,Credit Card
ORD0014249,2025-04-17,CUST00331,Kabir Mehta,PROD0011,Television Item 11,electronics,Televisions,South,Karnataka,Bengaluru,17215.7,3,0.2,16386.12,829.58,UPI
ORD0013106,05-Apr-2025,CUST00845,Rajesh Verma,PROD0041,Men's Wear Item 41,Clothing,Men's Wear,East,West Bengal,Kolkata,11873.49,3,0.0,8959.47,2914.02,Debit Card
ORD0013696,2025-04-21,CUST00870,Aarav Gupta,PROD0099,Appliance Item 99,Office Supplies,Appliances,South,Telangana,Warangal,1391.25,1,,1049.02,342.23,Credit Card
ORD0014118,2025-04-07,CUST00587,Kavya Patel,PROD0040,Storage Unit Item 40,Furniture,Storage Units,North,Haryana,Faridabad,90204.88,5,0.05,56668.6,33536.28,Credit Card
ORD0012342,2025-04-27,CUST00881,Kavya Reddy,PROD0002,Mobile Phone Item 2,Electronics,Mobile Phones,North,Punjab,Amritsar,11806.5,3,0.05,8331.33,3475.17,Debit Card
ORD0013606,2025-04-18,,Nikhil Kumar,PROD0044,Men's Wear Item 44,Clothing,Men's Wear,East,Odisha,Bhubaneswar,6643.3,5,0.15,4396.5,6297.98,Credit Card
ORD0012989,21 April 2025,CUST00160,Rajesh Joshi,PROD0034,Sofa Item 34,Furniture,Sofas,North,Delhi,Dwarka,26719.7,1,0.2,19735.65,6984.05,UPI
ORD0011952,2025-04-11,CUST00293,Neha Rao,PROD0074,Staple Item 74,Grocery,Staples,South,Karnataka,Bengaluru,263.61,1,0.05,206.59,57.02,Credit Card
ORD0014203,2025-04-15,CUST00100,Arjun Malhotra,PROD0072,Dairy Item 72,Grocery ,Dairy,East,West Bengal,Kolkata,3416.36,5,0.15,2876.7,1110.64,Cash on Delivery
ORD0014182,2025-04-12,CUST00852,Aryan Gupta,PROD0043,Men's Wear Item 43,Clothing,Men's Wear,West,Gujarat,Ahmedabad,N/A,6,0.0,4052.1,1141.8,Net Banking
ORD0012305,2025-04-20,CUST00395,Vikram Sharma,PROD0077,Personal Care Item 77,Grocery,Personal Care,East,Bihar,Gaya,1374.11,5,0.25,1071.2,302.91,UPI
ORD0012779,2025-04-09,CUST00807,Aryan Mehta,PROD0064,Beverage Item 64,Grocery,Beverages,West,Rajasthan,Udaipur,4102.81,4,0.1,2924.76,1178.05,Debit Card
ORD0014228,2025-04-26,CUST00730,Rohan Singh,PROD0025,Table Item 25,Furniture,Tables,West,Gujarat,Ahmedabad,193475.96,7,0.1,136471.58,57004.38,UPI
ORD0011364,2025-04-24,CUST00153,Vikram Patel,PROD0047,Women's Wear Item 47,Clothing,Women's Wear,East,Bihar,Patna,2912.8,1,0.1,1951.54,961.26,UPI
ORD0013317,2025-04-30,CUST00842,Vivaan Joshi,PROD0001,Mobile Phone Item 1,Electronics,Mobile Phones,West,Maharashtra,Pune,171969.1,7,0.15,124396.37,47572.73,Debit Card
ORD0013557,2025-04-24,CUST00350,Vivaan Verma,PROD0081,Paper Item 81,Office Supplies,Paper,East,West Bengal,Kolkata,5436.13,1,0.05,4019.96,1416.17,Debit Card
ORD0012799,2025-04-05,CUST00589,Ananya Gupta,PROD0090,Art Supplie Item 90,Office Supplies,Art Supplies,North,Delhi,Dwarka,14362.46,5,0.25,12132.05,2230.41,Debit Card
ORD0012825,2025-04-27,CUST00836,Manish Kumar,PROD0049,Kids Wear Item 49,Clothing,Kids Wear,East,Bihar,Gaya,5328.7,2,,2933.86,2394.84,Debit Card
ORD0014455,2025-04-20,CUST00447,Sanya Malhotra,PROD0038,Storage Unit Item 38,Furniture,Storage Units,East,Odisha,Cuttack,17694.64,2,0.25,16562.94,1131.7,Debit Card
ORD0012308,2025-04-24,CUST00405,Kavya Malhotra,PROD0003,Mobile Phone Item 3,Electronics,Mobile Phones,East,Bihar,Gaya,288104.7,5,0.0,205456.05,82648.65,Net Banking
ORD0013178,04-19-2025,CUST00549,Divya Joshi,PROD0006,Laptop Item 6,Electronics,Laptops,North,Punjab,Amritsar,323687.07,7,0.0,248972.85,74714.22,UPI
ORD0013667,01-Apr-2025,CUST00497,Kabir Reddy,PROD0018,Camera Item 18,Electronics,Cameras,South,Karnataka,Mysuru,233413.25,5,0.0,140445.55,173562.42,Debit Card
ORD0011271,2025-04-30,CUST00690,Sanya Singh,PROD0068,Snack Item 68,Grocery,Snacks,West,Maharashtra,Mumbai,3352.86,7,0.1,2651.6,701.26,Debit Card
ORD0014156,2025-04-21,CUST00404,Vikram Verma,PROD0063,Beverage Item 63,Grocery,Beverages,North,Punjab,Amritsar,4854.0,6,0.0,3036.78,5275.17,UPI
ORD0012085,2025-04-07,CUST00560,Tanvi Khan,PROD0079,Personal Care Item 79,Grocery,Personal Care,North,Delhi,Dwarka,1864.7,2,0.15,1317.64,547.06,Net Banking
ORD0011398,2025-04-07,CUST00835,Sanya Mehta,PROD0084,Paper Item 84,Office Supplies,Paper,East,West Bengal,Howrah,8849.12,4,0.1,7092.64,1756.48,UPI
ORD0014472,04-13-2025,CUST00734,Riya Reddy,PROD0050,Kids Wear Item 50,Clothing,Kids Wear,South,Tamil Nadu,Coimbatore,15106.75,4,0.05,9862.72,5244.03,Debit Card
ORD0011689,2025-04-17,CUST00758,Rohan Rao,PROD0066,Snack Item 66,Grocery,Snacks,West,Rajasthan,Jaipur,591.68,1,0.15,508.11,83.57,Debit Card
ORD0011872,2025-04-30,CUST00057,Vikram Khan,PROD0046,Women's Wear Item 46,Clothing,Women's Wear,North,Delhi,New Delhi,10416.08,4,0.0,7684.04,2732.04,Net Banking
ORD0012435,2025-04-28,CUST00304,Ananya Singh,PROD0065,Snack Item 65,Grocery,Snacks,West,Rajasthan,Jaipur,3417.3,4,0.05,2340.96,1076.34,Credit Card
ORD0011602,2025-04-23,CUST00503,Diya Rao,PROD0014,Headphone Item 14,Electronics,Headphones,East,Odisha,Cuttack,19580.85,2,0.1,16599.84,6872.93,Credit Card
ORD0013114,2025-04-22,CUST00282,Priya Patel,PROD0053,Footwear Item 53,Clothing,Footwear,North,Haryana,Faridabad,18476.15,7,0.0,11976.86,6499.29,Net Banking
ORD0013652,2025-04-17,CUST00638,Manish Mehta,PROD0026,Table Item 26,Furniture,Tables,South,Tamil Nadu,Coimbatore,56865.24,3,0.0,34807.29,22057.95,Debit Card
ORD0012276,2025-04-15,CUST00025,Aryan Joshi,PROD0036,Sofa Item 36,Furniture,Sofas,West,Gujarat,Ahmedabad,37835.64,5,0.2,26367.35,11468.29,Credit Card
ORD0013133,2025-04-15,CUST00341,Tanvi Patel,PROD0072,Dairy Item 72,Grocery,Dairy,South,Tamil Nadu,Coimbatore,2572.32,4,0.2,2301.36,270.96,UPI
ORD0011215,2025-04-23,CUST00832,Kabir Singh,PROD0024,Chair Item 24,Furniture,Chairs,North,Punjab,Amritsar,112906.76,6,0.25,114838.74,-1931.98,UPI
ORD0013765,2025-04-06,CUST00243,Rahul Gupta,PROD0001,Mobile Phone Item 1,Electronics,Mobile Phones,East,Bihar,Gaya,147402.09,6,0.15,106625.46,40776.63,Credit Card
ORD0011975,2025-04-26,CUST00528,Aditi Malhotra,PROD0069,Dairy Item 69,grocery,Dairy,East,Bihar,Patna,1131.49,3,0.15,867.96,263.53,Net Banking
ORD0014425,02-Apr-2025,CUST00815,Kavya Patel,PROD0066,Snack Item 66,Grocery,Snacks,North,Punjab,Ludhiana,4141.74,7,0.15,3556.77,584.97,Debit Card
ORD0013000,04-23-2025,CUST00321,Aryan Rao,PROD0021,Chair Item 21,Furniture,Chairs,West,Maharashtra,Nagpur,33480.68,4,0.15,29999.48,3481.2,Cash on Delivery
ORD0012752,2025-04-16,CUST00764,Ananya Patel,PROD0026,Table Item 26,Furniture,Tables,West,Gujarat,Surat,72029.3,4,0.05,46409.72,25619.58,Cash on Delivery
ORD0013395,05-Apr-2025,CUST00738,Pallavi Iyer,PROD0061,Beverage Item 61,Grocery,Beverages,South,Karnataka,Mysuru,6458.16,6,0.0,4762.26,1695.9,Debit Card
ORD0013161,03 April 2025,CUST00728,Pooja Verma,PROD0006,Laptop Item 6,Electronics,Laptops,West,Rajasthan,Jaipur,69361.52,2,0.25,71135.1,-1773.58,Credit Card
ORD0014439,2025-04-10,CUST00317,Rahul Reddy,PROD0073,Staple Item 73,GROCERY,Staples,East,West Bengal,Kolkata,196.37,3,0.1,137.82,58.55,UPI
ORD0013452,2025-04-18,CUST00775,Priya Sharma,PROD0013,Headphone Item 13,Electronics,Headphones,North,Haryana,Faridabad,26809.7,3,0.2,20553.45,6256.25,Cash on Delivery
ORD0014405,26/04/2025,CUST00149,Divya Khan,PROD0005,,Electronics,Laptops,East,Odisha,Bhubaneswar,26028.03,2,0.2,20291.9,5736.13,Debit Card
ORD0012251,2025-04-17,CUST00686,Amit Nair,PROD0086,Binder Item 86,Office Supplies,Binders,East,West Bengal,Kolkata,15789.39,4,0.25,14790.6,998.79,Credit Card
ORD0011342,2025-04-13,CUST00226,Rajesh Rao,PROD0014,Headphone Item 14,Electronics,Headphones,South,Tamil Nadu,Chennai,8702.6,1,0.2,8299.92,402.68,Credit Card
